"Activity Date","Process Date","Settle Date","Instrument","Description","Trans Code","Quantity","Price","Amount"
"4/30/2026","4/30/2026","4/30/2026","SPY","Manufactured Div: R/D 2026-03-20 P/D 2026-04-30 - 100 shares at 1.796999","MDIV","","","$179.70"
"4/27/2026","4/27/2026","4/28/2026","ONDS","ONDS 5/1/2026 Call $11.50","STO","10","$0.15","$149.56"
"4/27/2026","4/27/2026","4/28/2026","QBTS","QBTS 5/1/2026 Call $21.00","STO","5","$0.16","$79.77"
"4/27/2026","4/27/2026","4/28/2026","WULF","WULF 5/1/2026 Call $22.00","STO","5","$0.45","$224.77"
"4/27/2026","4/27/2026","4/28/2026","SPY","SPY 5/1/2026 Call $722.00","STO","1","$2.17","$216.94"
"4/27/2026","4/27/2026","4/27/2026","","Aggregated Margin Rate","MINT","","","($325.88)"
"4/24/2026","4/24/2026","4/27/2026","CRML","Option Expiration for CRML 4/24/2026 Put $10.00","OEXP","10","",""
"4/24/2026","4/24/2026","4/27/2026","SPY","Option Expiration for SPY 4/24/2026 Call $720.00","OEXP","1","",""
"4/24/2026","4/24/2026","4/27/2026","WULF","Option Expiration for WULF 4/24/2026 Call $22.00","OEXP","5","",""
"4/24/2026","4/24/2026","4/27/2026","QBTS","Option Expiration for QBTS 4/24/2026 Call $22.50","OEXP","5","",""
"4/24/2026","4/24/2026","4/27/2026","ONDS","Option Expiration for ONDS 4/24/2026 Call $11.00","OEXP","10","",""
"4/23/2026","4/23/2026","4/23/2026","RYLD","Manufactured Div: R/D 2026-04-20 P/D 2026-04-23 - 600 shares at 0.1566","MDIV","","","$93.96"
"4/23/2026","4/23/2026","4/23/2026","QYLD","Manufactured Div: R/D 2026-04-20 P/D 2026-04-23 - 433 shares at 0.1789","MDIV","","","$77.46"
"4/23/2026","4/23/2026","4/23/2026","QYLD","Cash Div: R/D 2026-04-20 P/D 2026-04-23 - 167 shares at 0.1789","CDIV","","","$29.88"
"4/17/2026","4/17/2026","4/20/2026","CRML","CRML 4/24/2026 Put $10.00","STO","3","$0.15","$44.86"
"4/17/2026","4/17/2026","4/20/2026","CRML","CRML 4/24/2026 Put $10.00","STO","2","$0.15","$29.90"
"4/17/2026","4/17/2026","4/20/2026","CRML","CRML 4/24/2026 Put $10.00","STO","5","$0.10","$49.77"
"4/17/2026","4/17/2026","4/20/2026","WULF","WULF 4/24/2026 Call $22.00","STO","1","$0.39","$38.94"
"4/17/2026","4/17/2026","4/20/2026","WULF","WULF 4/24/2026 Call $22.00","STO","1","$0.39","$38.94"
"4/17/2026","4/17/2026","4/20/2026","WULF","WULF 4/24/2026 Call $22.00","STO","1","$0.39","$38.94"
"4/17/2026","4/17/2026","4/20/2026","WULF","WULF 4/24/2026 Call $22.00","STO","1","$0.39","$38.94"
"4/17/2026","4/17/2026","4/20/2026","WULF","WULF 4/24/2026 Call $22.00","STO","1","$0.39","$38.94"
"4/17/2026","4/17/2026","4/20/2026","WULF","WULF 4/17/2026 Call $20.00","BTC","5","$0.37","($185.20)"
"4/17/2026","4/17/2026","4/20/2026","SPY","SPY 4/24/2026 Call $720.00","STO","1","$1.73","$172.94"
"4/17/2026","4/17/2026","4/20/2026","SPY","SPY 4/17/2026 Call $690.00","BTC","1","$22.00","($2,200.04)"
"4/17/2026","4/17/2026","4/20/2026","QBTS","QBTS 4/24/2026 Call $22.50","STO","5","$0.91","$454.77"
"4/17/2026","4/17/2026","4/20/2026","QBTS","QBTS 4/17/2026 Call $16.00","BTC","3","$5.85","($1,755.12)"
"4/17/2026","4/17/2026","4/20/2026","QBTS","QBTS 4/17/2026 Call $16.00","BTC","2","$5.85","($1,170.08)"
"4/17/2026","4/17/2026","4/20/2026","ONDS","ONDS 4/24/2026 Call $11.00","STO","6","$0.22","$131.73"
"4/17/2026","4/17/2026","4/20/2026","ONDS","ONDS 4/24/2026 Call $11.00","STO","1","$0.22","$21.94"
"4/17/2026","4/17/2026","4/20/2026","ONDS","ONDS 4/24/2026 Call $11.00","STO","1","$0.22","$21.94"
"4/17/2026","4/17/2026","4/20/2026","ONDS","ONDS 4/24/2026 Call $11.00","STO","1","$0.22","$21.94"
"4/17/2026","4/17/2026","4/20/2026","ONDS","ONDS 4/24/2026 Call $11.00","STO","1","$0.22","$21.94"
"4/17/2026","4/17/2026","4/20/2026","ONDS","ONDS 4/17/2026 Call $10.00","BTC","10","$0.24","($240.40)"
"4/13/2026","4/13/2026","4/14/2026","SPY","SPY 4/17/2026 Call $690.00","STO","1","$1.28","$127.94"
"4/13/2026","4/13/2026","4/14/2026","QBTS","QBTS 4/17/2026 Call $16.00","STO","5","$0.10","$49.77"
"4/13/2026","4/13/2026","4/14/2026","ONDS","ONDS 4/17/2026 Call $10.00","STO","1","$0.14","$13.94"
"4/13/2026","4/13/2026","4/14/2026","ONDS","ONDS 4/17/2026 Call $10.00","STO","7","$0.14","$97.69"
"4/13/2026","4/13/2026","4/14/2026","ONDS","ONDS 4/17/2026 Call $10.00","STO","1","$0.14","$13.94"
"4/13/2026","4/13/2026","4/14/2026","ONDS","ONDS 4/17/2026 Call $10.00","STO","1","$0.14","$13.94"
"4/10/2026","4/10/2026","4/13/2026","QBTS","Option Expiration for QBTS 4/10/2026 Call $16.50","OEXP","5","",""
"4/10/2026","4/10/2026","4/13/2026","ONDS","Option Expiration for ONDS 4/10/2026 Call $11.00","OEXP","10","",""
"4/10/2026","4/10/2026","4/13/2026","WULF","WULF 4/17/2026 Call $20.00","STO","5","$0.64","$319.77"
"4/10/2026","4/10/2026","4/13/2026","SPY","SPY 4/10/2026 Call $670.00","BTC","1","$8.94","($894.04)"
"4/10/2026","4/10/2026","4/13/2026","WULF","WULF 4/10/2026 Call $17.50","BTC","5","$1.84","($920.20)"
"4/6/2026","4/6/2026","4/6/2026","JEPQ","Manufactured Div: R/D 2026-04-01 P/D 2026-04-06 - 200 shares at 0.5586","MDIV","","","$111.72"
"4/6/2026","4/6/2026","4/6/2026","JEPI","Manufactured Div: R/D 2026-04-01 P/D 2026-04-06 - 83 shares at 0.4205","MDIV","","","$34.90"
"4/6/2026","4/6/2026","4/6/2026","JEPI","Cash Div: R/D 2026-04-01 P/D 2026-04-06 - 17 shares at 0.4205","CDIV","","","$7.15"
"4/6/2026","4/6/2026","4/7/2026","SPY","SPY 4/10/2026 Call $670.00","STO","1","$1.21","$120.94"
"4/1/2026","4/1/2026","4/2/2026","ONDS","ONDS 4/10/2026 Call $11.00","STO","10","$0.10","$99.57"
"4/1/2026","4/1/2026","4/2/2026","QBTS","QBTS 4/10/2026 Call $16.50","STO","5","$0.20","$99.78"
"4/1/2026","4/1/2026","4/2/2026","WULF","WULF 4/10/2026 Call $17.50","STO","5","$0.20","$99.78"
"3/27/2026","3/27/2026","3/30/2026","SPY","Option Expiration for SPY 3/27/2026 Call $674.00","OEXP","1","",""
"3/27/2026","3/27/2026","3/30/2026","ONDS","Option Expiration for ONDS 3/27/2026 Call $11.00","OEXP","10","",""
"3/27/2026","3/27/2026","3/30/2026","WULF","Option Expiration for WULF 3/27/2026 Call $17.00","OEXP","5","",""
"3/27/2026","3/27/2026","3/30/2026","QBTS","Option Expiration for QBTS 3/27/2026 Call $16.50","OEXP","5","",""
"3/26/2026","3/26/2026","3/26/2026","RYLD","Manufactured Div: R/D 2026-03-23 P/D 2026-03-26 - 600 shares at 0.1475","MDIV","","","$88.50"
"3/26/2026","3/26/2026","3/26/2026","QYLD","Cash Div: R/D 2026-03-23 P/D 2026-03-26 - 600 shares at 0.1715","CDIV","","","$102.90"
"3/26/2026","3/26/2026","3/26/2026","","Aggregated Margin Rate","MINT","","","($287.97)"
"3/23/2026","3/23/2026","3/24/2026","SPY","SPY 3/27/2026 Call $674.00","STO","1","$1.36","$135.95"
"3/23/2026","3/23/2026","3/24/2026","ONDS","ONDS 3/27/2026 Call $11.00","STO","10","$0.38","$379.57"
"3/23/2026","3/23/2026","3/24/2026","QBTS","QBTS 3/27/2026 Call $16.50","STO","5","$0.38","$189.78"
"3/23/2026","3/23/2026","3/24/2026","WULF","WULF 3/27/2026 Call $17.00","STO","5","$0.37","$184.78"
"3/20/2026","3/20/2026","3/23/2026","ONDS","Option Expiration for ONDS 3/20/2026 Call $11.50","OEXP","10","",""
"3/20/2026","3/20/2026","3/23/2026","SPY","Option Expiration for SPY 3/20/2026 Call $680.00","OEXP","1","",""
"3/20/2026","3/20/2026","3/23/2026","WULF","Option Expiration for WULF 3/20/2026 Call $17.00","OEXP","5","",""
"3/20/2026","3/20/2026","3/23/2026","QBTS","QBTS 3/20/2026 Put $16.50","OASGN","5","",""
"3/20/2026","3/20/2026","3/23/2026","QBTS","D-Wave Quantum
CUSIP: 26740W109
5 QBTS Options Assigned","Buy","500","$16.50","($8,250.00)"
"3/16/2026","3/16/2026","3/17/2026","QBTS","QBTS 3/20/2026 Put $16.50","STO","5","$0.36","$179.78"
"3/16/2026","3/16/2026","3/17/2026","SPY","SPY 3/20/2026 Call $680.00","STO","1","$1.91","$190.95"
"3/16/2026","3/16/2026","3/17/2026","WULF","WULF 3/20/2026 Call $17.00","STO","4","$0.34","$135.83"
"3/16/2026","3/16/2026","3/17/2026","WULF","WULF 3/20/2026 Call $17.00","STO","1","$0.32","$31.95"
"3/16/2026","3/16/2026","3/17/2026","ONDS","ONDS 3/20/2026 Call $11.50","STO","10","$0.33","$329.57"
"3/13/2026","3/13/2026","3/16/2026","QBTS","Option Expiration for QBTS 3/13/2026 Put $17.00","OEXP","5","",""
"3/13/2026","3/13/2026","3/16/2026","ONDS","Option Expiration for ONDS 3/13/2026 Call $11.00","OEXP","10","",""
"3/13/2026","3/13/2026","3/16/2026","SPY","Option Expiration for SPY 3/13/2026 Call $690.00","OEXP","1","",""
"3/13/2026","3/13/2026","3/16/2026","WULF","Option Expiration for WULF 3/13/2026 Call $15.50","OEXP","5","",""
"3/10/2026","3/10/2026","3/11/2026","SPY","SPY 3/13/2026 Call $690.00","STO","1","$1.34","$133.95"
"3/9/2026","3/9/2026","3/10/2026","QBTS","QBTS 3/13/2026 Put $17.00","STO","5","$0.41","$204.78"
"3/9/2026","3/9/2026","3/10/2026","ONDS","ONDS 3/13/2026 Call $11.00","STO","10","$0.16","$159.57"
"3/9/2026","3/9/2026","3/10/2026","WULF","WULF 3/13/2026 Call $15.50","STO","2","$0.15","$29.91"
"3/9/2026","3/9/2026","3/10/2026","WULF","WULF 3/13/2026 Call $15.50","STO","1","$0.15","$14.95"
"3/9/2026","3/9/2026","3/10/2026","WULF","WULF 3/13/2026 Call $15.50","STO","2","$0.15","$29.91"
"3/6/2026","3/6/2026","3/9/2026","ONDS","Option Expiration for ONDS 3/6/2026 Call $11.50","OEXP","10","",""
"3/6/2026","3/6/2026","3/9/2026","WULF","Option Expiration for WULF 3/6/2026 Call $17.50","OEXP","5","",""
"3/6/2026","3/6/2026","3/9/2026","QBTS","Option Expiration for QBTS 3/6/2026 Put $17.00","OEXP","6","",""
"3/6/2026","3/6/2026","3/9/2026","SPY","Option Expiration for SPY 3/6/2026 Call $692.00","OEXP","1","",""
"3/4/2026","3/4/2026","3/4/2026","JEPI","Cash Div: R/D 2026-03-02 P/D 2026-03-04 - 100 shares at 0.35134","CDIV","","","$35.13"
"3/4/2026","3/4/2026","3/4/2026","JEPQ","Manufactured Div: R/D 2026-03-02 P/D 2026-03-04 - 200 shares at 0.509","MDIV","","","$101.80"
"3/2/2026","3/2/2026","3/3/2026","ONDS","ONDS 3/6/2026 Call $11.50","STO","10","$0.55","$549.57"
"3/2/2026","3/2/2026","3/3/2026","ONDS","Ondas Inc.
CUSIP: 68236H204","Buy","1000","$11.07","($11,070.00)"
"3/2/2026","3/2/2026","3/3/2026","SPY","SPY 3/6/2026 Call $692.00","STO","1","$1.93","$192.95"
"3/2/2026","3/2/2026","3/3/2026","WULF","WULF 3/6/2026 Call $17.50","STO","2","$0.34","$67.91"
"3/2/2026","3/2/2026","3/3/2026","WULF","WULF 3/6/2026 Call $17.50","STO","3","$0.34","$101.87"
"2/27/2026","2/27/2026","3/2/2026","WULF","Option Expiration for WULF 2/27/2026 Call $21.00","OEXP","5","",""
"2/27/2026","2/27/2026","3/2/2026","SPY","Option Expiration for SPY 2/27/2026 Call $692.00","OEXP","1","",""
"2/27/2026","2/27/2026","3/2/2026","QBTS","QBTS 3/6/2026 Put $17.00","STO","5","$0.48","$239.78"
"2/27/2026","2/27/2026","3/2/2026","QBTS","QBTS 3/6/2026 Put $17.00","STO","1","$0.48","$47.95"
"2/26/2026","2/26/2026","2/26/2026","RYLD","Manufactured Div: R/D 2026-02-23 P/D 2026-02-26 - 600 shares at 0.1584","MDIV","","","$95.04"
"2/26/2026","2/26/2026","2/26/2026","QYLD","Manufactured Div: R/D 2026-02-23 P/D 2026-02-26 - 481 shares at 0.1771","MDIV","","","$85.19"
"2/26/2026","2/26/2026","2/26/2026","QYLD","Cash Div: R/D 2026-02-23 P/D 2026-02-26 - 119 shares at 0.1771","CDIV","","","$21.07"
"2/26/2026","2/26/2026","2/27/2026","QBTS","QBTS 2/27/2026 Put $16.00","BTC","7","$0.01","($7.28)"
"2/26/2026","2/26/2026","2/27/2026","RGTI","RGTI 2/27/2026 Put $14.00","BTC","5","$0.01","($5.20)"
"2/25/2026","2/25/2026","2/26/2026","WULF","WULF 2/27/2026 Call $21.00","STO","3","$0.25","$74.87"
"2/25/2026","2/25/2026","2/26/2026","WULF","WULF 2/27/2026 Call $21.00","STO","2","$0.25","$49.91"
"2/25/2026","2/25/2026","2/26/2026","WULF","TeraWulf
CUSIP: 88080T104","Buy","500","$18.12","($9,057.50)"
"2/24/2026","2/24/2026","2/24/2026","","Aggregated Margin Rate","MINT","","","($437.83)"
"2/23/2026","2/23/2026","2/24/2026","SPY","SPY 2/27/2026 Call $692.00","STO","1","$2.02","$201.95"
"2/23/2026","2/23/2026","2/24/2026","RGTI","RGTI 2/27/2026 Put $14.00","STO","5","$0.16","$79.78"
"2/23/2026","2/23/2026","2/24/2026","QBTS","QBTS 2/27/2026 Put $16.00","STO","5","$0.39","$194.78"
"2/23/2026","2/23/2026","2/24/2026","QBTS","QBTS 2/27/2026 Put $16.00","STO","2","$0.40","$79.91"
"2/23/2026","2/23/2026","2/24/2026","QQQ","Invesco QQQ
CUSIP: 46090E103","Sell","100","$603.71","$60,371.00"
"2/20/2026","2/20/2026","2/23/2026","JEPQ","Option Expiration for JEPQ 2/20/2026 Call $60.00","OEXP","2","",""
"2/20/2026","2/20/2026","2/23/2026","QQQ","Option Expiration for QQQ 2/20/2026 Call $611.00","OEXP","1","",""
"2/20/2026","2/20/2026","2/23/2026","SPY","SPY 2/20/2026 Call $689.00","BTC","1","$0.28","($28.04)"
"2/17/2026","2/17/2026","2/18/2026","QQQ","QQQ 2/20/2026 Call $611.00","STO","1","$2.15","$214.95"
"2/17/2026","2/17/2026","2/18/2026","SPY","SPY 2/20/2026 Call $689.00","STO","1","$2.31","$230.95"
"2/13/2026","2/13/2026","2/17/2026","QQQ","Option Expiration for QQQ 2/13/2026 Call $618.00","OEXP","1","",""
"2/13/2026","2/13/2026","2/17/2026","SPY","Option Expiration for SPY 2/13/2026 Call $698.00","OEXP","1","",""
"2/9/2026","2/9/2026","2/10/2026","SPY","SPY 2/13/2026 Call $698.00","STO","1","$2.07","$206.95"
"2/9/2026","2/9/2026","2/10/2026","QQQ","QQQ 2/13/2026 Call $618.00","STO","1","$2.96","$295.95"
"2/6/2026","2/6/2026","2/9/2026","SPY","Option Expiration for SPY 2/6/2026 Call $700.00","OEXP","1","",""
"2/6/2026","2/6/2026","2/9/2026","QQQ","Option Expiration for QQQ 2/6/2026 Call $633.00","OEXP","1","",""
"2/4/2026","2/4/2026","2/4/2026","JEPQ","Cash Div: R/D 2026-02-02 P/D 2026-02-04 - 10 shares at 0.46572","CDIV","","","$4.65"
"2/4/2026","2/4/2026","2/4/2026","JEPQ","Manufactured Div: R/D 2026-02-02 P/D 2026-02-04 - 190 shares at 0.46572","MDIV","","","$88.49"
"2/4/2026","2/4/2026","2/4/2026","JEPI","Manufactured Div: R/D 2026-02-02 P/D 2026-02-04 - 100 shares at 0.34443","MDIV","","","$34.44"
"2/2/2026","2/2/2026","2/3/2026","","ACH Withdrawal","ACH","","","($2,000.00)"
"2/2/2026","2/2/2026","2/3/2026","SPY","SPY 2/6/2026 Call $700.00","STO","1","$2.04","$203.95"
"2/2/2026","2/2/2026","2/3/2026","QQQ","QQQ 2/6/2026 Call $633.00","STO","1","$2.60","$259.95"
"2/2/2026","2/2/2026","2/2/2026","","Event Contracts Inter-Entity Cash Transfer","FUTSWP","","","($456.52)"
"1/30/2026","1/30/2026","2/2/2026","SPY","Option Expiration for SPY 1/30/2026 Call $695.00","OEXP","1","",""
"1/30/2026","1/30/2026","1/30/2026","SPY","Manufactured Div: R/D 2025-12-19 P/D 2026-01-30 - 100 shares at 1.993368","MDIV","","","$199.34"
"1/30/2026","1/30/2026","2/2/2026","QQQ","QQQ 1/30/2026 Call $625.00","BTC","1","$2.65","($265.04)"
"1/26/2026","1/26/2026","1/26/2026","","Aggregated Margin Rate","MINT","","","($436.04)"
"1/23/2026","1/23/2026","1/23/2026","QYLD","Manufactured Div: R/D 2026-01-20 P/D 2026-01-23 - 600 shares at 0.1786","MDIV","","","$107.16"
"1/23/2026","1/23/2026","1/23/2026","RYLD","Manufactured Div: R/D 2026-01-20 P/D 2026-01-23 - 600 shares at 0.1573","MDIV","","","$94.38"
"1/22/2026","1/22/2026","1/23/2026","SPY","SPY 1/30/2026 Call $695.00","STO","1","$2.66","$265.95"
"1/22/2026","1/22/2026","1/23/2026","SPY","SPY 1/23/2026 Call $689.00","BTC","1","$2.02","($202.04)"
"1/22/2026","1/22/2026","1/23/2026","QQQ","QQQ 1/30/2026 Call $625.00","STO","1","$4.55","$454.95"
"1/22/2026","1/22/2026","1/23/2026","QQQ","QQQ 1/23/2026 Call $621.00","BTC","1","$2.01","($201.04)"
"1/21/2026","1/21/2026","1/21/2026","","Event Contracts Inter-Entity Cash Transfer","FUTSWP","","","($85.00)"
"1/20/2026","1/20/2026","1/21/2026","QQQ","QQQ 1/23/2026 Call $621.00","STO","1","$2.19","$218.95"
"1/20/2026","1/20/2026","1/21/2026","SPY","SPY 1/23/2026 Call $689.00","STO","1","$1.99","$198.95"
"1/20/2026","1/20/2026","1/20/2026","","Event Contracts Inter-Entity Cash Transfer","FUTSWP","","","($137.62)"
"1/16/2026","1/16/2026","1/20/2026","SPY","Option Expiration for SPY 1/16/2026 Call $698.00","OEXP","1","",""
"1/16/2026","1/16/2026","1/20/2026","QQQ","Option Expiration for QQQ 1/16/2026 Call $630.00","OEXP","1","",""
"1/16/2026","1/16/2026","1/16/2026","","Event Contracts Inter-Entity Cash Transfer","FUTSWP","","","$100.00"
"1/15/2026","1/15/2026","1/15/2026","","Event Contracts Inter-Entity Cash Transfer","FUTSWP","","","($70.00)"
"1/14/2026","1/14/2026","1/14/2026","","Event Contracts Inter-Entity Cash Transfer","FUTSWP","","","$120.00"
"1/13/2026","1/13/2026","1/13/2026","","Event Contracts Inter-Entity Cash Transfer","FUTSWP","","","($12.00)"
"1/12/2026","1/12/2026","1/12/2026","","Event Contracts Inter-Entity Cash Transfer","FUTSWP","","","($220.90)"
"1/9/2026","1/9/2026","1/12/2026","QQQ","QQQ 1/16/2026 Call $630.00","STO","1","$2.87","$286.95"
"1/9/2026","1/9/2026","1/12/2026","QQQ","QQQ 1/9/2026 Call $625.00","BTC","1","$1.15","($115.04)"
"1/9/2026","1/9/2026","1/12/2026","SPY","SPY 1/16/2026 Call $698.00","STO","1","$2.06","$205.95"
"1/9/2026","1/9/2026","1/12/2026","SPY","SPY 1/9/2026 Call $693.00","BTC","1","$1.22","($122.04)"
"1/9/2026","1/9/2026","1/12/2026","JEPQ","JEPQ 2/20/2026 Call $60.00","STO","2","$0.37","$73.91"
"1/9/2026","1/9/2026","1/12/2026","JEPQ","JEPQ 1/16/2026 Call $59.00","BTC","2","$0.38","($76.08)"
"1/9/2026","1/9/2026","1/9/2026","","Event Contracts Inter-Entity Cash Transfer","FUTSWP","","","$56.00"
"1/8/2026","1/8/2026","1/8/2026","","Event Contracts Inter-Entity Cash Transfer","FUTSWP","","","$46.00"
"1/5/2026","1/5/2026","1/5/2026","JEPQ","Manufactured Div: R/D 2025-12-31 P/D 2026-01-05 - 187 shares at 0.5761","MDIV","","","$107.73"
"1/5/2026","1/5/2026","1/5/2026","JEPQ","Cash Div: R/D 2025-12-31 P/D 2026-01-05 - 13 shares at 0.5761","CDIV","","","$7.49"
"1/5/2026","1/5/2026","1/5/2026","JEPI","Cash Div: R/D 2025-12-31 P/D 2026-01-05 - 2 shares at 0.42709","CDIV","","","$0.86"
"1/5/2026","1/5/2026","1/5/2026","JEPI","Manufactured Div: R/D 2025-12-31 P/D 2026-01-05 - 98 shares at 0.42709","MDIV","","","$41.85"
"1/5/2026","1/5/2026","1/6/2026","QQQ","QQQ 1/9/2026 Call $625.00","STO","1","$2.22","$221.95"
"1/5/2026","1/5/2026","1/6/2026","SPY","SPY 1/9/2026 Call $693.00","STO","1","$1.54","$153.95"
"1/5/2026","1/5/2026","1/5/2026","","Event Contracts Inter-Entity Cash Transfer","FUTSWP","","","$70.00"
"1/2/2026","1/2/2026","1/5/2026","QQQ","Option Expiration for QQQ 1/2/2026 Call $629.00","OEXP","1","",""
"1/2/2026","1/2/2026","1/5/2026","SPY","Option Expiration for SPY 1/2/2026 Call $694.00","OEXP","1","",""
"1/2/2026","1/2/2026","1/2/2026","","Event Contracts Inter-Entity Cash Transfer","FUTSWP","","","$24.00"
"12/31/2025","12/31/2025","12/31/2025","QQQ","Manufactured Div: R/D 2025-12-22 P/D 2025-12-31 - 100 shares at 0.79408","MDIV","","","$79.41"
"12/31/2025","12/31/2025","12/31/2025","","Event Contracts Inter-Entity Cash Transfer","FUTSWP","","","$9.00"
"12/30/2025","12/30/2025","12/30/2025","QYLD","Manufactured Div: R/D 2025-12-22 P/D 2025-12-30 - 600 shares at 0.1779","MDIV","","","$106.74"
"12/30/2025","12/30/2025","12/30/2025","RYLD","Manufactured Div: R/D 2025-12-22 P/D 2025-12-30 - 301 shares at 0.1551","MDIV","","","$46.69"
"12/30/2025","12/30/2025","12/30/2025","RYLD","Cash Div: R/D 2025-12-22 P/D 2025-12-30 - 299 shares at 0.1551","CDIV","","","$46.37"
"12/29/2025","12/29/2025","12/29/2025","","Event Contracts Inter-Entity Cash Transfer","FUTSWP","","","($20.00)"
"12/29/2025","12/29/2025","12/29/2025","","Event Contracts Inter-Entity Cash Transfer","FUTSWP","","","$343.55"
"12/26/2025","12/26/2025","12/29/2025","SPY","SPY 1/2/2026 Call $694.00","STO","1","$1.19","$118.97"
"12/26/2025","12/26/2025","12/29/2025","QQQ","QQQ 1/2/2026 Call $629.00","STO","1","$1.56","$155.97"
"12/26/2025","12/26/2025","12/29/2025","QQQ","QQQ 12/26/2025 Call $622.00","BTC","1","$2.48","($248.02)"
"12/26/2025","12/26/2025","12/29/2025","SPY","SPY 12/26/2025 Call $685.00","BTC","1","$5.46","($546.02)"
"12/26/2025","12/26/2025","12/26/2025","","Aggregated Margin Rate","MINT","","","($451.18)"
"12/24/2025","12/24/2025","12/24/2025","","Event Contracts Inter-Entity Cash Transfer","FUTSWP","","","($41.00)"
"12/22/2025","12/22/2025","12/22/2025","","Event Contracts Inter-Entity Cash Transfer","FUTSWP","","","$31.00"
"12/19/2025","12/19/2025","12/22/2025","JEPI","Option Expiration for JEPI 12/19/2025 Call $58.00","OEXP","1","",""
"12/19/2025","12/19/2025","12/22/2025","QQQ","QQQ 12/26/2025 Call $622.00","STO","1","$1.68","$167.97"
"12/19/2025","12/19/2025","12/22/2025","QQQ","QQQ 12/19/2025 Call $624.00","BTC","1","$0.01","($1.02)"
"12/19/2025","12/19/2025","12/22/2025","SPY","SPY 12/26/2025 Call $685.00","STO","1","$1.44","$143.97"
"12/19/2025","12/19/2025","12/22/2025","SPY","SPY 12/19/2025 Call $689.00","BTC","1","$0.01","($1.02)"
"12/19/2025","12/19/2025","12/22/2025","JEPQ","JEPQ 1/16/2026 Call $59.00","STO","2","$0.40","$79.95"
"12/19/2025","12/19/2025","12/22/2025","JEPQ","JEPQ 12/19/2025 Call $58.00","BTC","1","$0.60","($60.02)"
"12/19/2025","12/19/2025","12/22/2025","JEPQ","JEPQ 12/19/2025 Call $58.00","BTC","1","$0.60","($60.02)"
"12/19/2025","12/19/2025","12/19/2025","","Event Contracts Inter-Entity Cash Transfer","FUTSWP","","","($82.00)"
"12/15/2025","12/15/2025","12/16/2025","QQQ","QQQ 12/19/2025 Call $624.00","STO","1","$2.51","$250.97"
"12/15/2025","12/15/2025","12/16/2025","SPY","SPY 12/19/2025 Call $689.00","STO","1","$2.05","$204.97"
"12/12/2025","12/12/2025","12/15/2025","QQQ","Option Expiration for QQQ 12/12/2025 Call $633.00","OEXP","1","",""
"12/12/2025","12/12/2025","12/15/2025","SPY","Option Expiration for SPY 12/12/2025 Call $692.00","OEXP","1","",""
"12/5/2025","12/5/2025","12/8/2025","QQQ","QQQ 12/12/2025 Call $633.00","STO","1","$3.87","$386.97"
"12/5/2025","12/5/2025","12/8/2025","QQQ","QQQ 12/5/2025 Call $624.00","BTC","1","$4.17","($417.02)"
"12/5/2025","12/5/2025","12/8/2025","SPY","SPY 12/12/2025 Call $692.00","STO","1","$2.59","$258.97"
"12/5/2025","12/5/2025","12/8/2025","SPY","SPY 12/5/2025 Call $690.00","BTC","1","$0.16","($16.02)"
"12/3/2025","12/3/2025","12/3/2025","JEPI","Manufactured Div: R/D 2025-12-01 P/D 2025-12-03 - 100 shares at 0.3706","MDIV","","","$37.06"
"12/3/2025","12/3/2025","12/3/2025","JEPQ","Manufactured Div: R/D 2025-12-01 P/D 2025-12-03 - 195 shares at 0.55323","MDIV","","","$107.88"
"12/3/2025","12/3/2025","12/3/2025","JEPQ","Cash Div: R/D 2025-12-01 P/D 2025-12-03 - 5 shares at 0.55323","CDIV","","","$2.77"
"12/2/2025","12/2/2025","12/2/2025","RYLD","Manufactured Div: R/D 2025-11-24 P/D 2025-12-02 - 600 shares at 0.1518","MDIV","","","$91.08"
"12/2/2025","12/2/2025","12/2/2025","QYLD","Manufactured Div: R/D 2025-11-24 P/D 2025-12-02 - 600 shares at 0.1728","MDIV","","","$103.68"
"12/1/2025","12/1/2025","12/1/2025","","Event Contracts Inter-Entity Cash Transfer","FUTSWP","","","$106.65"
"11/26/2025","11/26/2025","11/28/2025","SPY","SPY 12/5/2025 Call $690.00","STO","1","$1.37","$136.95"
"11/26/2025","11/26/2025","11/28/2025","SPY","SPY 11/28/2025 Call $673.00","BTC","1","$8.71","($871.04)"
"11/26/2025","11/26/2025","11/28/2025","QQQ","QQQ 12/5/2025 Call $624.00","STO","1","$2.73","$272.95"
"11/26/2025","11/26/2025","11/28/2025","QQQ","QQQ 11/28/2025 Call $604.00","BTC","1","$12.05","($1,205.04)"
"11/26/2025","11/26/2025","11/26/2025","","Aggregated Margin Rate","MINT","","","($325.72)"
"11/24/2025","11/24/2025","11/25/2025","JEPI","JEPI 12/19/2025 Call $58.00","STO","1","$0.06","$5.95"
"11/24/2025","11/24/2025","11/25/2025","JEPQ","JEPQ 12/19/2025 Call $58.00","STO","1","$0.40","$39.95"
"11/24/2025","11/24/2025","11/25/2025","JEPQ","JEPQ 12/19/2025 Call $58.00","STO","1","$0.40","$39.95"
"11/24/2025","11/24/2025","11/24/2025","","Event Contracts Inter-Entity Cash Transfer","FUTSWP","","","($30.89)"
"11/21/2025","11/21/2025","11/24/2025","JEPI","Option Expiration for JEPI 11/21/2025 Call $58.00","OEXP","1","",""
"11/21/2025","11/21/2025","11/24/2025","JEPQ","Option Expiration for JEPQ 11/21/2025 Call $58.00","OEXP","2","",""
"11/21/2025","11/21/2025","11/21/2025","BABO","Cash Div: R/D 2025-11-20 P/D 2025-11-21 - 97 shares at 0.1279","CDIV","","","$12.41"
"11/21/2025","11/21/2025","11/21/2025","BABO","Manufactured Div: R/D 2025-11-20 P/D 2025-11-21 - 3 shares at 0.1279","MDIV","","","$0.38"
"11/21/2025","11/21/2025","11/21/2025","DRAY","Manufactured Div: R/D 2025-11-20 P/D 2025-11-21 - 19 shares at 0.5482","MDIV","","","$10.42"
"11/21/2025","11/21/2025","11/21/2025","DRAY","Cash Div: R/D 2025-11-20 P/D 2025-11-21 - 81 shares at 0.5482","CDIV","","","$44.40"
"11/21/2025","11/21/2025","11/21/2025","HOOY","Cash Div: R/D 2025-11-20 P/D 2025-11-21 - 34 shares at 0.7904","CDIV","","","$26.87"
"11/21/2025","11/21/2025","11/21/2025","HOOY","Manufactured Div: R/D 2025-11-20 P/D 2025-11-21 - 66 shares at 0.7904","MDIV","","","$52.17"
"11/21/2025","11/21/2025","11/21/2025","ABNY","Cash Div: R/D 2025-11-20 P/D 2025-11-21 - 100 shares at 0.1074","CDIV","","","$10.74"
"11/21/2025","11/21/2025","11/21/2025","TSLY","Manufactured Div: R/D 2025-11-20 P/D 2025-11-21 - 1000 shares at 0.0887","MDIV","","","$88.70"
"11/21/2025","11/21/2025","11/21/2025","AMDY","Manufactured Div: R/D 2025-11-20 P/D 2025-11-21 - 100 shares at 0.1795","MDIV","","","$17.95"
"11/21/2025","11/21/2025","11/21/2025","MARO","Cash Div: R/D 2025-11-20 P/D 2025-11-21 - 100 shares at 0.217","CDIV","","","$21.70"
"11/21/2025","11/21/2025","11/21/2025","SMCY","Manufactured Div: R/D 2025-11-20 P/D 2025-11-21 - 100 shares at 0.1946","MDIV","","","$19.46"
"11/21/2025","11/21/2025","11/21/2025","CONY","Manufactured Div: R/D 2025-11-20 P/D 2025-11-21 - 82 shares at 0.0635","MDIV","","","$5.21"
"11/21/2025","11/21/2025","11/21/2025","CONY","Cash Div: R/D 2025-11-20 P/D 2025-11-21 - 18 shares at 0.0635","CDIV","","","$1.14"
"11/21/2025","11/21/2025","11/21/2025","RDYY","Cash Div: R/D 2025-11-20 P/D 2025-11-21 - 73 shares at 0.5267","CDIV","","","$38.45"
"11/21/2025","11/21/2025","11/21/2025","RDYY","Manufactured Div: R/D 2025-11-20 P/D 2025-11-21 - 27 shares at 0.5267","MDIV","","","$14.22"
"11/21/2025","11/21/2025","11/21/2025","GOOY","Cash Div: R/D 2025-11-20 P/D 2025-11-21 - 99 shares at 0.0999","CDIV","","","$9.89"
"11/21/2025","11/21/2025","11/21/2025","GOOY","Manufactured Div: R/D 2025-11-20 P/D 2025-11-21 - 1 shares at 0.0999","MDIV","","","$0.10"
"11/21/2025","11/21/2025","11/21/2025","RBLY","Cash Div: R/D 2025-11-20 P/D 2025-11-21 - 100 shares at 0.4139","CDIV","","","$41.39"
"11/21/2025","11/21/2025","11/21/2025","TSMY","Manufactured Div: R/D 2025-11-20 P/D 2025-11-21 - 8 shares at 0.1092","MDIV","","","$0.87"
"11/21/2025","11/21/2025","11/21/2025","TSMY","Cash Div: R/D 2025-11-20 P/D 2025-11-21 - 92 shares at 0.1092","CDIV","","","$10.05"
"11/21/2025","11/21/2025","11/21/2025","MSTY","Cash Div: R/D 2025-11-20 P/D 2025-11-21 - 10 shares at 0.1475","CDIV","","","$1.47"
"11/21/2025","11/21/2025","11/21/2025","MSTY","Manufactured Div: R/D 2025-11-20 P/D 2025-11-21 - 90 shares at 0.1475","MDIV","","","$13.28"
"11/21/2025","11/21/2025","11/24/2025","SPY","SPY 11/28/2025 Call $673.00","STO","1","$2.16","$215.95"
"11/21/2025","11/21/2025","11/24/2025","SPY","SPDR S&P 500 ETF Trust
CUSIP: 78462F103","Buy","100","$662.35","($66,235.00)"
"11/21/2025","11/21/2025","11/24/2025","SPYI","NEOS S&P 500 High Income ETF
CUSIP: 78433H303","Sell","200","$51.65","$10,328.99"
"11/21/2025","11/21/2025","11/24/2025","HOOY","YieldMax HOOD Option Income Strategy ETF
CUSIP: 88636R404","Sell","100","$49.15","$4,914.76"
"11/21/2025","11/21/2025","11/24/2025","TSLY","YieldMax TSLA Option Income Strategy ETF
CUSIP: 88636J444","Sell","1000","$7.38","$7,374.91"
"11/21/2025","11/21/2025","11/24/2025","YMAG","YieldMax Magnificent 7 Fund of Option Income ETFs
CUSIP: 88636J642","Sell","100","$14.22","$1,422.48"
"11/21/2025","11/21/2025","11/24/2025","GOOY","YieldMax GOOGL Option Income Strategy ETF
CUSIP: 88634T790","Sell","100","$14.75","$1,475.22"
"11/21/2025","11/21/2025","11/24/2025","YMAX","YieldMax Universe Fund of Option Income ETFs
CUSIP: 88636J659","Sell","100","$10.26","$1,025.49"
"11/21/2025","11/21/2025","11/24/2025","RBLY","YieldMax RBLX Option Income Strategy ETF
CUSIP: 88636R883","Sell","100","$33.44","$3,343.98"
"11/21/2025","11/21/2025","11/24/2025","RDYY","YieldMax RDDT Option Income Strategy ETF
CUSIP: 88636V421","Sell","100","$35.35","$3,534.99"
"11/21/2025","11/21/2025","11/24/2025","DRAY","YieldMax DKNG Option Income Strategy ETF
CUSIP: 88636R305","Sell","100","$30.90","$3,090.48"
"11/21/2025","11/21/2025","11/24/2025","TSMY","YieldMax TSM Option Income Strategy ETF
CUSIP: 88636R859","Sell","100","$15.00","$1,499.98"
"11/21/2025","11/21/2025","11/24/2025","BABO","YieldMax BABA Option Income Strategy ETF
CUSIP: 88636R107","Sell","100","$13.98","$1,397.98"
"11/21/2025","11/21/2025","11/24/2025","MARO","YieldMax MARA Option Income Strategy ETF
CUSIP: 88636R602","Sell","100","$9.15","$914.78"
"11/21/2025","11/21/2025","11/24/2025","SMCY","YieldMax SMCI Option Income Strategy ETF
CUSIP: 88636R867","Sell","100","$9.21","$921.07"
"11/21/2025","11/21/2025","11/24/2025","MSTY","YieldMax MSTR Option Income Strategy ETF
CUSIP: 88634T493","Sell","100","$6.98","$697.48"
"11/21/2025","11/21/2025","11/24/2025","AMDY","YieldMax AMD Option Income Strategy ETF
CUSIP: 88634T477","Sell","100","$7.60","$759.48"
"11/21/2025","11/21/2025","11/24/2025","ABNY","YieldMax ABNB Option Income Strategy ETF
CUSIP: 88634T485","Sell","100","$8.74","$873.98"
"11/21/2025","11/21/2025","11/24/2025","CONY","YieldMax COIN Option Income Strategy ETF
CUSIP: 88634T824","Sell","100","$4.43","$443.36"
"11/21/2025","11/21/2025","11/24/2025","QQQ","QQQ 11/28/2025 Call $604.00","STO","1","$3.08","$307.95"
"11/21/2025","11/21/2025","11/24/2025","QQQ","QQQ 11/21/2025 Call $618.00","BTC","1","$0.02","($2.04)"
"11/20/2025","11/20/2025","11/20/2025","YMAG","Manufactured Div: R/D 2025-11-19 P/D 2025-11-20 - 69 shares at 0.0941","MDIV","","","$6.49"
"11/20/2025","11/20/2025","11/20/2025","YMAG","Cash Div: R/D 2025-11-19 P/D 2025-11-20 - 31 shares at 0.0941","CDIV","","","$2.92"
"11/20/2025","11/20/2025","11/20/2025","YMAX","Manufactured Div: R/D 2025-11-19 P/D 2025-11-20 - 100 shares at 0.1301","MDIV","","","$13.01"
"11/19/2025","11/19/2025","11/19/2025","","Event Contracts Inter-Entity Cash Transfer","FUTSWP","","","$42.00"
"11/18/2025","11/18/2025","11/18/2025","","Event Contracts Inter-Entity Cash Transfer","FUTSWP","","","$19.00"
"11/17/2025","11/17/2025","11/18/2025","QQQ","QQQ 11/21/2025 Call $618.00","STO","1","$2.99","$298.95"
"11/17/2025","11/17/2025","11/17/2025","","Event Contracts Inter-Entity Cash Transfer","FUTSWP","","","($4.00)"
"11/14/2025","11/14/2025","11/17/2025","QQQ","Option Expiration for QQQ 11/14/2025 Call $629.00","OEXP","1","",""
"11/14/2025","11/14/2025","11/14/2025","RDYY","Manufactured Div: R/D 2025-11-13 P/D 2025-11-14 - 1 shares at 0.6223","MDIV","","","$0.62"
"11/14/2025","11/14/2025","11/14/2025","RDYY","Cash Div: R/D 2025-11-13 P/D 2025-11-14 - 99 shares at 0.6223","CDIV","","","$61.61"
"11/14/2025","11/14/2025","11/14/2025","MSTY","Manufactured Div: R/D 2025-11-13 P/D 2025-11-14 - 100 shares at 0.162","MDIV","","","$16.20"
"11/14/2025","11/14/2025","11/14/2025","HOOY","Cash Div: R/D 2025-11-13 P/D 2025-11-14 - 16 shares at 0.9205","CDIV","","","$14.73"
"11/14/2025","11/14/2025","11/14/2025","HOOY","Manufactured Div: R/D 2025-11-13 P/D 2025-11-14 - 84 shares at 0.9205","MDIV","","","$77.32"
"11/14/2025","11/14/2025","11/14/2025","GOOY","Cash Div: R/D 2025-11-13 P/D 2025-11-14 - 44 shares at 0.0939","CDIV","","","$4.13"
"11/14/2025","11/14/2025","11/14/2025","GOOY","Manufactured Div: R/D 2025-11-13 P/D 2025-11-14 - 56 shares at 0.0939","MDIV","","","$5.26"
"11/14/2025","11/14/2025","11/14/2025","BABO","Cash Div: R/D 2025-11-13 P/D 2025-11-14 - 100 shares at 0.1369","CDIV","","","$13.69"
"11/14/2025","11/14/2025","11/14/2025","ABNY","Cash Div: R/D 2025-11-13 P/D 2025-11-14 - 100 shares at 0.0911","CDIV","","","$9.11"
"11/14/2025","11/14/2025","11/14/2025","MARO","Cash Div: R/D 2025-11-13 P/D 2025-11-14 - 92 shares at 0.2666","CDIV","","","$24.53"
"11/14/2025","11/14/2025","11/14/2025","MARO","Manufactured Div: R/D 2025-11-13 P/D 2025-11-14 - 8 shares at 0.2666","MDIV","","","$2.13"
"11/14/2025","11/14/2025","11/14/2025","AMDY","Manufactured Div: R/D 2025-11-13 P/D 2025-11-14 - 100 shares at 0.1467","MDIV","","","$14.67"
"11/14/2025","11/14/2025","11/14/2025","TSLY","Manufactured Div: R/D 2025-11-13 P/D 2025-11-14 - 1000 shares at 0.0964","MDIV","","","$96.40"
"11/14/2025","11/14/2025","11/14/2025","RBLY","Cash Div: R/D 2025-11-13 P/D 2025-11-14 - 100 shares at 0.4166","CDIV","","","$41.66"
"11/14/2025","11/14/2025","11/14/2025","CONY","Manufactured Div: R/D 2025-11-13 P/D 2025-11-14 - 100 shares at 0.0832","MDIV","","","$8.32"
"11/14/2025","11/14/2025","11/14/2025","DRAY","Cash Div: R/D 2025-11-13 P/D 2025-11-14 - 100 shares at 0.4556","CDIV","","","$45.56"
"11/14/2025","11/14/2025","11/14/2025","SMCY","Manufactured Div: R/D 2025-11-13 P/D 2025-11-14 - 100 shares at 0.217","MDIV","","","$21.70"
"11/14/2025","11/14/2025","11/14/2025","TSMY","Manufactured Div: R/D 2025-11-13 P/D 2025-11-14 - 23 shares at 0.1403","MDIV","","","$3.23"
"11/14/2025","11/14/2025","11/14/2025","TSMY","Cash Div: R/D 2025-11-13 P/D 2025-11-14 - 77 shares at 0.1403","CDIV","","","$10.80"
"11/14/2025","11/14/2025","11/17/2025","SPYI","NEOS S&P 500 High Income ETF
CUSIP: 78433H303","Buy","200","$52.46","($10,491.80)"
"11/14/2025","11/14/2025","11/17/2025","RYLD","Global X Russell 2000 Covered Call
CUSIP: 37954Y459","Buy","600","$15.28","($9,171.01)"
"11/14/2025","11/14/2025","11/17/2025","QYLD","Global X Funds Global X NASDAQ-100 Covered Call ETF
CUSIP: 37954Y483","Buy","600","$17.46","($10,473.01)"
"11/13/2025","11/13/2025","11/13/2025","YMAX","Manufactured Div: R/D 2025-11-12 P/D 2025-11-13 - 94 shares at 0.1506","MDIV","","","$14.16"
"11/13/2025","11/13/2025","11/13/2025","YMAX","Cash Div: R/D 2025-11-12 P/D 2025-11-13 - 6 shares at 0.1506","CDIV","","","$0.90"
"11/13/2025","11/13/2025","11/13/2025","YMAG","Manufactured Div: R/D 2025-11-12 P/D 2025-11-13 - 84 shares at 0.1741","MDIV","","","$14.62"
"11/13/2025","11/13/2025","11/13/2025","YMAG","Cash Div: R/D 2025-11-12 P/D 2025-11-13 - 16 shares at 0.1741","CDIV","","","$2.79"
"11/11/2025","11/11/2025","11/11/2025","","Gold Plan Credit","GMPC","","","$24.79"
"11/10/2025","11/10/2025","11/12/2025","QQQ","QQQ 11/14/2025 Call $629.00","STO","1","$2.02","$201.95"
"11/7/2025","11/7/2025","11/10/2025","QQQ","Option Expiration for QQQ 11/7/2025 Call $645.00","OEXP","1","",""
"11/7/2025","11/7/2025","11/7/2025","ABNY","Manufactured Div: R/D 2025-11-06 P/D 2025-11-07 - 58 shares at 0.0584","MDIV","","","$3.39"
"11/7/2025","11/7/2025","11/7/2025","ABNY","Cash Div: R/D 2025-11-06 P/D 2025-11-07 - 42 shares at 0.0584","CDIV","","","$2.45"
"11/7/2025","11/7/2025","11/7/2025","TSLY","Cash Div: R/D 2025-11-06 P/D 2025-11-07 - 1000 shares at 0.147","CDIV","","","$147.00"
"11/7/2025","11/7/2025","11/7/2025","CONY","Cash Div: R/D 2025-11-06 P/D 2025-11-07 - 7 shares at 0.0887","CDIV","","","$0.62"
"11/7/2025","11/7/2025","11/7/2025","CONY","Manufactured Div: R/D 2025-11-06 P/D 2025-11-07 - 93 shares at 0.0887","MDIV","","","$8.25"
"11/7/2025","11/7/2025","11/7/2025","MSTY","Cash Div: R/D 2025-11-06 P/D 2025-11-07 - 100 shares at 0.1688","CDIV","","","$16.88"
"11/7/2025","11/7/2025","11/7/2025","BABO","Manufactured Div: R/D 2025-11-06 P/D 2025-11-07 - 4 shares at 0.15","MDIV","","","$0.60"
"11/7/2025","11/7/2025","11/7/2025","BABO","Cash Div: R/D 2025-11-06 P/D 2025-11-07 - 96 shares at 0.15","CDIV","","","$14.40"
"11/7/2025","11/7/2025","11/7/2025","GOOY","Cash Div: R/D 2025-11-06 P/D 2025-11-07 - 74 shares at 0.2802","CDIV","","","$20.73"
"11/7/2025","11/7/2025","11/7/2025","GOOY","Manufactured Div: R/D 2025-11-06 P/D 2025-11-07 - 26 shares at 0.2802","MDIV","","","$7.29"
"11/7/2025","11/7/2025","11/7/2025","RDYY","Cash Div: R/D 2025-11-06 P/D 2025-11-07 - 100 shares at 0.5982","CDIV","","","$59.82"
"11/7/2025","11/7/2025","11/7/2025","SMCY","Cash Div: R/D 2025-11-06 P/D 2025-11-07 - 100 shares at 0.3329","CDIV","","","$33.29"
"11/7/2025","11/7/2025","11/7/2025","TSMY","Cash Div: R/D 2025-11-06 P/D 2025-11-07 - 61 shares at 0.1728","CDIV","","","$10.54"
"11/7/2025","11/7/2025","11/7/2025","TSMY","Manufactured Div: R/D 2025-11-06 P/D 2025-11-07 - 39 shares at 0.1728","MDIV","","","$6.74"
"11/7/2025","11/7/2025","11/7/2025","HOOY","Cash Div: R/D 2025-11-06 P/D 2025-11-07 - 28 shares at 1.2566","CDIV","","","$35.18"
"11/7/2025","11/7/2025","11/7/2025","HOOY","Manufactured Div: R/D 2025-11-06 P/D 2025-11-07 - 72 shares at 1.2566","MDIV","","","$90.48"
"11/7/2025","11/7/2025","11/7/2025","DRAY","Manufactured Div: R/D 2025-11-06 P/D 2025-11-07 - 52 shares at 0.3653","MDIV","","","$19.00"
"11/7/2025","11/7/2025","11/7/2025","DRAY","Cash Div: R/D 2025-11-06 P/D 2025-11-07 - 48 shares at 0.3653","CDIV","","","$17.53"
"11/7/2025","11/7/2025","11/7/2025","MARO","Cash Div: R/D 2025-11-06 P/D 2025-11-07 - 71 shares at 0.2948","CDIV","","","$20.93"
"11/7/2025","11/7/2025","11/7/2025","MARO","Manufactured Div: R/D 2025-11-06 P/D 2025-11-07 - 29 shares at 0.2948","MDIV","","","$8.55"
"11/7/2025","11/7/2025","11/7/2025","RBLY","Cash Div: R/D 2025-11-06 P/D 2025-11-07 - 100 shares at 0.4612","CDIV","","","$46.12"
"11/7/2025","11/7/2025","11/7/2025","AMDY","Manufactured Div: R/D 2025-11-06 P/D 2025-11-07 - 100 shares at 0.1207","MDIV","","","$12.07"
"11/6/2025","11/6/2025","11/6/2025","YMAG","Cash Div: R/D 2025-11-05 P/D 2025-11-06 - 60 shares at 0.1319","CDIV","","","$7.91"
"11/6/2025","11/6/2025","11/6/2025","YMAG","Manufactured Div: R/D 2025-11-05 P/D 2025-11-06 - 40 shares at 0.1319","MDIV","","","$5.28"
"11/6/2025","11/6/2025","11/6/2025","YMAX","Manufactured Div: R/D 2025-11-05 P/D 2025-11-06 - 90 shares at 0.1743","MDIV","","","$15.69"
"11/6/2025","11/6/2025","11/6/2025","YMAX","Cash Div: R/D 2025-11-05 P/D 2025-11-06 - 10 shares at 0.1743","CDIV","","","$1.74"
"11/5/2025","11/5/2025","11/5/2025","JEPI","Manufactured Div: R/D 2025-11-03 P/D 2025-11-05 - 100 shares at 0.34636","MDIV","","","$34.64"
"11/5/2025","11/5/2025","11/5/2025","JEPQ","Cash Div: R/D 2025-11-03 P/D 2025-11-05 - 32 shares at 0.47553","CDIV","","","$15.22"
"11/5/2025","11/5/2025","11/5/2025","JEPQ","Manufactured Div: R/D 2025-11-03 P/D 2025-11-05 - 168 shares at 0.47553","MDIV","","","$79.89"
"10/31/2025","10/31/2025","10/31/2025","CONY","Cash Div: R/D 2025-10-30 P/D 2025-10-31 - 100 shares at 0.1345","CDIV","","","$13.45"
"10/31/2025","10/31/2025","10/31/2025","RBLY","Manufactured Div: R/D 2025-10-30 P/D 2025-10-31 - 1 shares at 0.5097","MDIV","","","$0.51"
"10/31/2025","10/31/2025","10/31/2025","RBLY","Cash Div: R/D 2025-10-30 P/D 2025-10-31 - 99 shares at 0.5097","CDIV","","","$50.46"
"10/31/2025","10/31/2025","10/31/2025","DRAY","Manufactured Div: R/D 2025-10-30 P/D 2025-10-31 - 59 shares at 0.3332","MDIV","","","$19.66"
"10/31/2025","10/31/2025","10/31/2025","ABNY","Cash Div: R/D 2025-10-30 P/D 2025-10-31 - 100 shares at 0.1058","CDIV","","","$10.58"
"10/31/2025","10/31/2025","10/31/2025","DRAY","Cash Div: R/D 2025-10-30 P/D 2025-10-31 - 41 shares at 0.3332","CDIV","","","$13.66"
"10/31/2025","10/31/2025","10/31/2025","BABO","Cash Div: R/D 2025-10-30 P/D 2025-10-31 - 100 shares at 0.2557","CDIV","","","$25.57"
"10/31/2025","10/31/2025","10/31/2025","AMDY","Manufactured Div: R/D 2025-10-30 P/D 2025-10-31 - 87 shares at 0.2321","MDIV","","","$20.19"
"10/31/2025","10/31/2025","10/31/2025","AMDY","Cash Div: R/D 2025-10-30 P/D 2025-10-31 - 13 shares at 0.2321","CDIV","","","$3.02"
"10/31/2025","10/31/2025","10/31/2025","GOOY","Manufactured Div: R/D 2025-10-30 P/D 2025-10-31 - 100 shares at 0.1383","MDIV","","","$13.83"
"10/31/2025","10/31/2025","10/31/2025","SMCY","Cash Div: R/D 2025-10-30 P/D 2025-10-31 - 100 shares at 0.2586","CDIV","","","$25.86"
"10/31/2025","10/31/2025","10/31/2025","TSMY","Manufactured Div: R/D 2025-10-30 P/D 2025-10-31 - 100 shares at 0.1572","MDIV","","","$15.72"
"10/31/2025","10/31/2025","10/31/2025","TSLY","Cash Div: R/D 2025-10-30 P/D 2025-10-31 - 1000 shares at 0.1128","CDIV","","","$112.80"
"10/31/2025","10/31/2025","10/31/2025","RDYY","Manufactured Div: R/D 2025-10-30 P/D 2025-10-31 - 3 shares at 1.0308","MDIV","","","$3.09"
"10/31/2025","10/31/2025","10/31/2025","RDYY","Cash Div: R/D 2025-10-30 P/D 2025-10-31 - 97 shares at 1.0308","CDIV","","","$99.99"
"10/31/2025","10/31/2025","10/31/2025","HOOY","Cash Div: R/D 2025-10-30 P/D 2025-10-31 - 100 shares at 1.3433","CDIV","","","$134.33"
"10/31/2025","10/31/2025","10/31/2025","MARO","Manufactured Div: R/D 2025-10-30 P/D 2025-10-31 - 31 shares at 0.3376","MDIV","","","$10.47"
"10/31/2025","10/31/2025","10/31/2025","MARO","Cash Div: R/D 2025-10-30 P/D 2025-10-31 - 69 shares at 0.3376","CDIV","","","$23.29"
"10/31/2025","10/31/2025","10/31/2025","MSTY","Cash Div: R/D 2025-10-30 P/D 2025-10-31 - 100 shares at 0.1924","CDIV","","","$19.24"
"10/30/2025","10/30/2025","10/30/2025","YMAG","Cash Div: R/D 2025-10-29 P/D 2025-10-30 - 54 shares at 0.1346","CDIV","","","$7.27"
"10/30/2025","10/30/2025","10/30/2025","YMAG","Manufactured Div: R/D 2025-10-29 P/D 2025-10-30 - 46 shares at 0.1346","MDIV","","","$6.19"
"10/30/2025","10/30/2025","10/30/2025","YMAX","Cash Div: R/D 2025-10-29 P/D 2025-10-30 - 7 shares at 0.1939","CDIV","","","$1.36"
"10/30/2025","10/30/2025","10/30/2025","YMAX","Manufactured Div: R/D 2025-10-29 P/D 2025-10-30 - 93 shares at 0.1939","MDIV","","","$18.03"
"10/29/2025","10/29/2025","10/30/2025","QQQ","QQQ 11/7/2025 Call $645.00","STO","1","$4.26","$425.95"
"10/29/2025","10/29/2025","10/30/2025","QQQ","QQQ 10/31/2025 Call $624.00","BTC","1","$13.47","($1,347.04)"
"10/27/2025","10/27/2025","10/27/2025","RYLD","Manufactured Div: R/D 2025-10-20 P/D 2025-10-27 - 800 shares at 0.1525","MDIV","","","$122.00"
"10/27/2025","10/27/2025","10/27/2025","QYLD","Cash Div: R/D 2025-10-20 P/D 2025-10-27 - 800 shares at 0.1731","CDIV","","","$138.48"
"10/27/2025","10/27/2025","10/27/2025","","Aggregated Margin Rate","MINT","","","($253.13)"
"10/24/2025","10/24/2025","10/24/2025","HOOY","Manufactured Div: R/D 2025-10-23 P/D 2025-10-24 - 30 shares at 0.7304","MDIV","","","$21.91"
"10/24/2025","10/24/2025","10/24/2025","HOOY","Cash Div: R/D 2025-10-23 P/D 2025-10-24 - 70 shares at 0.7304","CDIV","","","$51.13"
"10/24/2025","10/24/2025","10/24/2025","HIYY","Cash Div: R/D 2025-10-23 P/D 2025-10-24 - 12 shares at 0.6267","CDIV","","","$7.52"
"10/24/2025","10/24/2025","10/24/2025","HIYY","Manufactured Div: R/D 2025-10-23 P/D 2025-10-24 - 88 shares at 0.6267","MDIV","","","$55.15"
"10/24/2025","10/24/2025","10/24/2025","AMDY","Manufactured Div: R/D 2025-10-23 P/D 2025-10-24 - 100 shares at 0.19","MDIV","","","$19.00"
"10/24/2025","10/24/2025","10/24/2025","TSLY","Cash Div: R/D 2025-10-23 P/D 2025-10-24 - 1000 shares at 0.1652","CDIV","","","$165.20"
"10/24/2025","10/24/2025","10/24/2025","MSTY","Cash Div: R/D 2025-10-23 P/D 2025-10-24 - 100 shares at 0.2122","CDIV","","","$21.22"
"10/24/2025","10/24/2025","10/24/2025","SMCY","Cash Div: R/D 2025-10-23 P/D 2025-10-24 - 100 shares at 0.2425","CDIV","","","$24.25"
"10/24/2025","10/24/2025","10/24/2025","CONY","Cash Div: R/D 2025-10-23 P/D 2025-10-24 - 100 shares at 0.0932","CDIV","","","$9.32"
"10/24/2025","10/24/2025","10/24/2025","CRCO","Cash Div: R/D 2025-10-23 P/D 2025-10-24 - 39 shares at 0.8908","CDIV","","","$34.74"
"10/24/2025","10/24/2025","10/24/2025","CRCO","Manufactured Div: R/D 2025-10-23 P/D 2025-10-24 - 61 shares at 0.8908","MDIV","","","$54.34"
"10/24/2025","10/24/2025","10/27/2025","YMAX","YieldMax Universe Fund of Option Income ETFs
CUSIP: 88636J659","Buy","100","$12.40","($1,240.50)"
"10/24/2025","10/24/2025","10/27/2025","YMAG","YieldMax Magnificent 7 Fund of Option Income ETFs
CUSIP: 88636J642","Buy","100","$15.24","($1,524.00)"
"10/24/2025","10/24/2025","10/27/2025","RDYY","YieldMax RDDT Option Income Strategy ETF
CUSIP: 88636V421","Buy","100","$42.86","($4,286.00)"
"10/24/2025","10/24/2025","10/27/2025","GOOY","YieldMax GOOGL Option Income Strategy ETF
CUSIP: 88634T790","Buy","61","$13.92","($849.43)"
"10/24/2025","10/24/2025","10/27/2025","GOOY","YieldMax GOOGL Option Income Strategy ETF
CUSIP: 88634T790","Buy","39","$13.92","($543.08)"
"10/24/2025","10/24/2025","10/27/2025","ABNY","YieldMax ABNB Option Income Strategy ETF
CUSIP: 88634T485","Buy","100","$9.87","($987.00)"
"10/24/2025","10/24/2025","10/27/2025","RBLY","YieldMax RBLX Option Income Strategy ETF
CUSIP: 88636R883","Buy","100","$47.61","($4,760.99)"
"10/24/2025","10/24/2025","10/27/2025","BABO","YieldMax BABA Option Income Strategy ETF
CUSIP: 88636R107","Buy","100","$16.13","($1,613.00)"
"10/24/2025","10/24/2025","10/27/2025","DRAY","YieldMax DKNG Option Income Strategy ETF
CUSIP: 88636R305","Buy","100","$34.72","($3,472.00)"
"10/24/2025","10/24/2025","10/27/2025","TSMY","YieldMax TSM Option Income Strategy ETF
CUSIP: 88636R859","Buy","100","$16.45","($1,645.00)"
"10/24/2025","10/24/2025","10/27/2025","MARO","YieldMax MARA Option Income Strategy ETF
CUSIP: 88636R602","Buy","100","$17.50","($1,750.00)"
"10/24/2025","10/24/2025","10/27/2025","HIYY","YieldMax HIMS Option Income Strategy ETF
CUSIP: 88636V454","Sell","100","$40.55","$4,054.66"
"10/24/2025","10/24/2025","10/27/2025","CRCO","YieldMax CRCL Option Income Strategy ETF
CUSIP: 88636W866","Sell","100","$47.33","$4,732.98"
"10/24/2025","10/24/2025","10/27/2025","QQQ","QQQ 10/31/2025 Call $624.00","STO","1","$3.45","$344.95"
"10/24/2025","10/24/2025","10/27/2025","QQQ","QQQ 10/24/2025 Call $617.00","BTC","1","$1.52","($152.04)"
"10/22/2025","10/22/2025","10/22/2025","","August interest charge credit","MINT","","","$0.10"
"10/22/2025","10/22/2025","10/22/2025","","July interest charge credit","MINT","","","$0.06"
"10/21/2025","10/21/2025","10/22/2025","JEPI","JEPI 11/21/2025 Call $58.00","STO","1","$0.25","$24.95"
"10/21/2025","10/21/2025","10/22/2025","HIYY","YieldMax HIMS Option Income Strategy ETF
CUSIP: 88636V454","Buy","100","$42.09","($4,209.23)"
"10/21/2025","10/21/2025","10/22/2025","MSTY","YieldMax MSTR Option Income Strategy ETF
CUSIP: 88634T493","Buy","100","$12.24","($1,223.57)"
"10/21/2025","10/21/2025","10/22/2025","CRCO","YieldMax CRCL Option Income Strategy ETF
CUSIP: 88636W866","Buy","100","$45.74","($4,574.00)"
"10/21/2025","10/21/2025","10/22/2025","SMCY","YieldMax SMCI Option Income Strategy ETF
CUSIP: 88636R867","Buy","100","$16.05","($1,605.37)"
"10/21/2025","10/21/2025","10/22/2025","CONY","YieldMax COIN Option Income Strategy ETF
CUSIP: 88634T824","Buy","100","$6.46","($646.00)"
"10/21/2025","10/21/2025","10/22/2025","HOOY","YieldMax HOOD Option Income Strategy ETF
CUSIP: 88636R404","Buy","100","$66.25","($6,625.00)"
"10/21/2025","10/21/2025","10/22/2025","AMDY","YieldMax AMD Option Income Strategy ETF
CUSIP: 88634T477","Buy","100","$9.66","($966.50)"
"10/21/2025","10/21/2025","10/22/2025","SCHD","Schwab US Dividend Equity ETF
CUSIP: 808524797","Sell","400","$27.06","$10,825.29"
"10/21/2025","10/21/2025","10/22/2025","QYLD","Global X Funds Global X NASDAQ-100 Covered Call ETF
CUSIP: 37954Y483","Sell","800","$17.25","$13,802.73"
"10/21/2025","10/21/2025","10/22/2025","RYLD","Global X Russell 2000 Covered Call
CUSIP: 37954Y459","Sell","800","$15.36","$12,291.85"
"10/20/2025","10/20/2025","10/21/2025","QQQ","QQQ 10/24/2025 Call $617.00","STO","1","$2.32","$231.95"
"10/17/2025","10/17/2025","10/20/2025","JEPI","Option Expiration for JEPI 10/17/2025 Call $57.00","OEXP","1","",""
"10/17/2025","10/17/2025","10/20/2025","SCHD","Option Expiration for SCHD 10/17/2025 Call $28.00","OEXP","4","",""
"10/17/2025","10/17/2025","10/20/2025","TSLY","Option Expiration for TSLY 10/17/2025 Call $9.00","OEXP","10","",""
"10/17/2025","10/17/2025","10/20/2025","QQQ","Option Expiration for QQQ 10/17/2025 Call $608.00","OEXP","1","",""
"10/17/2025","10/17/2025","10/17/2025","TSLY","Cash Div: R/D 2025-10-16 P/D 2025-10-17 - 32 shares at 0.1938","CDIV","","","$6.20"
"10/17/2025","10/17/2025","10/17/2025","TSLY","Manufactured Div: R/D 2025-10-16 P/D 2025-10-17 - 968 shares at 0.1938","MDIV","","","$187.60"
"10/17/2025","10/17/2025","10/20/2025","JEPQ","JEPQ 11/21/2025 Call $58.00","STO","2","$0.68","$135.91"
"10/17/2025","10/17/2025","10/20/2025","JEPQ","JEPQ 10/17/2025 Call $57.00","BTC","2","$0.38","($76.08)"
"10/13/2025","10/13/2025","10/14/2025","QQQ","QQQ 10/17/2025 Call $608.00","STO","1","$2.54","$253.95"
"10/10/2025","10/10/2025","10/13/2025","QQQ","Option Expiration for QQQ 10/10/2025 Call $610.00","OEXP","1","",""
"10/3/2025","10/3/2025","10/3/2025","JEPQ","Cash Div: R/D 2025-10-01 P/D 2025-10-03 - 200 shares at 0.44612","CDIV","","","$89.22"
"10/3/2025","10/3/2025","10/3/2025","JEPI","Cash Div: R/D 2025-10-01 P/D 2025-10-03 - 100 shares at 0.36102","CDIV","","","$36.10"
"10/2/2025","10/2/2025","10/3/2025","QQQ","QQQ 10/10/2025 Call $610.00","STO","1","$2.77","$276.95"
"10/2/2025","10/2/2025","10/3/2025","QQQ","Invesco QQQ
CUSIP: 46090E103","Buy","100","$603.63","($60,362.64)"
"10/2/2025","10/2/2025","10/3/2025","TSLY","TSLY 10/17/2025 Call $9.00","STO","10","$0.22","$219.55"
"10/2/2025","10/2/2025","10/3/2025","TSLY","YieldMax TSLA Option Income Strategy ETF
CUSIP: 88636J444","Buy","10","$9.05","($90.50)"
"10/2/2025","10/2/2025","10/3/2025","TSLY","YieldMax TSLA Option Income Strategy ETF
CUSIP: 88636J444","Buy","90","$9.04","($813.60)"
"10/2/2025","10/2/2025","10/3/2025","TSLY","YieldMax TSLA Option Income Strategy ETF
CUSIP: 88636J444","Buy","90","$9.04","($813.60)"
"10/2/2025","10/2/2025","10/3/2025","TSLY","YieldMax TSLA Option Income Strategy ETF
CUSIP: 88636J444","Buy","90","$9.04","($813.60)"
"10/2/2025","10/2/2025","10/3/2025","TSLY","YieldMax TSLA Option Income Strategy ETF
CUSIP: 88636J444","Buy","90","$9.04","($813.60)"
"10/2/2025","10/2/2025","10/3/2025","TSLY","YieldMax TSLA Option Income Strategy ETF
CUSIP: 88636J444","Buy","90","$9.04","($813.60)"
"10/2/2025","10/2/2025","10/3/2025","TSLY","YieldMax TSLA Option Income Strategy ETF
CUSIP: 88636J444","Buy","90","$9.04","($813.60)"
"10/2/2025","10/2/2025","10/3/2025","TSLY","YieldMax TSLA Option Income Strategy ETF
CUSIP: 88636J444","Buy","90","$9.04","($813.60)"
"10/2/2025","10/2/2025","10/3/2025","TSLY","YieldMax TSLA Option Income Strategy ETF
CUSIP: 88636J444","Buy","90","$9.04","($813.60)"
"10/2/2025","10/2/2025","10/3/2025","TSLY","YieldMax TSLA Option Income Strategy ETF
CUSIP: 88636J444","Buy","90","$9.04","($813.60)"
"10/2/2025","10/2/2025","10/3/2025","TSLY","YieldMax TSLA Option Income Strategy ETF
CUSIP: 88636J444","Buy","90","$9.04","($813.60)"
"10/2/2025","10/2/2025","10/3/2025","TSLY","YieldMax TSLA Option Income Strategy ETF
CUSIP: 88636J444","Buy","90","$9.04","($813.60)"
"10/1/2025","10/1/2025","10/2/2025","TSLY","TSLY 10/17/2025 Call $9.00","OASGN","9","",""
"10/1/2025","10/1/2025","10/2/2025","TSLY","YieldMax TSLA Option Income Strategy ETF
CUSIP: 88636J444
9 TSLY Options Assigned","Sell","900","$9.00","$8,099.85"
"9/29/2025","9/29/2025","9/29/2025","SCHD","Cash Div: R/D 2025-09-24 P/D 2025-09-29 - 400 shares at 0.2604","CDIV","","","$104.16"
"9/29/2025","9/29/2025","9/29/2025","RYLD","Manufactured Div: R/D 2025-09-22 P/D 2025-09-29 - 800 shares at 0.1517","MDIV","","","$121.36"
"9/29/2025","9/29/2025","9/29/2025","QYLD","Cash Div: R/D 2025-09-22 P/D 2025-09-29 - 800 shares at 0.1704","CDIV","","","$136.32"
"9/29/2025","9/29/2025","9/29/2025","","Aggregated Margin Rate","MINT","","","($195.56)"
"9/22/2025","9/22/2025","9/23/2025","SCHD","SCHD 10/17/2025 Call $28.00","STO","3","$0.06","$17.87"
"9/22/2025","9/22/2025","9/23/2025","SCHD","SCHD 10/17/2025 Call $28.00","STO","1","$0.05","$4.95"
"9/22/2025","9/22/2025","9/23/2025","JEPI","JEPI 10/17/2025 Call $57.00","STO","1","$0.27","$26.95"
"9/19/2025","9/19/2025","9/22/2025","JEPI","Option Expiration for JEPI 9/19/2025 Call $57.00","OEXP","1","",""
"9/19/2025","9/19/2025","9/22/2025","TSLY","Option Expiration for TSLY 9/19/2025 Put $8.00","OEXP","1","",""
"9/19/2025","9/19/2025","9/22/2025","SCHD","Option Expiration for SCHD 9/19/2025 Call $28.00","OEXP","4","",""
"9/17/2025","9/17/2025","9/18/2025","RYLD","RYLD 9/19/2025 Call $15.00","BTC","4","$0.30","($120.16)"
"9/17/2025","9/17/2025","9/18/2025","RYLD","RYLD 9/19/2025 Call $15.00","BTC","1","$0.30","($30.04)"
"9/17/2025","9/17/2025","9/18/2025","RYLD","RYLD 9/19/2025 Call $15.00","BTC","1","$0.30","($30.04)"
"9/17/2025","9/17/2025","9/18/2025","RYLD","RYLD 9/19/2025 Call $15.00","BTC","2","$0.30","($60.08)"
"9/17/2025","9/17/2025","9/18/2025","JEPQ","JEPQ 10/17/2025 Call $57.00","STO","1","$0.55","$54.95"
"9/17/2025","9/17/2025","9/18/2025","JEPQ","JEPQ 10/17/2025 Call $57.00","STO","1","$0.55","$54.95"
"9/17/2025","9/17/2025","9/18/2025","JEPQ","JEPQ 9/19/2025 Call $56.00","BTC","1","$0.88","($88.04)"
"9/17/2025","9/17/2025","9/18/2025","JEPQ","JEPQ 9/19/2025 Call $56.00","BTC","1","$0.86","($86.04)"
"9/17/2025","9/17/2025","9/18/2025","TSLY","TSLY 10/17/2025 Call $9.00","STO","9","$0.21","$188.59"
"9/17/2025","9/17/2025","9/18/2025","TSLY","TSLY 9/19/2025 Call $8.00","BTC","4","$0.82","($328.16)"
"9/17/2025","9/17/2025","9/18/2025","TSLY","TSLY 9/19/2025 Call $8.00","BTC","5","$0.82","($410.21)"
"9/12/2025","9/12/2025","9/15/2025","QQQ","QQQ 9/12/2025 Call $580.00","OASGN","1","",""
"9/12/2025","9/12/2025","9/15/2025","QQQ","Invesco QQQ
CUSIP: 46090E103
1 QQQ Option Assigned","Sell","100","$580.00","$57,999.98"
"9/5/2025","9/5/2025","9/5/2025","TSLY","Cash Div: R/D 2025-09-04 P/D 2025-09-05 - 900 shares at 0.3926","CDIV","","","$353.34"
"9/5/2025","9/5/2025","9/8/2025","QQQ","QQQ 9/12/2025 Call $580.00","STO","1","$2.26","$225.95"
"9/5/2025","9/5/2025","9/8/2025","QQQ","QQQ 9/5/2025 Call $573.00","BTC","1","$1.41","($141.04)"
"9/4/2025","9/4/2025","9/4/2025","JEPI","Cash Div: R/D 2025-09-02 P/D 2025-09-04 - 100 shares at 0.36826","CDIV","","","$36.83"
"9/4/2025","9/4/2025","9/4/2025","JEPQ","Manufactured Div: R/D 2025-09-02 P/D 2025-09-04 - 129 shares at 0.44195","MDIV","","","$57.01"
"9/4/2025","9/4/2025","9/4/2025","JEPQ","Cash Div: R/D 2025-09-02 P/D 2025-09-04 - 71 shares at 0.44195","CDIV","","","$31.38"
"9/3/2025","9/3/2025","9/4/2025","TSLY","TSLY 9/19/2025 Put $8.00","STO","1","$0.50","$49.95"
"9/2/2025","9/2/2025","9/3/2025","TSLY","TSLY 9/19/2025 Call $8.00","OASGN","1","",""
"9/2/2025","9/2/2025","9/3/2025","TSLY","YieldMax TSLA Option Income Strategy ETF
CUSIP: 88636J444
1 TSLY Option Assigned","Sell","100","$8.00","$799.98"
"9/2/2025","9/2/2025","9/3/2025","QQQ","QQQ 9/5/2025 Call $573.00","STO","1","$1.61","$160.95"
"8/29/2025","8/29/2025","9/2/2025","QQQ","Option Expiration for QQQ 8/29/2025 Call $577.00","OEXP","1","",""
"8/29/2025","8/29/2025","8/29/2025","","Interest Payment","INT","","","$2.89"
"8/28/2025","8/28/2025","8/28/2025","","Aggregated Margin Rate","MINT","","","($203.41)"
"8/25/2025","8/25/2025","8/25/2025","RYLD","Cash Div: R/D 2025-08-18 P/D 2025-08-25 - 200 shares at 0.1506","CDIV","","","$30.12"
"8/25/2025","8/25/2025","8/26/2025","QQQ","QQQ 8/29/2025 Call $577.00","STO","1","$2.06","$205.95"
"8/22/2025","8/22/2025","8/25/2025","QQQ","Option Expiration for QQQ 8/22/2025 Call $583.00","OEXP","1","",""
"8/18/2025","8/18/2025","8/19/2025","QQQ","QQQ 8/22/2025 Call $583.00","STO","1","$1.40","$139.95"
"8/18/2025","8/18/2025","8/19/2025","SCHD","SCHD 9/19/2025 Call $28.00","STO","4","$0.11","$43.83"
"8/18/2025","8/18/2025","8/19/2025","TSLY","TSLY 9/19/2025 Call $8.00","STO","4","$0.12","$47.83"
"8/18/2025","8/18/2025","8/19/2025","TSLY","TSLY 9/19/2025 Call $8.00","STO","1","$0.12","$11.95"
"8/18/2025","8/18/2025","8/19/2025","TSLY","TSLY 9/19/2025 Call $8.00","STO","1","$0.12","$11.95"
"8/18/2025","8/18/2025","8/19/2025","TSLY","TSLY 9/19/2025 Call $8.00","STO","1","$0.12","$11.95"
"8/18/2025","8/18/2025","8/19/2025","TSLY","TSLY 9/19/2025 Call $8.00","STO","3","$0.12","$35.87"
"8/18/2025","8/18/2025","8/19/2025","RYLD","RYLD 9/19/2025 Call $15.00","STO","6","$0.10","$59.73"
"8/18/2025","8/18/2025","8/19/2025","JEPI","JEPI 9/19/2025 Call $57.00","STO","1","$0.26","$25.95"
"8/18/2025","8/18/2025","8/19/2025","RYLD","Global X Russell 2000 Covered Call
CUSIP: 37954Y459","Buy","600","$14.89","($8,931.92)"
"8/18/2025","8/18/2025","8/19/2025","TSLY","YieldMax TSLA Option Income Strategy ETF
CUSIP: 88636J444","Buy","800","$7.79","($6,229.06)"
"8/18/2025","8/18/2025","8/19/2025","QYLD","Global X Funds Global X NASDAQ-100 Covered Call ETF
CUSIP: 37954Y483","Buy","800","$16.68","($13,341.14)"
"8/18/2025","8/18/2025","8/19/2025","SCHD","Schwab US Dividend Equity ETF
CUSIP: 808524797","Buy","400","$27.32","($10,926.01)"
"8/18/2025","8/18/2025","8/19/2025","QQQ","Invesco QQQ
CUSIP: 46090E103","Buy","100","$576.74","($57,674.00)"
"8/15/2025","8/15/2025","8/18/2025","TSLY","Option Expiration for TSLY 8/15/2025 Call $9.00","OEXP","2","",""
"8/15/2025","8/15/2025","8/18/2025","JEPI","Option Expiration for JEPI 8/15/2025 Call $57.00","OEXP","1","",""
"8/15/2025","8/15/2025","8/18/2025","AIQ","AIQ 8/15/2025 Call $44.00","OASGN","1","",""
"8/15/2025","8/15/2025","8/18/2025","AIQ","Global X Funds Global X Artificial Intelligence & Technology
CUSIP: 37954Y632
1 AIQ Option Assigned","Sell","100","$44.00","$4,399.98"
"8/15/2025","8/15/2025","8/18/2025","QQQ","QQQ 8/15/2025 Call $577.00","OASGN","1","",""
"8/15/2025","8/15/2025","8/18/2025","QQQ","Invesco QQQ
CUSIP: 46090E103
1 QQQ Option Assigned","Sell","100","$577.00","$57,699.98"
"8/14/2025","8/14/2025","8/15/2025","JEPQ","JEPQ 9/19/2025 Call $56.00","STO","2","$0.43","$85.91"
"8/14/2025","8/14/2025","8/15/2025","JEPQ","JEPQ 8/15/2025 Call $55.00","BTC","1","$0.87","($87.04)"
"8/14/2025","8/14/2025","8/15/2025","JEPQ","JEPQ 8/15/2025 Call $55.00","BTC","1","$0.87","($87.04)"
"8/8/2025","8/8/2025","8/8/2025","TSLY","Cash Div: R/D 2025-08-07 P/D 2025-08-08 - 200 shares at 0.3005","CDIV","","","$60.10"
"8/8/2025","8/8/2025","8/11/2025","QQQ","QQQ 8/15/2025 Call $577.00","STO","1","$2.99","$298.95"
"8/8/2025","8/8/2025","8/11/2025","QQQ","QQQ 8/8/2025 Call $568.00","BTC","1","$5.50","($550.04)"
"8/6/2025","8/6/2025","8/7/2025","SPY","SPY 8/6/2025 Call $630.00","OASGN","1","",""
"8/6/2025","8/6/2025","8/7/2025","SPY","SPDR S&P 500 ETF Trust
CUSIP: 78462F103
1 SPY Option Assigned","Sell","100","$630.00","$62,999.98"
"8/5/2025","8/5/2025","8/5/2025","JEPI","Cash Div: R/D 2025-08-01 P/D 2025-08-05 - 100 shares at 0.35772","CDIV","","","$35.77"
"8/5/2025","8/5/2025","8/5/2025","JEPQ","Cash Div: R/D 2025-08-01 P/D 2025-08-05 - 200 shares at 0.44377","CDIV","","","$88.75"
"8/5/2025","8/5/2025","8/6/2025","SPY","SPY 8/6/2025 Call $630.00","STO","1","$1.25","$124.95"
"8/5/2025","8/5/2025","8/6/2025","SPY","SPDR S&P 500 ETF Trust
CUSIP: 78462F103","Buy","48","$628.21","($30,153.97)"
"8/5/2025","8/5/2025","8/6/2025","SPY","SPDR S&P 500 ETF Trust
CUSIP: 78462F103","Buy","52","$628.21","($32,666.81)"
"8/4/2025","8/4/2025","8/5/2025","QQQ","QQQ 8/8/2025 Call $568.00","STO","1","$2.22","$221.95"
"8/1/2025","8/1/2025","8/4/2025","QQQ","Option Expiration for QQQ 8/1/2025 Call $570.00","OEXP","1","",""
"7/31/2025","7/31/2025","7/31/2025","","Interest Payment","INT","","","$8.09"
"7/29/2025","7/29/2025","7/29/2025","","Aggregated Margin Rate","MINT","","","($125.34)"
"7/28/2025","7/28/2025","7/28/2025","RYLD","Cash Div: R/D 2025-07-21 P/D 2025-07-28 - 200 shares at 0.1498","CDIV","","","$29.96"
"7/25/2025","7/25/2025","7/28/2025","QQQ","QQQ 8/1/2025 Call $570.00","STO","1","$3.12","$311.95"
"7/25/2025","7/25/2025","7/28/2025","QQQ","QQQ 7/25/2025 Call $564.00","BTC","1","$2.74","($274.04)"
"7/22/2025","7/22/2025","7/23/2025","QQQ","QQQ 7/25/2025 Call $564.00","STO","1","$2.02","$201.95"
"7/22/2025","7/22/2025","7/23/2025","QQQ","Invesco QQQ
CUSIP: 46090E103","Buy","100","$560.90","($56,090.00)"
"7/21/2025","7/21/2025","7/22/2025","RYLD","RYLD 9/19/2025 Call $15.00","STO","1","$0.05","$4.95"
"7/21/2025","7/21/2025","7/22/2025","RYLD","RYLD 9/19/2025 Call $15.00","STO","1","$0.05","$4.95"
"7/21/2025","7/21/2025","7/22/2025","JEPQ","JEPQ 8/15/2025 Call $55.00","STO","1","$0.37","$36.95"
"7/21/2025","7/21/2025","7/22/2025","JEPQ","JEPQ 8/15/2025 Call $55.00","STO","1","$0.37","$36.95"
"7/18/2025","7/18/2025","7/21/2025","JEPQ","Option Expiration for JEPQ 7/18/2025 Call $55.00","OEXP","2","",""
"7/18/2025","7/18/2025","7/21/2025","QQQ","QQQ 7/18/2025 Call $560.00","OASGN","1","",""
"7/18/2025","7/18/2025","7/21/2025","QQQ","Invesco QQQ
CUSIP: 46090E103
1 QQQ Option Assigned","Sell","100","$560.00","$55,999.98"
"7/18/2025","7/18/2025","7/21/2025","TSLY","TSLY 8/15/2025 Call $9.00","STO","2","$0.05","$9.91"
"7/18/2025","7/18/2025","7/21/2025","TSLY","TSLY 7/18/2025 Call $8.00","BTC","2","$0.04","($8.08)"
"7/14/2025","7/14/2025","7/15/2025","AIQ","AIQ 8/15/2025 Call $44.00","STO","1","$0.56","$55.95"
"7/14/2025","7/14/2025","7/15/2025","QQQ","QQQ 7/18/2025 Call $560.00","STO","1","$1.60","$159.95"
"7/11/2025","7/11/2025","7/14/2025","QQQ","Option Expiration for QQQ 7/11/2025 Call $560.00","OEXP","1","",""
"7/11/2025","7/11/2025","7/11/2025","TSLY","Cash Div: R/D 2025-07-10 P/D 2025-07-11 - 200 shares at 0.3873","CDIV","","","$77.46"
"7/11/2025","7/11/2025","7/14/2025","JEPI","JEPI 8/15/2025 Call $57.00","STO","1","$0.41","$40.95"
"7/11/2025","7/11/2025","7/14/2025","JEPI","JEPI 7/18/2025 Call $56.00","BTC","1","$0.91","($91.04)"
"7/11/2025","7/11/2025","7/14/2025","AIQ","AIQ 7/18/2025 Call $43.00","BTC","1","$0.80","($80.04)"
"7/7/2025","7/7/2025","7/7/2025","AIQ","Cash Div: R/D 2025-06-27 P/D 2025-07-07 - 100 shares at 0.048733","CDIV","","","$4.87"
"7/7/2025","7/7/2025","7/8/2025","QQQ","QQQ 7/11/2025 Call $560.00","STO","1","$1.47","$146.95"
"7/7/2025","7/7/2025","7/8/2025","TSLY","TSLY 7/18/2025 Call $8.00","STO","2","$0.06","$11.91"
"7/7/2025","7/7/2025","7/8/2025","JEPQ","JEPQ 7/18/2025 Call $55.00","STO","1","$0.05","$4.95"
"7/7/2025","7/7/2025","7/8/2025","JEPQ","JEPQ 7/18/2025 Call $55.00","STO","1","$0.05","$4.95"
"7/7/2025","7/7/2025","7/8/2025","TSLY","YieldMax TSLA Option Income Strategy ETF
CUSIP: 88636J444","Buy","200","$7.65","($1,529.40)"
"7/7/2025","7/7/2025","7/8/2025","JEPQ","J.P. Morgan Exchange-Traded Fund Trust JPMorgan Nasdaq Equity Premium Income ETF
CUSIP: 46654Q203","Buy","200","$54.06","($10,811.96)"
"7/7/2025","7/7/2025","7/8/2025","RYLD","Global X Russell 2000 Covered Call
CUSIP: 37954Y459","Buy","200","$15.00","($2,999.42)"
"7/7/2025","7/7/2025","7/8/2025","QQQ","Invesco QQQ
CUSIP: 46090E103","Buy","100","$553.22","($55,321.50)"
"7/3/2025","7/3/2025","7/3/2025","JEPI","Cash Div: R/D 2025-07-01 P/D 2025-07-03 - 100 shares at 0.39953","CDIV","","","$39.95"
"7/3/2025","7/3/2025","7/7/2025","QQQ","QQQ 7/3/2025 Call $555.00","OASGN","1","",""
"7/3/2025","7/3/2025","7/7/2025","QQQ","Invesco QQQ
CUSIP: 46090E103
1 QQQ Option Assigned","Sell","100","$555.00","$55,499.98"
"7/3/2025","7/3/2025","7/7/2025","ARKK","ARKK 7/3/2025 Call $71.00","OASGN","1","",""
"7/3/2025","7/3/2025","7/7/2025","ARKK","ARK Innovation ETF
CUSIP: 00214Q104
1 ARKK Option Assigned","Sell","100","$71.00","$7,099.98"
"6/30/2025","6/30/2025","6/30/2025","","Interest Payment","INT","","","$71.38"
"6/30/2025","6/30/2025","7/1/2025","ARKK","ARKK 7/3/2025 Call $71.00","STO","1","$0.92","$91.95"
"6/30/2025","6/30/2025","7/1/2025","QQQ","QQQ 7/3/2025 Call $555.00","STO","1","$1.61","$160.95"
"6/30/2025","6/30/2025","7/1/2025","QQQ","Invesco QQQ
CUSIP: 46090E103","Buy","100","$550.04","($55,004.50)"
"6/30/2025","6/30/2025","6/30/2025","","Aggregated Margin Rate","MINT","","","($51.90)"
"6/27/2025","6/27/2025","6/30/2025","ARKK","Option Expiration for ARKK 6/27/2025 Call $71.00","OEXP","1","",""
"6/27/2025","6/27/2025","6/30/2025","SPY","SPY 6/27/2025 Call $604.00","OASGN","1","",""
"6/27/2025","6/27/2025","6/30/2025","SPY","SPDR S&P 500 ETF Trust
CUSIP: 78462F103
1 SPY Option Assigned","Sell","100","$604.00","$60,399.98"
"6/23/2025","6/23/2025","6/24/2025","AIQ","AIQ 7/18/2025 Call $43.00","STO","1","$0.25","$24.95"
"6/23/2025","6/23/2025","6/24/2025","JEPI","JEPI 7/18/2025 Call $56.00","STO","1","$0.40","$39.95"
"6/23/2025","6/23/2025","6/24/2025","ARKK","ARKK 6/27/2025 Call $71.00","STO","1","$0.91","$90.95"
"6/23/2025","6/23/2025","6/24/2025","SPY","SPY 6/27/2025 Call $604.00","STO","1","$1.58","$157.95"
"6/23/2025","6/23/2025","6/24/2025","AIQ","Global X Funds Global X Artificial Intelligence & Technology
CUSIP: 37954Y632","Buy","100","$41.78","($4,177.65)"
"6/23/2025","6/23/2025","6/24/2025","ARKK","ARK Innovation ETF
CUSIP: 00214Q104","Buy","100","$69.38","($6,938.50)"
"6/23/2025","6/23/2025","6/24/2025","JEPI","JPMorgan Equity Premium Income
CUSIP: 46641Q332","Buy","100","$55.96","($5,595.63)"
"6/23/2025","6/23/2025","6/24/2025","SPY","SPDR S&P 500 ETF Trust
CUSIP: 78462F103","Buy","100","$597.48","($59,747.50)"
"6/6/2025","6/6/2025","6/9/2025","SPY","SPY 6/6/2025 Call $595.00","OASGN","1","",""
"6/6/2025","6/6/2025","6/9/2025","SPY","SPDR S&P 500 ETF Trust
CUSIP: 78462F103
1 SPY Option Assigned","Sell","100","$595.00","$59,499.98"
"6/2/2025","6/2/2025","6/3/2025","SPY","SPY 6/6/2025 Call $595.00","STO","1","$2.55","$254.95"
"5/30/2025","5/30/2025","6/2/2025","SPY","Option Expiration for SPY 5/30/2025 Call $592.00","OEXP","1","",""
"5/30/2025","5/30/2025","5/30/2025","","Interest Payment","INT","","","$20.95"
"5/30/2025","5/30/2025","5/30/2025","","Aggregated Margin Rate","MINT","","","($62.60)"
"5/27/2025","5/27/2025","5/28/2025","SPY","SPY 5/30/2025 Call $592.00","STO","1","$2.23","$222.95"
"5/23/2025","5/23/2025","5/27/2025","SPY","Option Expiration for SPY 5/23/2025 Call $597.00","OEXP","1","",""
"5/16/2025","5/16/2025","5/19/2025","SPY","SPY 5/23/2025 Call $597.00","STO","1","$2.10","$209.95"
"5/16/2025","5/16/2025","5/19/2025","SPY","SPY 5/16/2025 Call $586.00","BTC","1","$5.43","($543.04)"
"5/13/2025","5/13/2025","5/13/2025","","Gold Plan Credit","GMPC","","","$2.83"
"5/13/2025","5/13/2025","5/13/2025","","Gold Subscription Fee","GOLD","","","($50.00)"
"5/12/2025","5/12/2025","5/13/2025","SPY","SPY 5/16/2025 Call $586.00","STO","1","$2.03","$202.94"
"5/9/2025","5/9/2025","5/12/2025","SPY","Option Expiration for SPY 5/9/2025 Call $572.00","OEXP","1","",""
"5/5/2025","5/5/2025","5/6/2025","SPY","SPY 5/9/2025 Call $572.00","STO","1","$2.20","$219.94"
"5/5/2025","5/5/2025","5/6/2025","SPY","SPDR S&P 500 ETF Trust
CUSIP: 78462F103","Buy","100","$564.08","($56,408.00)"
"4/30/2025","4/30/2025","4/30/2025","","Interest Payment","INT","","","$8.33"
"4/30/2025","4/30/2025","4/30/2025","","Gold Subscription Fee","GOLD","","","($5.00)"
"4/30/2025","4/30/2025","4/30/2025","","Aggregated Margin Rate","MINT","","","($193.89)"
"4/29/2025","4/29/2025","4/30/2025","SPY","SPY 4/29/2025 Call $548.00","OASGN","1","",""
"4/29/2025","4/29/2025","4/30/2025","SPY","SPDR S&P 500 ETF Trust
CUSIP: 78462F103
1 SPY Option Assigned","Sell","100","$548.00","$54,798.45"
"4/28/2025","4/28/2025","4/29/2025","SPY","SPY 4/29/2025 Call $548.00","STO","1","$2.83","$282.94"
"4/28/2025","4/28/2025","4/29/2025","SPY","SPDR S&P 500 ETF Trust
CUSIP: 78462F103","Buy","100","$547.05","($54,705.00)"
"4/25/2025","4/25/2025","4/28/2025","IWM","IWM 4/25/2025 Call $191.00","OASGN","4","",""
"4/25/2025","4/25/2025","4/28/2025","IWM","iShares Russell 2000 ETF
CUSIP: 464287655
4 IWM Options Assigned","Sell","400","$191.00","$76,397.80"
"4/22/2025","4/22/2025","4/23/2025","IWM","IWM 4/25/2025 Call $191.00","STO","4","$0.54","$215.81"
"4/17/2025","4/17/2025","4/21/2025","IWM","Option Expiration for IWM 4/17/2025 Call $193.00","OEXP","4","",""
"4/14/2025","4/14/2025","4/15/2025","IWM","IWM 4/17/2025 Call $193.00","STO","2","$0.42","$83.90"
"4/14/2025","4/14/2025","4/15/2025","IWM","IWM 4/17/2025 Call $193.00","STO","2","$0.42","$83.90"
"4/11/2025","4/11/2025","4/14/2025","IWM","Option Expiration for IWM 4/11/2025 Call $197.00","OEXP","4","",""
"4/11/2025","4/11/2025","4/14/2025","SLV","SLV 4/11/2025 Call $28.00","OASGN","10","",""
"4/11/2025","4/11/2025","4/14/2025","SLV","iShares Silver Trust
CUSIP: 46428Q109
10 SLV Options Assigned","Sell","1000","$28.00","$27,999.05"
"4/8/2025","4/8/2025","4/9/2025","IWM","IWM 4/11/2025 Call $197.00","STO","1","$0.47","$46.94"
"4/8/2025","4/8/2025","4/9/2025","IWM","IWM 4/11/2025 Call $197.00","STO","1","$0.47","$46.94"
"4/8/2025","4/8/2025","4/9/2025","IWM","IWM 4/11/2025 Call $197.00","STO","1","$0.47","$46.94"
"4/8/2025","4/8/2025","4/9/2025","IWM","IWM 4/11/2025 Call $197.00","STO","1","$0.47","$46.94"
"4/8/2025","4/8/2025","4/9/2025","SLV","SLV 4/11/2025 Call $28.00","STO","1","$0.31","$30.94"
"4/8/2025","4/8/2025","4/9/2025","SLV","SLV 4/11/2025 Call $28.00","STO","1","$0.31","$30.94"
"4/8/2025","4/8/2025","4/9/2025","SLV","SLV 4/11/2025 Call $28.00","STO","1","$0.31","$30.94"
"4/8/2025","4/8/2025","4/9/2025","SLV","SLV 4/11/2025 Call $28.00","STO","7","$0.31","$216.67"
"4/7/2025","4/7/2025","4/8/2025","SLV","iShares Silver Trust
CUSIP: 46428Q109","Buy","1000","$27.35","($27,350.05)"
"3/31/2025","3/31/2025","3/31/2025","","Gold Subscription Fee","GOLD","","","($5.00)"
"3/31/2025","3/31/2025","3/31/2025","","Aggregated Margin Rate","MINT","","","($185.10)"
"3/28/2025","3/28/2025","3/31/2025","IWM","Option Expiration for IWM 3/28/2025 Call $213.00","OEXP","4","",""
"3/24/2025","3/24/2025","3/25/2025","IWM","IWM 3/28/2025 Call $213.00","STO","1","$0.41","$40.94"
"3/24/2025","3/24/2025","3/25/2025","IWM","IWM 3/28/2025 Call $213.00","STO","1","$0.41","$40.94"
"3/24/2025","3/24/2025","3/25/2025","IWM","IWM 3/28/2025 Call $213.00","STO","1","$0.41","$40.94"
"3/24/2025","3/24/2025","3/25/2025","IWM","IWM 3/28/2025 Call $213.00","STO","1","$0.41","$40.94"
"3/21/2025","3/21/2025","3/24/2025","IWM","Option Expiration for IWM 3/21/2025 Call $210.00","OEXP","4","",""
"3/21/2025","3/21/2025","3/21/2025","IWM","Manufactured Div: R/D 2025-03-18 P/D 2025-03-21 - 268 shares at 0.459853","MDIV","","","$123.24"
"3/21/2025","3/21/2025","3/21/2025","IWM","Cash Div: R/D 2025-03-18 P/D 2025-03-21 - 132 shares at 0.459853","CDIV","","","$60.70"
"3/17/2025","3/17/2025","3/18/2025","IWM","IWM 3/21/2025 Call $210.00","STO","3","$0.63","$188.86"
"3/17/2025","3/17/2025","3/18/2025","IWM","IWM 3/21/2025 Call $210.00","STO","1","$0.63","$62.94"
"3/14/2025","3/14/2025","3/17/2025","IWM","Option Expiration for IWM 3/14/2025 Call $209.00","OEXP","4","",""
"3/10/2025","3/10/2025","3/11/2025","IWM","IWM 3/14/2025 Call $209.00","STO","4","$1.11","$443.81"
"3/7/2025","3/7/2025","3/10/2025","IWM","Option Expiration for IWM 3/7/2025 Call $219.00","OEXP","4","",""
"3/3/2025","3/3/2025","3/4/2025","IWM","IWM 3/7/2025 Call $219.00","STO","4","$0.97","$387.81"
"3/3/2025","3/3/2025","3/3/2025","","Aggregated Margin Rate","MINT","","","($48.24)"
"3/3/2025","3/3/2025","3/3/2025","","Gold Subscription Fee","GOLD","","","($5.00)"
"2/28/2025","2/28/2025","3/3/2025","IWM","Option Expiration for IWM 2/28/2025 Call $220.00","OEXP","4","",""
"2/28/2025","2/28/2025","2/28/2025","","Interest Payment","INT","","","$2.71"
"2/25/2025","2/25/2025","2/25/2025","","Interest Payment","INT","","","$27.34"
"2/24/2025","2/24/2025","2/25/2025","IWM","IWM 2/28/2025 Call $220.00","STO","4","$1.09","$435.81"
"2/24/2025","2/24/2025","2/25/2025","IWM","iShares Russell 2000 ETF
CUSIP: 464287655","Buy","200","$216.87","($43,373.98)"
"2/21/2025","2/21/2025","2/24/2025","IWM","IWM 2/21/2025 Put $225.00","OASGN","2","",""
"2/21/2025","2/21/2025","2/24/2025","IWM","iShares Russell 2000 ETF
CUSIP: 464287655
2 IWM Options Assigned","Buy","200","$225.00","($45,000.00)"
"2/18/2025","2/18/2025","2/19/2025","IWM","IWM 2/21/2025 Put $225.00","STO","1","$0.76","$75.94"
"2/18/2025","2/18/2025","2/19/2025","IWM","IWM 2/21/2025 Put $225.00","STO","1","$0.76","$75.94"
"2/14/2025","2/14/2025","2/18/2025","IWM","Option Expiration for IWM 2/14/2025 Put $222.00","OEXP","2","",""
"2/13/2025","2/13/2025","2/14/2025","IWM","IWM 2/14/2025 Put $222.00","STO","2","$0.34","$67.90"
"2/12/2025","2/12/2025","2/13/2025","IWM","Option Expiration for IWM 2/12/2025 Put $223.00","OEXP","2","",""
"2/10/2025","2/10/2025","2/11/2025","IWM","IWM 2/12/2025 Put $223.00","STO","1","$0.65","$64.94"
"2/10/2025","2/10/2025","2/11/2025","IWM","IWM 2/12/2025 Put $223.00","STO","1","$0.65","$64.94"
"2/7/2025","2/7/2025","2/10/2025","IWM","Option Expiration for IWM 2/7/2025 Put $226.00","OEXP","2","",""
"2/6/2025","2/6/2025","2/7/2025","IWM","IWM 2/7/2025 Put $226.00","STO","1","$0.35","$34.94"
"2/6/2025","2/6/2025","2/7/2025","IWM","IWM 2/7/2025 Put $226.00","STO","1","$0.35","$34.94"
"2/5/2025","2/5/2025","2/6/2025","IWM","Option Expiration for IWM 2/5/2025 Put $221.00","OEXP","2","",""
"2/3/2025","2/3/2025","2/4/2025","IWM","IWM 2/5/2025 Put $221.00","STO","1","$0.82","$81.94"
"2/3/2025","2/3/2025","2/4/2025","IWM","IWM 2/5/2025 Put $221.00","STO","1","$0.82","$81.94"
"1/31/2025","1/31/2025","2/3/2025","SLV","SLV 1/31/2025 Call $28.00","OASGN","30","",""
"1/31/2025","1/31/2025","2/3/2025","SLV","iShares Silver Trust
CUSIP: 46428Q109
30 SLV Options Assigned","Sell","3000","$28.00","$83,997.16"
"1/30/2025","1/30/2025","1/30/2025","","Aggregated Margin Rate","MINT","","","($178.28)"
"1/30/2025","1/30/2025","1/30/2025","","Gold Subscription Fee","GOLD","","","($5.00)"
"1/27/2025","1/27/2025","1/28/2025","SLV","SLV 1/31/2025 Call $28.00","STO","1","$0.16","$15.94"
"1/27/2025","1/27/2025","1/28/2025","SLV","SLV 1/31/2025 Call $28.00","STO","1","$0.16","$15.94"
"1/27/2025","1/27/2025","1/28/2025","SLV","SLV 1/31/2025 Call $28.00","STO","1","$0.16","$15.94"
"1/27/2025","1/27/2025","1/28/2025","SLV","SLV 1/31/2025 Call $28.00","STO","1","$0.16","$15.94"
"1/27/2025","1/27/2025","1/28/2025","SLV","SLV 1/31/2025 Call $28.00","STO","14","$0.16","$223.39"
"1/27/2025","1/27/2025","1/28/2025","SLV","SLV 1/31/2025 Call $28.00","STO","12","$0.16","$191.48"
"1/24/2025","1/24/2025","1/27/2025","SLV","Option Expiration for SLV 1/24/2025 Call $28.00","OEXP","30","",""
"1/17/2025","1/17/2025","1/21/2025","SLV","SLV 1/24/2025 Call $28.00","STO","5","$0.22","$109.78"
"1/17/2025","1/17/2025","1/21/2025","SLV","SLV 1/24/2025 Call $28.00","STO","25","$0.22","$548.91"
"1/17/2025","1/17/2025","1/21/2025","SLV","SLV 1/17/2025 Call $28.00","BTC","28","$0.01","($29.12)"
"1/17/2025","1/17/2025","1/21/2025","SLV","SLV 1/17/2025 Call $28.00","BTC","2","$0.01","($2.08)"
"1/15/2025","1/15/2025","1/16/2025","IWM","Option Expiration for IWM 1/15/2025 Put $211.00","OEXP","1","",""
"1/13/2025","1/13/2025","1/14/2025","IWM","IWM 1/15/2025 Put $211.00","STO","1","$0.89","$88.94"
"1/10/2025","1/10/2025","1/13/2025","SLV","SLV 1/17/2025 Call $28.00","STO","1","$0.26","$25.94"
"1/10/2025","1/10/2025","1/13/2025","SLV","SLV 1/17/2025 Call $28.00","STO","12","$0.26","$311.48"
"1/10/2025","1/10/2025","1/13/2025","SLV","SLV 1/17/2025 Call $28.00","STO","11","$0.26","$285.52"
"1/10/2025","1/10/2025","1/13/2025","SLV","SLV 1/17/2025 Call $28.00","STO","5","$0.26","$129.78"
"1/10/2025","1/10/2025","1/13/2025","SLV","SLV 1/10/2025 Call $28.00","BTC","3","$0.03","($9.12)"
"1/10/2025","1/10/2025","1/13/2025","SLV","SLV 1/10/2025 Call $28.00","BTC","5","$0.03","($15.20)"
"1/10/2025","1/10/2025","1/13/2025","SLV","SLV 1/10/2025 Call $28.00","BTC","10","$0.03","($30.40)"
"1/10/2025","1/10/2025","1/13/2025","SLV","SLV 1/10/2025 Call $28.00","BTC","11","$0.03","($33.44)"
"1/10/2025","1/10/2025","1/13/2025","SLV","SLV 1/17/2025 Call $28.00","STO","1","$0.34","$33.94"
"1/10/2025","1/10/2025","1/13/2025","SLV","SLV 1/10/2025 Call $28.00","BTC","1","$0.05","($5.04)"
"1/8/2025","1/8/2025","1/8/2025","SLV","Stock Lending","SLIP","","","$0.01"
"1/6/2025","1/6/2025","1/7/2025","SLV","SLV 1/10/2025 Call $28.00","STO","2","$0.10","$19.92"
"1/6/2025","1/6/2025","1/7/2025","SLV","SLV 1/10/2025 Call $28.00","STO","2","$0.10","$19.92"
"1/6/2025","1/6/2025","1/7/2025","SLV","SLV 1/10/2025 Call $28.00","STO","2","$0.10","$19.92"
"1/6/2025","1/6/2025","1/7/2025","SLV","SLV 1/10/2025 Call $28.00","STO","12","$0.10","$119.60"
"1/6/2025","1/6/2025","1/7/2025","SLV","SLV 1/10/2025 Call $28.00","STO","12","$0.10","$119.60"
"1/3/2025","1/3/2025","1/6/2025","SLV","Option Expiration for SLV 1/3/2025 Call $28.00","OEXP","30","",""
"12/31/2024","12/31/2024","12/31/2024","","Interest Payment","INT","","","$25.26"
"12/31/2024","12/31/2024","12/31/2024","","Aggregated Margin Rate","MINT","","","($85.95)"
"12/31/2024","12/31/2024","12/31/2024","","Gold Subscription Fee","GOLD","","","($5.00)"
"12/26/2024","12/26/2024","12/27/2024","SLV","SLV 1/3/2025 Call $28.00","STO","9","$0.08","$71.69"
"12/26/2024","12/26/2024","12/27/2024","SLV","SLV 1/3/2025 Call $28.00","STO","14","$0.08","$111.53"
"12/26/2024","12/26/2024","12/27/2024","SLV","SLV 1/3/2025 Call $28.00","STO","1","$0.08","$7.95"
"12/26/2024","12/26/2024","12/27/2024","SLV","SLV 1/3/2025 Call $28.00","STO","1","$0.08","$7.95"
"12/26/2024","12/26/2024","12/27/2024","SLV","SLV 1/3/2025 Call $28.00","STO","5","$0.08","$39.83"
"12/20/2024","12/20/2024","12/23/2024","SLV","Option Expiration for SLV 12/20/2024 Call $28.50","OEXP","30","",""
"12/16/2024","12/16/2024","12/17/2024","SLV","SLV 12/20/2024 Call $28.50","STO","10","$0.13","$129.66"
"12/16/2024","12/16/2024","12/17/2024","SLV","SLV 12/20/2024 Call $28.50","STO","5","$0.13","$64.83"
"12/16/2024","12/16/2024","12/17/2024","SLV","iShares Silver Trust
CUSIP: 46428Q109","Buy","1500","$27.89","($41,830.80)"
"12/16/2024","12/16/2024","12/17/2024","SLV","SLV 12/20/2024 Call $28.50","STO","2","$0.13","$25.92"
"12/16/2024","12/16/2024","12/17/2024","SLV","SLV 12/20/2024 Call $28.50","STO","8","$0.13","$103.73"
"12/16/2024","12/16/2024","12/17/2024","SLV","SLV 12/20/2024 Call $28.50","STO","5","$0.13","$64.83"
"12/13/2024","12/13/2024","12/16/2024","SLV","SLV 12/13/2024 Put $29.00","OASGN","13","",""
"12/13/2024","12/13/2024","12/16/2024","SLV","iShares Silver Trust
CUSIP: 46428Q109
13 SLV Options Assigned","Buy","1300","$29.00","($37,700.00)"
"12/12/2024","12/12/2024","12/13/2024","SLV","SLV 12/13/2024 Put $29.00","OASGN","2","",""
"12/12/2024","12/12/2024","12/13/2024","SLV","iShares Silver Trust
CUSIP: 46428Q109
2 SLV Options Assigned","Buy","200","$29.00","($5,800.00)"
"12/11/2024","12/11/2024","12/12/2024","SLV","SLV 12/13/2024 Put $29.00","STO","14","$0.19","$265.53"
"12/11/2024","12/11/2024","12/12/2024","SLV","SLV 12/13/2024 Put $29.00","STO","1","$0.19","$18.95"
"12/6/2024","12/6/2024","12/9/2024","SLV","Option Expiration for SLV 12/6/2024 Put $27.50","OEXP","15","",""
"12/2/2024","12/2/2024","12/3/2024","SLV","SLV 12/6/2024 Put $27.50","STO","1","$0.20","$19.95"
"12/2/2024","12/2/2024","12/3/2024","SLV","SLV 12/6/2024 Put $27.50","STO","9","$0.20","$179.69"
"12/2/2024","12/2/2024","12/3/2024","SLV","SLV 12/6/2024 Put $27.50","STO","5","$0.20","$99.83"
"12/2/2024","12/2/2024","12/2/2024","","Aggregated Margin Rate","MINT","","","($1.75)"
"12/2/2024","12/2/2024","12/2/2024","","Gold Subscription Fee","GOLD","","","($5.00)"
"11/29/2024","11/29/2024","12/2/2024","SLV","Option Expiration for SLV 11/29/2024 Put $27.50","OEXP","15","",""
"11/29/2024","11/29/2024","11/29/2024","","Interest Payment","INT","","","$52.14"
"11/29/2024","11/29/2024","12/2/2024","","ACH Withdrawal","ACH","","","($1,000.00)"
"11/25/2024","11/25/2024","11/26/2024","SLV","SLV 11/29/2024 Put $27.50","STO","1","$0.20","$19.95"
"11/25/2024","11/25/2024","11/26/2024","SLV","SLV 11/29/2024 Put $27.50","STO","13","$0.20","$259.56"
"11/25/2024","11/25/2024","11/26/2024","SLV","SLV 11/29/2024 Put $27.50","STO","1","$0.20","$19.95"
"11/22/2024","11/22/2024","11/25/2024","SLV","Option Expiration for SLV 11/22/2024 Put $28.00","OEXP","15","",""
"11/19/2024","11/19/2024","11/20/2024","SLV","SLV 11/22/2024 Put $28.00","STO","1","$0.12","$11.95"
"11/19/2024","11/19/2024","11/20/2024","SLV","SLV 11/22/2024 Put $28.00","STO","5","$0.12","$59.83"
"11/19/2024","11/19/2024","11/20/2024","SLV","SLV 11/22/2024 Put $28.00","STO","1","$0.12","$11.95"
"11/19/2024","11/19/2024","11/20/2024","SLV","SLV 11/22/2024 Put $28.00","STO","1","$0.12","$11.95"
"11/19/2024","11/19/2024","11/20/2024","SLV","SLV 11/22/2024 Put $28.00","STO","1","$0.12","$11.95"
"11/19/2024","11/19/2024","11/20/2024","SLV","SLV 11/22/2024 Put $28.00","STO","1","$0.12","$11.95"
"11/19/2024","11/19/2024","11/20/2024","SLV","SLV 11/22/2024 Put $28.00","STO","4","$0.12","$47.86"
"11/19/2024","11/19/2024","11/20/2024","SLV","SLV 11/22/2024 Put $28.00","STO","1","$0.12","$11.95"
"11/18/2024","11/18/2024","11/19/2024","SLV","Option Expiration for SLV 11/18/2024 Put $27.50","OEXP","10","",""
"11/11/2024","11/11/2024","11/12/2024","SLV","SLV 11/18/2024 Put $27.50","STO","10","$0.25","$249.66"
"11/8/2024","11/8/2024","11/11/2024","SLV","Option Expiration for SLV 11/8/2024 Put $28.00","OEXP","10","",""
"11/6/2024","11/6/2024","11/7/2024","SLV","SLV 11/8/2024 Put $28.00","STO","10","$0.30","$299.66"
"11/5/2024","11/5/2024","11/6/2024","SPY","SPY 11/5/2024 Call $571.00","OASGN","1","",""
"11/5/2024","11/5/2024","11/6/2024","SPY","SPDR S&P 500 ETF Trust
CUSIP: 78462F103
1 SPY Option Assigned","Sell","100","$571.00","$57,098.39"
"11/4/2024","11/4/2024","11/5/2024","SPY","SPY 11/5/2024 Call $571.00","STO","1","$1.84","$183.95"
"11/4/2024","11/4/2024","11/5/2024","SPY","SPDR S&P 500 ETF Trust
CUSIP: 78462F103","Buy","100","$570.71","($57,071.00)"
"11/1/2024","11/1/2024","11/4/2024","IWM","Option Expiration for IWM 11/1/2024 Put $217.00","OEXP","2","",""
"11/1/2024","11/1/2024","11/4/2024","","ACH Withdrawal","ACH","","","($1,000.00)"
"11/1/2024","11/1/2024","11/1/2024","","Gold Subscription Fee","GOLD","","","($5.00)"
"10/31/2024","10/31/2024","10/31/2024","","Interest Payment","INT","","","$92.37"
"10/28/2024","10/28/2024","10/29/2024","IWM","IWM 11/1/2024 Put $217.00","STO","2","$0.63","$125.92"
"10/25/2024","10/25/2024","10/28/2024","IWM","Option Expiration for IWM 10/25/2024 Put $216.00","OEXP","2","",""
"10/23/2024","10/23/2024","10/24/2024","IWM","IWM 10/25/2024 Put $216.00","STO","1","$0.27","$26.95"
"10/23/2024","10/23/2024","10/24/2024","IWM","IWM 10/25/2024 Put $216.00","STO","1","$0.27","$26.95"
"10/18/2024","10/18/2024","10/21/2024","SLV","Option Expiration for SLV 10/18/2024 Put $28.50","OEXP","10","",""
"10/16/2024","10/16/2024","10/17/2024","SLV","SLV 10/18/2024 Put $28.50","STO","1","$0.09","$8.95"
"10/16/2024","10/16/2024","10/17/2024","SLV","SLV 10/18/2024 Put $28.50","STO","2","$0.09","$17.92"
"10/16/2024","10/16/2024","10/17/2024","SLV","SLV 10/18/2024 Put $28.50","STO","2","$0.09","$17.92"
"10/16/2024","10/16/2024","10/17/2024","SLV","SLV 10/18/2024 Put $28.50","STO","1","$0.09","$8.95"
"10/16/2024","10/16/2024","10/17/2024","SLV","SLV 10/18/2024 Put $28.50","STO","1","$0.09","$8.95"
"10/16/2024","10/16/2024","10/17/2024","SLV","SLV 10/18/2024 Put $28.50","STO","1","$0.09","$8.95"
"10/16/2024","10/16/2024","10/17/2024","SLV","SLV 10/18/2024 Put $28.50","STO","1","$0.09","$8.95"
"10/16/2024","10/16/2024","10/17/2024","SLV","SLV 10/18/2024 Put $28.50","STO","1","$0.09","$8.95"
"10/11/2024","10/11/2024","10/14/2024","IWM","Option Expiration for IWM 10/11/2024 Put $213.00","OEXP","1","",""
"10/11/2024","10/11/2024","10/14/2024","SLV","Option Expiration for SLV 10/11/2024 Put $28.00","OEXP","5","",""
"10/10/2024","10/10/2024","10/11/2024","IWM","IWM 10/11/2024 Put $213.00","STO","1","$0.52","$51.95"
"10/9/2024","10/9/2024","10/10/2024","IWM","Option Expiration for IWM 10/9/2024 Put $215.00","OEXP","1","",""
"10/7/2024","10/7/2024","10/8/2024","SLV","SLV 10/11/2024 Put $28.00","STO","1","$0.11","$10.95"
"10/7/2024","10/7/2024","10/8/2024","SLV","SLV 10/11/2024 Put $28.00","STO","2","$0.11","$21.92"
"10/7/2024","10/7/2024","10/8/2024","SLV","SLV 10/11/2024 Put $28.00","STO","2","$0.11","$21.92"
"10/7/2024","10/7/2024","10/8/2024","IWM","IWM 10/9/2024 Put $215.00","STO","1","$0.70","$69.95"
"10/2/2024","10/2/2024","10/2/2024","","Gold Subscription Fee","GOLD","","","($5.00)"
"9/30/2024","9/30/2024","9/30/2024","","Interest Payment","INT","","","$108.36"
"9/27/2024","9/27/2024","9/30/2024","SLV","Option Expiration for SLV 9/27/2024 Put $27.50","OEXP","10","",""
"9/27/2024","9/27/2024","9/30/2024","","ACH Withdrawal","ACH","","","($1,000.00)"
"9/23/2024","9/23/2024","9/24/2024","SLV","SLV 9/27/2024 Put $27.50","STO","10","$0.17","$169.66"
"9/13/2024","9/13/2024","9/16/2024","SLV","Option Expiration for SLV 9/13/2024 Put $25.50","OEXP","10","",""
"9/9/2024","9/9/2024","9/10/2024","SLV","SLV 9/13/2024 Put $25.50","STO","10","$0.19","$189.66"
"9/6/2024","9/6/2024","9/9/2024","SLV","Option Expiration for SLV 9/6/2024 Put $25.00","OEXP","10","",""
"9/3/2024","9/3/2024","9/4/2024","SLV","SLV 9/6/2024 Put $25.00","STO","1","$0.14","$13.95"
"9/3/2024","9/3/2024","9/4/2024","SLV","SLV 9/6/2024 Put $25.00","STO","1","$0.14","$13.95"
"9/3/2024","9/3/2024","9/4/2024","SLV","SLV 9/6/2024 Put $25.00","STO","8","$0.14","$111.73"
"9/3/2024","9/3/2024","9/3/2024","","Gold Subscription Fee","GOLD","","","($5.00)"
"8/30/2024","8/30/2024","9/3/2024","IWM","IWM 8/30/2024 Call $219.00","OASGN","2","",""
"8/30/2024","8/30/2024","9/3/2024","IWM","iShares Russell 2000 ETF
CUSIP: 464287655
2 IWM Options Assigned","Sell","200","$219.00","$43,798.75"
"8/30/2024","8/30/2024","8/30/2024","","Interest Payment","INT","","","$155.53"
"8/30/2024","8/30/2024","9/3/2024","","ACH Withdrawal","ACH","","","($1,000.00)"
"8/29/2024","8/29/2024","8/30/2024","IWM","IWM 8/30/2024 Call $219.00","STO","1","$1.41","$140.95"
"8/29/2024","8/29/2024","8/30/2024","IWM","IWM 8/30/2024 Call $219.00","STO","1","$1.41","$140.95"
"8/28/2024","8/28/2024","8/29/2024","IWM","IWM 8/28/2024 Put $218.00","OASGN","2","",""
"8/28/2024","8/28/2024","8/29/2024","IWM","iShares Russell 2000 ETF
CUSIP: 464287655
2 IWM Options Assigned","Buy","200","$218.00","($43,600.00)"
"8/26/2024","8/26/2024","8/27/2024","IWM","IWM 8/28/2024 Put $218.00","STO","1","$0.62","$61.95"
"8/26/2024","8/26/2024","8/27/2024","IWM","IWM 8/28/2024 Put $218.00","STO","1","$0.62","$61.95"
"8/21/2024","8/21/2024","8/22/2024","IWM","Option Expiration for IWM 8/21/2024 Put $212.00","OEXP","2","",""
"8/20/2024","8/20/2024","8/21/2024","IWM","IWM 8/21/2024 Put $212.00","STO","2","$0.28","$55.92"
"8/5/2024","8/5/2024","8/5/2024","","Gold Subscription Fee","GOLD","","","($5.00)"
"8/1/2024","8/1/2024","8/2/2024","","ACH Withdrawal","ACH","","","($1,000.00)"
"7/31/2024","7/31/2024","7/31/2024","","Interest Payment","INT","","","$155.88"
"7/12/2024","7/12/2024","7/15/2024","IWM","Option Expiration for IWM 7/12/2024 Put $200.00","OEXP","2","",""
"7/10/2024","7/10/2024","7/11/2024","IWM","IWM 7/12/2024 Put $200.00","STO","1","$0.78","$77.95"
"7/10/2024","7/10/2024","7/11/2024","IWM","IWM 7/12/2024 Put $200.00","STO","1","$0.78","$77.95"
"7/5/2024","7/5/2024","7/5/2024","","Gold Subscription Fee","GOLD","","","($5.00)"
"7/3/2024","7/3/2024","7/5/2024","IWM","Option Expiration for IWM 7/3/2024 Put $200.00","OEXP","2","",""
"7/1/2024","7/1/2024","7/2/2024","IWM","IWM 7/3/2024 Put $200.00","STO","2","$0.48","$95.92"
"7/1/2024","7/1/2024","7/2/2024","","ACH Withdrawal","ACH","","","($1,000.00)"
"6/28/2024","6/28/2024","6/28/2024","","Interest Payment","INT","","","$125.84"
"6/28/2024","6/28/2024","7/1/2024","IWM","Option Expiration for IWM 6/28/2024 Put $198.00","OEXP","2","",""
"6/27/2024","6/27/2024","6/28/2024","IWM","IWM 6/28/2024 Put $198.00","STO","1","$0.23","$22.95"
"6/27/2024","6/27/2024","6/28/2024","IWM","IWM 6/28/2024 Put $198.00","STO","1","$0.23","$22.95"
"6/26/2024","6/26/2024","6/27/2024","IWM","Option Expiration for IWM 6/26/2024 Put $199.00","OEXP","2","",""
"6/24/2024","6/24/2024","6/25/2024","IWM","IWM 6/26/2024 Put $199.00","STO","1","$0.24","$23.95"
"6/24/2024","6/24/2024","6/25/2024","IWM","IWM 6/26/2024 Put $199.00","STO","1","$0.24","$23.95"
"6/21/2024","6/21/2024","6/24/2024","IWM","Option Expiration for IWM 6/21/2024 Put $198.00","OEXP","2","",""
"6/20/2024","6/20/2024","6/21/2024","IWM","IWM 6/21/2024 Put $198.00","STO","2","$0.27","$53.92"
"6/7/2024","6/7/2024","6/10/2024","IWM","Option Expiration for IWM 6/7/2024 Put $200.00","OEXP","2","",""
"6/6/2024","6/6/2024","6/7/2024","IWM","IWM 6/7/2024 Put $200.00","STO","2","$0.18","$35.92"
"6/4/2024","6/4/2024","6/5/2024","IWM","Option Expiration for IWM 6/4/2024 Put $200.00","OEXP","2","",""
"6/4/2024","6/4/2024","6/4/2024","","Gold Subscription Fee","GOLD","","","($5.00)"
"6/3/2024","6/3/2024","6/4/2024","IWM","IWM 6/4/2024 Put $200.00","STO","1","$0.11","$10.95"
"6/3/2024","6/3/2024","6/4/2024","IWM","IWM 6/4/2024 Put $200.00","STO","1","$0.11","$10.95"
"6/3/2024","6/3/2024","6/4/2024","","ACH Withdrawal","ACH","","","($1,000.00)"
"5/31/2024","5/31/2024","5/31/2024","","Interest Payment","INT","","","$193.33"
"5/6/2024","5/6/2024","5/6/2024","","Gold Subscription Fee","GOLD","","","($5.00)"
"5/2/2024","5/2/2024","5/3/2024","IWM","Option Expiration for IWM 5/2/2024 Put $193.00","OEXP","2","",""
"5/1/2024","5/1/2024","5/2/2024","IWM","IWM 5/2/2024 Put $193.00","STO","1","$0.67","$66.95"
"5/1/2024","5/1/2024","5/2/2024","IWM","IWM 5/2/2024 Put $193.00","STO","1","$0.67","$66.95"
"4/30/2024","4/30/2024","4/30/2024","","Interest Payment","INT","","","$188.46"
"4/29/2024","4/29/2024","4/30/2024","","ACH Withdrawal","ACH","","","($1,000.00)"
"4/5/2024","4/5/2024","4/5/2024","","Gold Subscription Fee","GOLD","","","($5.00)"
"4/5/2024","4/5/2024","4/5/2024","","Aggregated Margin Rate","MINT","","","($1.78)"
"3/28/2024","3/28/2024","3/28/2024","","Interest Payment","INT","","","$140.30"
"3/28/2024","3/28/2024","4/1/2024","SPY","SPY 3/28/2024 Call $522.00","OASGN","1","",""
"3/28/2024","3/28/2024","4/2/2024","SPY","SPDR S&P 500 ETF Trust
CUSIP: 78462F103
1 SPY Option Assigned","Sell","100","$522.00","$52,199.56"
"3/28/2024","3/28/2024","4/4/2024","","ACH Withdrawal","ACH","","","($1,000.00)"
"3/26/2024","3/26/2024","3/27/2024","SPY","SPY 3/28/2024 Call $522.00","STO","1","$1.16","$115.95"
"3/26/2024","3/26/2024","3/28/2024","SPY","SPDR S&P 500 ETF Trust
CUSIP: 78462F103","Buy","100","$520.74","($52,073.50)"
"3/20/2024","3/20/2024","3/21/2024","IWM","Option Expiration for IWM 3/20/2024 Put $200.00","OEXP","1","",""
"3/18/2024","3/18/2024","3/19/2024","IWM","IWM 3/20/2024 Put $200.00","STO","1","$0.94","$93.95"
"3/13/2024","3/13/2024","3/14/2024","IWM","Option Expiration for IWM 3/13/2024 Put $200.00","OEXP","1","",""
"3/11/2024","3/11/2024","3/12/2024","IWM","IWM 3/13/2024 Put $200.00","STO","1","$0.29","$28.95"
"3/6/2024","3/6/2024","3/7/2024","SLV","SLV 3/6/2024 Call $21.00","OASGN","9","",""
"3/6/2024","3/6/2024","3/8/2024","SLV","iShares Silver Trust
CUSIP: 46428Q109
9 SLV Options Assigned","Sell","900","$21.00","$18,899.69"
"3/6/2024","3/6/2024","3/6/2024","","Gold Subscription Fee","GOLD","","","($5.00)"
"3/1/2024","3/1/2024","3/4/2024","SLV","Option Expiration for SLV 3/1/2024 Put $20.50","OEXP","11","",""
"3/1/2024","3/1/2024","3/4/2024","","ACH Withdrawal","ACH","","","($1,000.00)"
"3/1/2024","3/1/2024","3/4/2024","SLV","SLV 3/6/2024 Call $21.00","STO","4","$0.17","$67.86"
"3/1/2024","3/1/2024","3/4/2024","SLV","SLV 3/6/2024 Call $21.00","STO","5","$0.17","$84.83"
"2/29/2024","2/29/2024","2/29/2024","","Interest Payment","INT","","","$87.77"
"2/26/2024","2/26/2024","2/27/2024","SLV","SLV 3/1/2024 Put $20.50","STO","11","$0.12","$131.63"
"2/23/2024","2/23/2024","2/26/2024","SLV","Option Expiration for SLV 2/23/2024 Put $21.00","OEXP","1","",""
"2/23/2024","2/23/2024","2/26/2024","SLV","SLV 2/23/2024 Put $21.00","OASGN","9","",""
"2/23/2024","2/23/2024","2/27/2024","SLV","iShares Silver Trust
CUSIP: 46428Q109
10 SLV Options Assigned","Buy","900","$21.00","($18,900.00)"
"2/20/2024","2/20/2024","2/21/2024","SLV","SLV 2/23/2024 Put $21.00","STO","10","$0.14","$139.66"
"2/9/2024","2/9/2024","2/12/2024","EEM","EEM 2/9/2024 Call $39.50","OASGN","10","",""
"2/9/2024","2/9/2024","2/13/2024","EEM","iShares MSCI Emerging Markets ETF
CUSIP: 464287234
10 EEM Options Assigned","Sell","1000","$39.50","$39,499.51"
"2/9/2024","2/9/2024","2/12/2024","IWM","Option Expiration for IWM 2/9/2024 Put $189.00","OEXP","1","",""
"2/7/2024","2/7/2024","2/7/2024","EEM","Stock Lending","SLIP","","","$0.01"
"2/7/2024","2/7/2024","2/8/2024","IWM","IWM 2/9/2024 Put $189.00","STO","1","$0.50","$49.95"
"2/6/2024","2/6/2024","2/7/2024","EEM","EEM 2/9/2024 Call $39.50","STO","10","$0.31","$309.66"
"2/6/2024","2/6/2024","2/7/2024","EEM","EEM 2/9/2024 Call $39.00","BTC","4","$0.66","($264.12)"
"2/6/2024","2/6/2024","2/7/2024","EEM","EEM 2/9/2024 Call $39.00","BTC","1","$0.66","($66.03)"
"2/6/2024","2/6/2024","2/7/2024","EEM","EEM 2/9/2024 Call $39.00","BTC","2","$0.66","($132.06)"
"2/6/2024","2/6/2024","2/7/2024","EEM","EEM 2/9/2024 Call $39.00","BTC","3","$0.66","($198.09)"
"2/5/2024","2/5/2024","2/6/2024","IWM","Option Expiration for IWM 2/5/2024 Put $189.00","OEXP","1","",""
"2/5/2024","2/5/2024","2/6/2024","EEM","EEM 2/9/2024 Call $39.00","STO","10","$0.19","$189.66"
"2/5/2024","2/5/2024","2/5/2024","","Gold Subscription Fee","GOLD","","","($5.00)"
"2/2/2024","2/2/2024","2/5/2024","IWM","Option Expiration for IWM 2/2/2024 Put $189.00","OEXP","1","",""
"2/2/2024","2/2/2024","2/5/2024","EEM","Option Expiration for EEM 2/2/2024 Call $39.00","OEXP","10","",""
"2/1/2024","2/1/2024","2/2/2024","IWM","IWM 2/2/2024 Put $189.00","STO","1","$0.61","$60.95"
"2/1/2024","2/1/2024","2/2/2024","","ACH Withdrawal","ACH","","","($1,000.00)"
"2/1/2024","2/1/2024","2/2/2024","IWM","IWM 2/5/2024 Put $189.00","STO","1","$0.78","$77.95"
"1/31/2024","1/31/2024","1/31/2024","","Interest Payment","INT","","","$40.39"
"1/29/2024","1/29/2024","1/30/2024","EEM","EEM 2/2/2024 Call $39.00","STO","2","$0.24","$47.92"
"1/29/2024","1/29/2024","1/30/2024","EEM","EEM 2/2/2024 Call $39.00","STO","3","$0.24","$71.89"
"1/29/2024","1/29/2024","1/30/2024","EEM","EEM 2/2/2024 Call $39.00","STO","2","$0.24","$47.92"
"1/29/2024","1/29/2024","1/30/2024","EEM","EEM 2/2/2024 Call $39.00","STO","3","$0.24","$71.89"
"1/26/2024","1/26/2024","1/29/2024","SLV","Option Expiration for SLV 1/26/2024 Put $20.50","OEXP","10","",""
"1/26/2024","1/26/2024","1/29/2024","EEM","Option Expiration for EEM 1/26/2024 Call $39.00","OEXP","10","",""
"1/19/2024","1/19/2024","1/22/2024","SLV","SLV 1/26/2024 Put $20.50","STO","1","$0.16","$15.95"
"1/19/2024","1/19/2024","1/22/2024","SLV","SLV 1/26/2024 Put $20.50","STO","1","$0.16","$15.95"
"1/19/2024","1/19/2024","1/22/2024","SLV","SLV 1/26/2024 Put $20.50","STO","5","$0.16","$79.83"
"1/19/2024","1/19/2024","1/22/2024","SLV","SLV 1/26/2024 Put $20.50","STO","1","$0.16","$15.95"
"1/19/2024","1/19/2024","1/22/2024","SLV","SLV 1/26/2024 Put $20.50","STO","1","$0.16","$15.95"
"1/19/2024","1/19/2024","1/22/2024","SLV","SLV 1/26/2024 Put $20.50","STO","1","$0.16","$15.95"
"1/19/2024","1/19/2024","1/22/2024","EEM","EEM 1/26/2024 Call $39.00","STO","4","$0.08","$31.86"
"1/19/2024","1/19/2024","1/22/2024","EEM","EEM 1/26/2024 Call $39.00","STO","4","$0.07","$27.86"
"1/19/2024","1/19/2024","1/22/2024","EEM","EEM 1/26/2024 Call $39.00","STO","2","$0.07","$13.92"
"1/17/2024","1/17/2024","1/18/2024","IWM","Option Expiration for IWM 1/17/2024 Put $189.00","OEXP","1","",""
"1/16/2024","1/16/2024","1/17/2024","IWM","IWM 1/17/2024 Put $189.00","STO","1","$0.29","$28.95"
"1/12/2024","1/12/2024","1/16/2024","IWM","Option Expiration for IWM 1/12/2024 Put $192.00","OEXP","1","",""
"1/12/2024","1/12/2024","1/16/2024","EEM","Option Expiration for EEM 1/12/2024 Call $39.50","OEXP","10","",""
"1/9/2024","1/9/2024","1/10/2024","IWM","IWM 1/12/2024 Put $192.00","STO","1","$0.57","$56.95"
"1/8/2024","1/8/2024","1/9/2024","EEM","EEM 1/12/2024 Call $39.50","STO","1","$0.26","$25.95"
"1/8/2024","1/8/2024","1/9/2024","EEM","EEM 1/12/2024 Call $39.50","STO","2","$0.25","$49.92"
"1/8/2024","1/8/2024","1/9/2024","EEM","EEM 1/12/2024 Call $39.50","STO","1","$0.25","$24.95"
"1/8/2024","1/8/2024","1/9/2024","EEM","EEM 1/12/2024 Call $39.50","STO","3","$0.25","$74.89"
"1/8/2024","1/8/2024","1/9/2024","EEM","EEM 1/12/2024 Call $39.50","STO","3","$0.25","$74.89"
"1/8/2024","1/8/2024","1/8/2024","","Gold Subscription Fee","GOLD","","","($5.00)"
"1/5/2024","1/5/2024","1/8/2024","EEM","EEM 1/5/2024 Put $39.50","OASGN","10","",""
"1/5/2024","1/5/2024","1/9/2024","EEM","iShares MSCI Emerging Markets ETF
CUSIP: 464287234
10 EEM Options Assigned","Buy","1000","$39.50","($39,500.00)"
"1/2/2024","1/2/2024","1/3/2024","EEM","EEM 1/5/2024 Put $39.50","STO","10","$0.16","$159.66"
"1/2/2024","1/2/2024","1/3/2024","","ACH Withdrawal","ACH","","","($1,000.00)"
"12/29/2023","12/29/2023","12/29/2023","","Interest Payment","INT","","","$166.37"
"12/15/2023","12/15/2023","12/18/2023","SLV","Option Expiration for SLV 12/15/2023 Put $20.50","OEXP","10","",""
"12/11/2023","12/11/2023","12/12/2023","SLV","SLV 12/15/2023 Put $20.50","STO","1","$0.13","$12.95"
"12/11/2023","12/11/2023","12/12/2023","SLV","SLV 12/15/2023 Put $20.50","STO","9","$0.13","$116.70"
"12/8/2023","12/8/2023","12/11/2023","IWM","Option Expiration for IWM 12/8/2023 Put $182.00","OEXP","2","",""
"12/7/2023","12/7/2023","12/8/2023","IWM","IWM 12/8/2023 Put $182.00","STO","2","$0.34","$67.92"
"12/7/2023","12/7/2023","12/7/2023","","Gold Subscription Fee","GOLD","","","($5.00)"
"12/4/2023","12/4/2023","12/5/2023","","ACH Withdrawal","ACH","","","($1,000.00)"
"12/1/2023","12/1/2023","12/4/2023","IWM","Option Expiration for IWM 12/1/2023 Put $177.00","OEXP","2","",""
"11/30/2023","11/30/2023","11/30/2023","","Interest Payment","INT","","","$97.42"
"11/30/2023","11/30/2023","12/1/2023","IWM","IWM 12/1/2023 Put $177.00","STO","2","$0.19","$37.92"
"11/29/2023","11/29/2023","11/30/2023","IWM","Option Expiration for IWM 11/29/2023 Put $176.00","OEXP","2","",""
"11/27/2023","11/27/2023","11/28/2023","IWM","IWM 11/29/2023 Put $176.00","STO","2","$0.22","$43.92"
"11/24/2023","11/24/2023","11/27/2023","IWM","Option Expiration for IWM 11/24/2023 Put $175.00","OEXP","2","",""
"11/21/2023","11/21/2023","11/22/2023","IWM","IWM 11/24/2023 Put $175.00","STO","2","$0.33","$65.92"
"11/17/2023","11/17/2023","11/20/2023","SLV","SLV 11/17/2023 Call $21.00","OASGN","10","",""
"11/17/2023","11/17/2023","11/21/2023","SLV","iShares Silver Trust
CUSIP: 46428Q109
10 SLV Options Assigned","Sell","1000","$21.00","$20,999.68"
"11/14/2023","11/14/2023","11/15/2023","SLV","SLV 11/17/2023 Call $21.00","STO","1","$0.29","$28.95"
"11/14/2023","11/14/2023","11/15/2023","SLV","SLV 11/17/2023 Call $21.00","STO","1","$0.29","$28.95"
"11/14/2023","11/14/2023","11/15/2023","SLV","SLV 11/17/2023 Call $21.00","STO","1","$0.29","$28.95"
"11/14/2023","11/14/2023","11/15/2023","SLV","SLV 11/17/2023 Call $21.00","STO","1","$0.29","$28.95"
"11/14/2023","11/14/2023","11/15/2023","SLV","SLV 11/17/2023 Call $21.00","STO","3","$0.29","$86.89"
"11/14/2023","11/14/2023","11/15/2023","SLV","SLV 11/17/2023 Call $21.00","STO","1","$0.29","$28.95"
"11/14/2023","11/14/2023","11/15/2023","SLV","SLV 11/17/2023 Call $21.00","STO","1","$0.29","$28.95"
"11/14/2023","11/14/2023","11/15/2023","SLV","SLV 11/17/2023 Call $21.00","STO","1","$0.29","$28.95"
"11/10/2023","11/10/2023","11/13/2023","SLV","SLV 11/10/2023 Put $21.00","OASGN","10","",""
"11/10/2023","11/10/2023","11/14/2023","SLV","iShares Silver Trust
CUSIP: 46428Q109
10 SLV Options Assigned","Buy","1000","$21.00","($21,000.00)"
"11/7/2023","11/7/2023","11/7/2023","","Aggregated Margin Rate","MINT","","","($85.31)"
"11/7/2023","11/7/2023","11/7/2023","","Gold Subscription Fee","GOLD","","","($5.00)"
"11/6/2023","11/6/2023","11/6/2023","SPY","Stock Lending","SLIP","","","$0.01"
"11/6/2023","11/6/2023","11/7/2023","SLV","SLV 11/10/2023 Put $21.00","STO","1","$0.17","$16.95"
"11/6/2023","11/6/2023","11/7/2023","SLV","SLV 11/10/2023 Put $21.00","STO","1","$0.17","$16.95"
"11/6/2023","11/6/2023","11/7/2023","SLV","SLV 11/10/2023 Put $21.00","STO","3","$0.17","$50.89"
"11/6/2023","11/6/2023","11/7/2023","SLV","SLV 11/10/2023 Put $21.00","STO","5","$0.17","$84.83"
"11/3/2023","11/3/2023","11/6/2023","IWM","IWM 11/3/2023 Call $169.00","OASGN","2","",""
"11/3/2023","11/3/2023","11/7/2023","IWM","iShares Russell 2000 ETF
CUSIP: 464287655
2 IWM Options Assigned","Sell","200","$169.00","$33,799.69"
"11/2/2023","11/2/2023","11/3/2023","SPY","SPY 11/2/2023 Call $426.00","OASGN","1","",""
"11/2/2023","11/2/2023","11/6/2023","SPY","SPDR S&P 500 ETF Trust
CUSIP: 78462F103
1 SPY Option Assigned","Sell","100","$426.00","$42,599.64"
"11/2/2023","11/2/2023","11/3/2023","IWM","IWM 11/3/2023 Call $169.00","STO","2","$0.68","$135.92"
"11/1/2023","11/1/2023","11/2/2023","IWM","Option Expiration for IWM 11/1/2023 Call $167.00","OEXP","2","",""
"11/1/2023","11/1/2023","11/2/2023","","ACH Withdrawal","ACH","","","($1,000.00)"
"11/1/2023","11/1/2023","11/2/2023","SPY","SPY 11/2/2023 Call $426.00","STO","1","$0.47","$46.95"
"10/31/2023","10/31/2023","11/1/2023","SPY","Option Expiration for SPY 10/31/2023 Call $419.00","OEXP","1","",""
"10/31/2023","10/31/2023","10/31/2023","","Interest Payment","INT","","","$14.19"
"10/30/2023","10/30/2023","10/31/2023","SPY","SPY 10/31/2023 Call $419.00","STO","1","$0.35","$34.95"
"10/30/2023","10/30/2023","10/31/2023","IWM","IWM 11/1/2023 Call $167.00","STO","2","$0.64","$127.92"
"10/27/2023","10/27/2023","10/30/2023","SPY","Option Expiration for SPY 10/27/2023 Call $422.00","OEXP","1","",""
"10/27/2023","10/27/2023","10/30/2023","IWM","Option Expiration for IWM 10/27/2023 Call $167.00","OEXP","2","",""
"10/26/2023","10/26/2023","10/27/2023","SPY","SPY 10/27/2023 Call $422.00","STO","1","$0.31","$30.95"
"10/26/2023","10/26/2023","10/27/2023","IWM","IWM 10/27/2023 Call $167.00","STO","2","$0.49","$97.92"
"10/25/2023","10/25/2023","10/26/2023","SPY","Option Expiration for SPY 10/25/2023 Call $429.00","OEXP","1","",""
"10/25/2023","10/25/2023","10/26/2023","IWM","Option Expiration for IWM 10/25/2023 Call $168.00","OEXP","2","",""
"10/23/2023","10/23/2023","10/24/2023","SPY","SPY 10/25/2023 Call $429.00","STO","1","$0.55","$54.98"
"10/23/2023","10/23/2023","10/24/2023","IWM","IWM 10/25/2023 Call $168.00","STO","2","$0.98","$195.98"
"10/20/2023","10/20/2023","10/23/2023","SPY","Option Expiration for SPY 10/20/2023 Call $436.00","OEXP","1","",""
"10/20/2023","10/20/2023","10/23/2023","IWM","IWM 10/20/2023 Put $167.00","OASGN","2","",""
"10/20/2023","10/20/2023","10/24/2023","IWM","iShares Russell 2000 ETF
CUSIP: 464287655
2 IWM Options Assigned","Buy","200","$167.00","($33,400.00)"
"10/19/2023","10/19/2023","10/20/2023","SPY","SPY 10/20/2023 Call $436.00","STO","1","$0.52","$51.98"
"10/19/2023","10/19/2023","10/20/2023","IWM","IWM 10/20/2023 Put $167.00","STO","2","$0.19","$37.98"
"10/18/2023","10/18/2023","10/19/2023","SPY","Option Expiration for SPY 10/18/2023 Call $438.00","OEXP","1","",""
"10/16/2023","10/16/2023","10/17/2023","SPY","SPY 10/18/2023 Call $438.00","STO","1","$0.84","$83.98"
"10/13/2023","10/13/2023","10/16/2023","SPY","Option Expiration for SPY 10/13/2023 Call $438.00","OEXP","1","",""
"10/11/2023","10/11/2023","10/12/2023","SPY","SPY 10/13/2023 Call $438.00","STO","1","$1.17","$116.98"
"10/11/2023","10/11/2023","10/12/2023","SPY","SPY 10/11/2023 Call $435.00","BTC","1","$0.62","($62.00)"
"10/9/2023","10/9/2023","10/9/2023","","Gold Subscription Fee","GOLD","","","($5.00)"
"10/9/2023","10/9/2023","10/9/2023","","Aggregated Margin Rate","MINT","","","($11.23)"
"10/6/2023","10/6/2023","10/9/2023","IWM","IWM 10/6/2023 Call $172.00","OASGN","2","",""
"10/6/2023","10/6/2023","10/11/2023","IWM","iShares Russell 2000 ETF
CUSIP: 464287655
2 IWM Options Assigned","Sell","200","$172.00","$34,399.69"
"10/6/2023","10/6/2023","10/10/2023","SPY","SPY 10/11/2023 Call $435.00","STO","1","$0.95","$94.98"
"10/6/2023","10/6/2023","10/10/2023","SPY","SPY 10/6/2023 Call $430.00","BTC","1","$0.58","($58.00)"
"10/5/2023","10/5/2023","10/6/2023","SPY","SPY 10/6/2023 Call $430.00","STO","1","$0.31","$30.98"
"10/5/2023","10/5/2023","10/6/2023","IWM","IWM 10/6/2023 Call $172.00","STO","1","$0.71","$70.98"
"10/5/2023","10/5/2023","10/6/2023","IWM","IWM 10/6/2023 Call $172.00","STO","1","$0.71","$70.98"
"10/4/2023","10/4/2023","10/5/2023","SPY","Option Expiration for SPY 10/4/2023 Call $432.00","OEXP","1","",""
"10/4/2023","10/4/2023","10/5/2023","IWM","IWM 10/4/2023 Put $172.00","OASGN","2","",""
"10/4/2023","10/4/2023","10/6/2023","IWM","iShares Russell 2000 ETF
CUSIP: 464287655
2 IWM Options Assigned","Buy","200","$172.00","($34,400.00)"
"10/2/2023","10/2/2023","10/3/2023","","ACH Withdrawal","ACH","","","($1,000.00)"
"10/2/2023","10/2/2023","10/3/2023","IWM","IWM 10/4/2023 Put $172.00","STO","2","$0.26","$51.98"
"10/2/2023","10/2/2023","10/3/2023","SPY","SPY 10/4/2023 Call $432.00","STO","1","$0.86","$85.98"
"9/29/2023","9/29/2023","9/29/2023","","Interest Payment","INT","","","$25.03"
"9/29/2023","9/29/2023","10/2/2023","SPY","SPY 9/29/2023 Call $430.00","BTC","1","$0.88","($88.00)"
"9/27/2023","9/27/2023","9/28/2023","SPY","SPY 9/29/2023 Call $430.00","STO","1","$0.97","$96.98"
"9/26/2023","9/26/2023","9/27/2023","SPY","Option Expiration for SPY 9/26/2023 Call $435.00","OEXP","1","",""
"9/25/2023","9/25/2023","9/26/2023","SPY","SPY 9/26/2023 Call $435.00","STO","1","$0.27","$26.98"
"9/20/2023","9/20/2023","9/21/2023","SPY","SPY 9/20/2023 Put $440.00","OASGN","1","",""
"9/20/2023","9/20/2023","9/22/2023","SPY","SPDR S&P 500 ETF Trust
CUSIP: 78462F103
1 SPY Option Assigned","Buy","100","$440.00","($44,000.00)"
"9/20/2023","9/20/2023","9/20/2023","","Interest Payment","INT","","","$67.80"
"9/19/2023","9/19/2023","9/20/2023","SPY","SPY 9/20/2023 Put $440.00","STO","1","$0.71","$70.98"
"9/18/2023","9/18/2023","9/19/2023","SPY","Option Expiration for SPY 9/18/2023 Put $441.00","OEXP","1","",""
"9/15/2023","9/15/2023","9/18/2023","SPY","SPY 9/18/2023 Put $441.00","STO","1","$0.47","$46.98"
"9/15/2023","9/15/2023","9/18/2023","SPY","SPY 9/15/2023 Put $444.00","BTC","1","$0.97","($97.00)"
"9/13/2023","9/13/2023","9/14/2023","SPY","SPY 9/15/2023 Put $444.00","STO","1","$1.12","$111.98"
"9/12/2023","9/12/2023","9/13/2023","SPY","Option Expiration for SPY 9/12/2023 Put $446.00","OEXP","1","",""
"9/12/2023","9/12/2023","9/13/2023","SPY","SPY 9/12/2023 Put $446.00","OAREV","1S","",""
"9/12/2023","9/12/2023","9/13/2023","SPY","Option Expiration for SPY 9/12/2023 Put $446.00","OEXP","1","",""
"9/11/2023","9/11/2023","9/12/2023","SPY","SPY 9/12/2023 Put $446.00","STO","1","$0.55","$54.98"
"9/8/2023","9/8/2023","9/11/2023","SPY","Option Expiration for SPY 9/8/2023 Put $440.00","OEXP","1","",""
"9/8/2023","9/8/2023","9/8/2023","IWM","Stock Lending","SLIP","","","$0.01"
"9/8/2023","9/8/2023","9/8/2023","","Gold Subscription Fee","GOLD","","","($5.00)"
"9/8/2023","9/8/2023","9/8/2023","","Aggregated Margin Rate","MINT","","","($5.47)"
"9/7/2023","9/7/2023","9/8/2023","SPY","SPY 9/8/2023 Put $440.00","STO","1","$0.56","$55.98"
"9/6/2023","9/6/2023","9/7/2023","IWM","Option Expiration for IWM 9/6/2023 Put $186.00","OEXP","2","",""
"9/5/2023","9/5/2023","9/6/2023","IWM","IWM 9/6/2023 Put $186.00","STO","2","$0.22","$43.98"
"9/1/2023","9/1/2023","9/5/2023","","ACH Withdrawal","ACH","","","($1,000.00)"
"8/31/2023","8/31/2023","8/31/2023","","Interest Payment","INT","","","$59.89"
"8/30/2023","8/30/2023","8/31/2023","IWM","IWM 8/30/2023 Call $188.00","OASGN","2","",""
"8/30/2023","8/30/2023","9/1/2023","IWM","iShares Russell 2000 ETF
CUSIP: 464287655
2 IWM Options Assigned","Sell","200","$188.00","$37,599.66"
"8/28/2023","8/28/2023","8/29/2023","IWM","IWM 8/30/2023 Call $188.00","STO","2","$0.61","$121.98"
"8/25/2023","8/25/2023","8/28/2023","IWM","Option Expiration for IWM 8/25/2023 Call $187.00","OEXP","2","",""
"8/25/2023","8/25/2023","8/28/2023","IWM","Option Expiration for IWM 8/25/2023 Put $182.00","OEXP","2","",""
"8/24/2023","8/24/2023","8/25/2023","IWM","IWM 8/25/2023 Call $187.00","STO","2","$0.25","$49.98"
"8/23/2023","8/23/2023","8/24/2023","IWM","Option Expiration for IWM 8/23/2023 Call $187.00","OEXP","2","",""
"8/22/2023","8/22/2023","8/23/2023","IWM","IWM 8/25/2023 Put $182.00","STO","2","$0.60","$119.98"
"8/21/2023","8/21/2023","8/23/2023","SLV","iShares Silver Trust
CUSIP: 46428Q109","Sell","1000","$21.36","$21,360.37"
"8/21/2023","8/21/2023","8/22/2023","IWM","IWM 8/23/2023 Call $187.00","STO","2","$0.15","$29.98"
"8/18/2023","8/18/2023","8/21/2023","SLV","Option Expiration for SLV 8/18/2023 Call $21.00","OEXP","10","",""
"8/18/2023","8/18/2023","8/21/2023","IWM","Option Expiration for IWM 8/18/2023 Call $187.50","OEXP","2","",""
"8/17/2023","8/17/2023","8/18/2023","IWM","IWM 8/18/2023 Call $187.50","STO","2","$0.64","$127.98"
"8/16/2023","8/16/2023","8/17/2023","IWM","IWM 8/16/2023 Put $187.00","OASGN","2","",""
"8/16/2023","8/16/2023","8/18/2023","IWM","iShares Russell 2000 ETF
CUSIP: 464287655
2 IWM Options Assigned","Buy","200","$187.00","($37,400.00)"
"8/14/2023","8/14/2023","8/15/2023","SLV","SLV 8/18/2023 Call $21.00","STO","4","$0.12","$47.98"
"8/14/2023","8/14/2023","8/15/2023","SLV","SLV 8/18/2023 Call $21.00","STO","6","$0.12","$71.98"
"8/14/2023","8/14/2023","8/15/2023","IWM","IWM 8/16/2023 Put $187.00","STO","2","$0.39","$77.98"
"8/11/2023","8/11/2023","8/14/2023","SLV","Option Expiration for SLV 8/11/2023 Call $21.00","OEXP","10","",""
"8/11/2023","8/11/2023","8/14/2023","IWM","Option Expiration for IWM 8/11/2023 Put $189.00","OEXP","2","",""
"8/10/2023","8/10/2023","8/11/2023","SLV","SLV 8/11/2023 Call $21.00","STO","10","$0.07","$69.97"
"8/10/2023","8/10/2023","8/14/2023","SLV","iShares Silver Trust
CUSIP: 46428Q109","Buy","1000","$20.84","($20,845.00)"
"8/10/2023","8/10/2023","8/11/2023","IWM","IWM 8/11/2023 Put $189.00","STO","2","$0.18","$35.98"
"8/9/2023","8/9/2023","8/10/2023","IWM","Option Expiration for IWM 8/9/2023 Put $189.00","OEXP","2","",""
"8/9/2023","8/9/2023","8/9/2023","","Gold Subscription Fee","GOLD","","","($5.00)"
"8/8/2023","8/8/2023","8/9/2023","IWM","IWM 8/9/2023 Put $189.00","STO","1","$0.32","$31.98"
"8/8/2023","8/8/2023","8/9/2023","IWM","IWM 8/9/2023 Put $189.00","STO","1","$0.32","$31.98"
"8/7/2023","8/7/2023","8/8/2023","IWM","Option Expiration for IWM 8/7/2023 Put $193.00","OEXP","2","",""
"8/7/2023","8/7/2023","8/7/2023","SLV","Stock Lending","SLIP","","","$0.01"
"8/4/2023","8/4/2023","8/7/2023","IWM","IWM 8/7/2023 Put $193.00","STO","2","$0.21","$41.98"
"8/4/2023","8/4/2023","8/7/2023","IWM","IWM 8/4/2023 Put $192.00","BTC","2","$0.01","($2.00)"
"8/3/2023","8/3/2023","8/4/2023","IWM","IWM 8/4/2023 Put $192.00","STO","2","$0.43","$85.98"
"8/2/2023","8/2/2023","8/3/2023","IWM","Option Expiration for IWM 8/2/2023 Put $195.00","OEXP","2","",""
"8/1/2023","8/1/2023","8/2/2023","","ACH Withdrawal","ACH","","","($700.00)"
"8/1/2023","8/1/2023","8/2/2023","IWM","IWM 8/2/2023 Put $195.00","STO","2","$0.33","$65.98"
"7/31/2023","7/31/2023","7/31/2023","","Interest Payment","INT","","","$44.24"
"7/28/2023","7/28/2023","7/31/2023","IWM","Option Expiration for IWM 7/28/2023 Put $194.00","OEXP","2","",""
"7/27/2023","7/27/2023","7/28/2023","IWM","IWM 7/28/2023 Put $194.00","STO","2","$0.16","$31.98"
"7/26/2023","7/26/2023","7/27/2023","IWM","Option Expiration for IWM 7/26/2023 Put $192.00","OEXP","2","",""
"7/24/2023","7/24/2023","7/25/2023","IWM","IWM 7/26/2023 Put $192.00","STO","2","$0.42","$83.98"
"7/21/2023","7/21/2023","7/24/2023","SLV","SLV 7/21/2023 Call $22.50","OASGN","20","",""
"7/21/2023","7/21/2023","7/25/2023","SLV","iShares Silver Trust
CUSIP: 46428Q109
20 SLV Options Assigned","Sell","2000","$22.50","$44,999.35"
"7/13/2023","7/13/2023","7/14/2023","SLV","SLV 7/21/2023 Call $22.50","STO","20","$0.42","$839.94"
"7/13/2023","7/13/2023","7/14/2023","SLV","SLV 7/14/2023 Call $21.50","BTC","6","$1.17","($702.00)"
"7/13/2023","7/13/2023","7/14/2023","SLV","SLV 7/14/2023 Call $21.50","BTC","6","$1.17","($702.00)"
"7/13/2023","7/13/2023","7/14/2023","SLV","SLV 7/14/2023 Call $21.50","BTC","8","$1.17","($936.00)"
"7/10/2023","7/10/2023","7/11/2023","SLV","SLV 7/14/2023 Call $21.50","STO","20","$0.09","$179.94"
"7/10/2023","7/10/2023","7/10/2023","","Gold Fee","GOLD","","","($5.00)"
"7/7/2023","7/7/2023","7/10/2023","SLV","Option Expiration for SLV 7/7/2023 Call $21.50","OEXP","20","",""
"7/5/2023","7/5/2023","7/6/2023","SLV","SLV 7/7/2023 Call $21.50","STO","1","$0.09","$8.98"
"7/5/2023","7/5/2023","7/6/2023","SLV","SLV 7/7/2023 Call $21.50","STO","1","$0.09","$8.98"
"7/5/2023","7/5/2023","7/6/2023","SLV","SLV 7/7/2023 Call $21.50","STO","2","$0.09","$17.98"
"7/5/2023","7/5/2023","7/6/2023","SLV","SLV 7/7/2023 Call $21.50","STO","2","$0.09","$17.98"
"7/5/2023","7/5/2023","7/6/2023","SLV","SLV 7/7/2023 Call $21.50","STO","6","$0.09","$53.98"
"7/5/2023","7/5/2023","7/6/2023","SLV","SLV 7/7/2023 Call $21.50","STO","8","$0.09","$71.97"
"7/5/2023","7/5/2023","7/6/2023","","ACH Withdrawal","ACH","","","($700.00)"
"6/30/2023","6/30/2023","7/3/2023","SLV","Option Expiration for SLV 6/30/2023 Call $21.00","OEXP","20","",""
"6/30/2023","6/30/2023","7/3/2023","SLV","Option Expiration for SLV 6/30/2023 Put $20.50","OEXP","10","",""
"6/30/2023","6/30/2023","6/30/2023","","Interest Payment","INT","","","$19.68"
"6/26/2023","6/26/2023","6/27/2023","SLV","SLV 6/30/2023 Call $21.00","STO","1","$0.16","$15.98"
"6/26/2023","6/26/2023","6/27/2023","SLV","SLV 6/30/2023 Call $21.00","STO","2","$0.16","$31.98"
"6/26/2023","6/26/2023","6/27/2023","SLV","SLV 6/30/2023 Call $21.00","STO","5","$0.16","$79.98"
"6/26/2023","6/26/2023","6/27/2023","SLV","SLV 6/30/2023 Call $21.00","STO","1","$0.16","$15.98"
"6/26/2023","6/26/2023","6/27/2023","SLV","SLV 6/30/2023 Call $21.00","STO","1","$0.16","$15.98"
"6/26/2023","6/26/2023","6/27/2023","SLV","SLV 6/30/2023 Call $21.00","STO","2","$0.16","$31.98"
"6/26/2023","6/26/2023","6/27/2023","SLV","SLV 6/30/2023 Call $21.00","STO","1","$0.16","$15.98"
"6/26/2023","6/26/2023","6/27/2023","SLV","SLV 6/30/2023 Call $21.00","STO","1","$0.16","$15.98"
"6/26/2023","6/26/2023","6/27/2023","SLV","SLV 6/30/2023 Call $21.00","STO","2","$0.16","$31.98"
"6/26/2023","6/26/2023","6/27/2023","SLV","SLV 6/30/2023 Call $21.00","STO","1","$0.16","$15.98"
"6/26/2023","6/26/2023","6/27/2023","SLV","SLV 6/30/2023 Call $21.00","STO","1","$0.16","$15.98"
"6/26/2023","6/26/2023","6/27/2023","SLV","SLV 6/30/2023 Call $21.00","STO","2","$0.16","$31.98"
"6/23/2023","6/23/2023","6/26/2023","SLV","SLV 6/30/2023 Put $20.50","STO","1","$0.23","$22.98"
"6/23/2023","6/23/2023","6/26/2023","SLV","SLV 6/30/2023 Put $20.50","STO","1","$0.23","$22.98"
"6/23/2023","6/23/2023","6/26/2023","SLV","SLV 6/30/2023 Put $20.50","STO","8","$0.23","$183.97"
"6/21/2023","6/21/2023","6/22/2023","IWM","Option Expiration for IWM 6/21/2023 Put $184.00","OEXP","2","",""
"6/20/2023","6/20/2023","6/21/2023","IWM","IWM 6/21/2023 Put $184.00","STO","2","$0.63","$125.98"
"6/16/2023","6/16/2023","6/20/2023","IWM","Option Expiration for IWM 6/16/2023 Put $183.00","OEXP","2","",""
"6/16/2023","6/16/2023","6/20/2023","SLV","Option Expiration for SLV 6/16/2023 Call $22.50","OEXP","20","",""
"6/15/2023","6/15/2023","6/16/2023","IWM","IWM 6/16/2023 Put $183.00","STO","2","$0.52","$103.98"
"6/14/2023","6/14/2023","6/15/2023","IWM","Option Expiration for IWM 6/14/2023 Put $183.00","OEXP","2","",""
"6/12/2023","6/12/2023","6/13/2023","IWM","IWM 6/14/2023 Put $183.00","STO","2","$0.62","$123.98"
"6/12/2023","6/12/2023","6/13/2023","","ACH Withdrawal","ACH","","","($700.00)"
"6/12/2023","6/12/2023","6/12/2023","","Gold Fee","GOLD","","","($5.00)"
"6/12/2023","6/12/2023","6/12/2023","","Aggregated Margin Rate","MINT","","","($14.75)"
"6/9/2023","6/9/2023","6/12/2023","IWM","Option Expiration for IWM 6/9/2023 Put $184.00","OEXP","2","",""
"6/9/2023","6/9/2023","6/12/2023","IWM","IWM 6/9/2023 Put $184.00","STO","2","$0.23","$45.98"
"6/8/2023","6/8/2023","6/9/2023","SLV","SLV 6/16/2023 Call $22.50","STO","1","$0.27","$26.98"
"6/8/2023","6/8/2023","6/9/2023","SLV","SLV 6/16/2023 Call $22.50","STO","1","$0.27","$26.98"
"6/8/2023","6/8/2023","6/9/2023","SLV","SLV 6/16/2023 Call $22.50","STO","3","$0.27","$80.98"
"6/8/2023","6/8/2023","6/9/2023","SLV","SLV 6/16/2023 Call $22.50","STO","5","$0.27","$134.98"
"6/8/2023","6/8/2023","6/9/2023","SLV","SLV 6/16/2023 Call $22.50","STO","4","$0.27","$107.98"
"6/8/2023","6/8/2023","6/9/2023","SLV","SLV 6/16/2023 Call $22.50","STO","6","$0.27","$161.98"
"6/8/2023","6/8/2023","6/9/2023","SLV","SLV 6/9/2023 Call $22.00","BTC","1","$0.35","($35.00)"
"6/8/2023","6/8/2023","6/9/2023","SLV","SLV 6/9/2023 Call $22.00","BTC","8","$0.35","($280.00)"
"6/8/2023","6/8/2023","6/9/2023","SLV","SLV 6/9/2023 Call $22.00","BTC","5","$0.35","($175.00)"
"6/8/2023","6/8/2023","6/9/2023","SLV","SLV 6/9/2023 Call $22.00","BTC","5","$0.35","($175.00)"
"6/8/2023","6/8/2023","6/9/2023","SLV","SLV 6/9/2023 Call $22.00","BTC","1","$0.35","($35.00)"
"6/7/2023","6/7/2023","6/7/2023","SPY","Stock Lending","SLIP","","","$0.01"
"6/7/2023","6/7/2023","6/7/2023","SLV","Stock Lending","SLIP","","","$0.01"
"6/2/2023","6/2/2023","6/5/2023","SLV","SLV 6/9/2023 Call $22.00","STO","16","$0.21","$335.95"
"6/2/2023","6/2/2023","6/5/2023","SLV","SLV 6/2/2023 Call $21.50","BTC","16","$0.32","($512.00)"
"6/2/2023","6/2/2023","6/5/2023","SLV","SLV 6/9/2023 Call $22.00","STO","4","$0.21","$83.98"
"6/2/2023","6/2/2023","6/5/2023","SLV","SLV 6/2/2023 Call $21.50","BTC","4","$0.32","($128.00)"
"5/31/2023","5/31/2023","5/31/2023","","Interest Payment","INT","","","$10.88"
"5/30/2023","5/30/2023","5/31/2023","SLV","SLV 6/2/2023 Call $21.50","STO","20","$0.18","$359.94"
"5/26/2023","5/26/2023","5/30/2023","SLV","Option Expiration for SLV 5/26/2023 Call $22.00","OEXP","20","",""
"5/22/2023","5/22/2023","5/23/2023","SLV","SLV 5/26/2023 Call $22.00","STO","20","$0.16","$319.94"
"5/19/2023","5/19/2023","5/22/2023","SLV","Option Expiration for SLV 5/19/2023 Call $22.50","OEXP","10","",""
"5/19/2023","5/19/2023","5/22/2023","SLV","SLV 5/19/2023 Put $22.00","OASGN","10","",""
"5/19/2023","5/19/2023","5/23/2023","SLV","iShares Silver Trust
CUSIP: 46428Q109
10 SLV Options Assigned","Buy","1000","$22.00","($22,000.00)"
"5/19/2023","5/19/2023","5/22/2023","SPY","SPY 5/19/2023 Call $413.00","OASGN","1","",""
"5/19/2023","5/19/2023","5/23/2023","SPY","SPDR S&P 500 ETF Trust
CUSIP: 78462F103
1 SPY Option Assigned","Sell","100","$413.00","$41,299.65"
"5/17/2023","5/17/2023","5/18/2023","SPY","SPY 5/19/2023 Call $413.00","STO","1","$1.59","$158.98"
"5/16/2023","5/16/2023","5/17/2023","SPY","Option Expiration for SPY 5/16/2023 Call $413.00","OEXP","1","",""
"5/16/2023","5/16/2023","5/16/2023","","Interest Payment","INT","","","$15.04"
"5/15/2023","5/15/2023","5/16/2023","SPY","SPY 5/16/2023 Call $413.00","STO","1","$0.75","$74.98"
"5/15/2023","5/15/2023","5/16/2023","SLV","SLV 5/19/2023 Put $22.00","STO","9","$0.20","$179.97"
"5/15/2023","5/15/2023","5/16/2023","SLV","SLV 5/19/2023 Put $22.00","STO","1","$0.20","$19.98"
"5/15/2023","5/15/2023","5/16/2023","SLV","SLV 5/19/2023 Call $22.50","STO","5","$0.17","$84.98"
"5/15/2023","5/15/2023","5/16/2023","SLV","SLV 5/19/2023 Call $22.50","STO","4","$0.16","$63.98"
"5/15/2023","5/15/2023","5/16/2023","SLV","SLV 5/19/2023 Call $22.50","STO","1","$0.16","$15.98"
"5/15/2023","5/15/2023","5/15/2023","","ACH Withdrawal","ACH","","","($700.00)"
"5/12/2023","5/12/2023","5/15/2023","SLV","SLV 5/12/2023 Put $22.50","OASGN","10","",""
"5/12/2023","5/12/2023","5/16/2023","SLV","iShares Silver Trust
CUSIP: 46428Q109
10 SLV Options Assigned","Buy","1000","$22.50","($22,500.00)"
"5/12/2023","5/12/2023","5/15/2023","SPY","Option Expiration for SPY 5/12/2023 Call $413.00","OEXP","1","",""
"5/11/2023","5/11/2023","5/12/2023","SPY","SPY 5/12/2023 Call $413.00","STO","1","$1.03","$102.98"
"5/11/2023","5/11/2023","5/12/2023","SLV","SLV 5/12/2023 Put $22.50","STO","10","$0.11","$109.97"
"5/11/2023","5/11/2023","5/11/2023","","Gold Fee","GOLD","","","($5.00)"
"5/11/2023","5/11/2023","5/11/2023","","Aggregated Margin Rate","MINT","","","($11.64)"
"5/10/2023","5/10/2023","5/11/2023","SPY","Option Expiration for SPY 5/10/2023 Call $414.00","OEXP","1","",""
"5/9/2023","5/9/2023","5/10/2023","SPY","SPY 5/10/2023 Call $414.00","STO","1","$0.68","$67.98"
"5/8/2023","5/8/2023","5/9/2023","SPY","Option Expiration for SPY 5/8/2023 Call $414.00","OEXP","1","",""
"5/5/2023","5/5/2023","5/8/2023","SLV","SLV 5/5/2023 Call $23.50","OASGN","10","",""
"5/5/2023","5/5/2023","5/9/2023","SLV","iShares Silver Trust
CUSIP: 46428Q109
10 SLV Options Assigned","Sell","1000","$23.50","$23,499.66"
"5/5/2023","5/5/2023","5/8/2023","SPY","SPY 5/8/2023 Call $414.00","STO","1","$0.69","$68.98"
"5/5/2023","5/5/2023","5/8/2023","SPY","SPY 5/5/2023 Call $408.00","BTC","1","$3.55","($355.00)"
"5/4/2023","5/4/2023","5/5/2023","SPY","SPY 5/5/2023 Call $408.00","STO","1","$1.05","$104.98"
"5/3/2023","5/3/2023","5/4/2023","SPY","Option Expiration for SPY 5/3/2023 Call $414.00","OEXP","1","",""
"5/2/2023","5/2/2023","5/3/2023","SPY","SPY 5/3/2023 Call $414.00","STO","1","$1.61","$160.98"
"5/2/2023","5/2/2023","5/4/2023","SPY","SPDR S&P 500 ETF Trust
CUSIP: 78462F103","Buy","100","$413.06","($41,305.71)"
"5/1/2023","5/1/2023","5/2/2023","SLV","SLV 5/5/2023 Call $23.50","STO","10","$0.41","$409.97"
"4/28/2023","4/28/2023","5/1/2023","SLV","Option Expiration for SLV 4/28/2023 Put $22.50","OEXP","15","",""
"4/28/2023","4/28/2023","5/1/2023","SLV","Option Expiration for SLV 4/28/2023 Call $23.50","OEXP","10","",""
"4/28/2023","4/28/2023","4/28/2023","SPY","Cash Div: R/D 2023-03-20 P/D 2023-04-28 - 2 shares at 1.506204","CDIV","","","$3.01"
"4/28/2023","4/28/2023","4/28/2023","SPY","Manufactured Div: R/D 2023-03-20 P/D 2023-04-28 - 98 shares at 1.506204","MDIV","","","$147.61"
"4/28/2023","4/28/2023","4/28/2023","","Interest Payment","INT","","","$65.11"
"4/24/2023","4/24/2023","4/25/2023","SLV","SLV 4/28/2023 Put $22.50","STO","1","$0.07","$6.98"
"4/24/2023","4/24/2023","4/25/2023","SLV","SLV 4/28/2023 Put $22.50","STO","1","$0.07","$6.98"
"4/24/2023","4/24/2023","4/25/2023","SLV","SLV 4/28/2023 Put $22.50","STO","1","$0.07","$6.98"
"4/24/2023","4/24/2023","4/25/2023","SLV","SLV 4/28/2023 Put $22.50","STO","1","$0.07","$6.98"
"4/24/2023","4/24/2023","4/25/2023","SLV","SLV 4/28/2023 Put $22.50","STO","1","$0.07","$6.98"
"4/24/2023","4/24/2023","4/25/2023","SLV","SLV 4/28/2023 Put $22.50","STO","1","$0.07","$6.98"
"4/24/2023","4/24/2023","4/25/2023","SLV","SLV 4/28/2023 Put $22.50","STO","1","$0.07","$6.98"
"4/24/2023","4/24/2023","4/25/2023","SLV","SLV 4/28/2023 Put $22.50","STO","2","$0.07","$13.98"
"4/24/2023","4/24/2023","4/25/2023","SLV","SLV 4/28/2023 Put $22.50","STO","1","$0.07","$6.98"
"4/24/2023","4/24/2023","4/25/2023","SLV","SLV 4/28/2023 Put $22.50","STO","2","$0.07","$13.98"
"4/24/2023","4/24/2023","4/25/2023","SLV","SLV 4/28/2023 Put $22.50","STO","1","$0.07","$6.98"
"4/24/2023","4/24/2023","4/25/2023","SLV","SLV 4/28/2023 Put $22.50","STO","2","$0.07","$13.98"
"4/24/2023","4/24/2023","4/25/2023","SLV","SLV 4/28/2023 Call $23.50","STO","1","$0.13","$12.98"
"4/24/2023","4/24/2023","4/25/2023","SLV","SLV 4/28/2023 Call $23.50","STO","1","$0.13","$12.98"
"4/24/2023","4/24/2023","4/25/2023","SLV","SLV 4/28/2023 Call $23.50","STO","4","$0.13","$51.98"
"4/24/2023","4/24/2023","4/25/2023","SLV","SLV 4/28/2023 Call $23.50","STO","4","$0.13","$51.98"
"4/21/2023","4/21/2023","4/24/2023","SLV","Option Expiration for SLV 4/21/2023 Put $23.00","OEXP","10","",""
"4/21/2023","4/21/2023","4/24/2023","SLV","SLV 4/21/2023 Put $23.50","OASGN","10","",""
"4/21/2023","4/21/2023","4/25/2023","SLV","iShares Silver Trust
CUSIP: 46428Q109
10 SLV Options Assigned","Buy","1000","$23.50","($23,500.00)"
"4/13/2023","4/13/2023","4/14/2023","SLV","SLV 4/14/2023 Put $22.50","BTC","7","$0.01","($7.00)"
"4/13/2023","4/13/2023","4/14/2023","SLV","SLV 4/21/2023 Put $23.50","STO","7","$0.35","$244.97"
"4/13/2023","4/13/2023","4/14/2023","SLV","SLV 4/14/2023 Put $22.50","BTC","3","$0.01","($3.00)"
"4/13/2023","4/13/2023","4/14/2023","SLV","SLV 4/21/2023 Put $23.50","STO","3","$0.35","$104.98"
"4/13/2023","4/13/2023","4/14/2023","SLV","SLV 4/21/2023 Put $23.00","STO","10","$0.16","$159.97"
"4/11/2023","4/11/2023","4/11/2023","","Gold Fee","GOLD","","","($5.00)"
"4/10/2023","4/10/2023","4/10/2023","SPY","Stock Lending","SLIP","","","$0.01"
"4/6/2023","4/6/2023","4/10/2023","SLV","SLV 4/14/2023 Put $22.50","STO","5","$0.37","$184.98"
"4/6/2023","4/6/2023","4/10/2023","SLV","SLV 4/6/2023 Put $22.00","BTC","5","$0.01","($5.00)"
"4/6/2023","4/6/2023","4/10/2023","SLV","SLV 4/14/2023 Put $22.50","STO","5","$0.37","$184.98"
"4/6/2023","4/6/2023","4/10/2023","SLV","SLV 4/6/2023 Put $22.00","BTC","5","$0.01","($5.00)"
"4/3/2023","4/3/2023","4/4/2023","SLV","SLV 4/6/2023 Put $22.00","STO","1","$0.17","$16.98"
"4/3/2023","4/3/2023","4/4/2023","SLV","SLV 4/6/2023 Put $22.00","STO","1","$0.17","$16.98"
"4/3/2023","4/3/2023","4/4/2023","SLV","SLV 4/6/2023 Put $22.00","STO","1","$0.17","$16.98"
"4/3/2023","4/3/2023","4/4/2023","SLV","SLV 4/6/2023 Put $22.00","STO","1","$0.17","$16.98"
"4/3/2023","4/3/2023","4/4/2023","SLV","SLV 4/6/2023 Put $22.00","STO","2","$0.17","$33.98"
"4/3/2023","4/3/2023","4/4/2023","SLV","SLV 4/6/2023 Put $22.00","STO","4","$0.17","$67.98"
"4/3/2023","4/3/2023","4/3/2023","","ACH Withdrawal","ACH","","","($700.00)"
"3/31/2023","3/31/2023","3/31/2023","","Interest Payment","INT","","","$82.23"
"3/29/2023","3/29/2023","3/30/2023","SPY","Option Expiration for SPY 3/29/2023 Put $391.00","OEXP","1","",""
"3/28/2023","3/28/2023","3/29/2023","SPY","SPY 3/29/2023 Put $391.00","STO","1","$0.61","$60.98"
"3/20/2023","3/20/2023","3/21/2023","SPY","SPY 3/20/2023 Call $392.00","OASGN","1","",""
"3/20/2023","3/20/2023","3/22/2023","SPY","SPDR S&P 500 ETF Trust
CUSIP: 78462F103
1 SPY Option Assigned","Sell","100","$392.00","$39,199.67"
"3/20/2023","3/20/2023","3/21/2023","SPY","SPY 3/20/2023 Call $392.00","STO","1","$1.71","$170.98"
"3/17/2023","3/17/2023","3/20/2023","SPY","Option Expiration for SPY 3/17/2023 Call $393.00","OEXP","1","",""
"3/17/2023","3/17/2023","3/17/2023","","ACH Withdrawal","ACH","","","($700.00)"
"3/16/2023","3/16/2023","3/17/2023","SPY","SPY 3/17/2023 Call $393.00","STO","1","$1.52","$151.98"
"3/15/2023","3/15/2023","3/16/2023","SPY","Option Expiration for SPY 3/15/2023 Put $380.00","OEXP","1","",""
"3/15/2023","3/15/2023","3/16/2023","SPY","Option Expiration for SPY 3/15/2023 Call $392.00","OEXP","1","",""
"3/13/2023","3/13/2023","3/14/2023","SPY","SPY 3/15/2023 Put $380.00","STO","1","$1.45","$144.98"
"3/13/2023","3/13/2023","3/14/2023","SPY","SPY 3/15/2023 Call $392.00","STO","1","$2.73","$272.98"
"3/13/2023","3/13/2023","3/13/2023","","Gold Fee","GOLD","","","($5.00)"
"3/13/2023","3/13/2023","3/13/2023","","Aggregated Margin Rate","MINT","","","($39.31)"
"3/10/2023","3/10/2023","3/13/2023","SPY","SPY 3/10/2023 Put $392.00","OASGN","1","",""
"3/10/2023","3/10/2023","3/14/2023","SPY","SPDR S&P 500 ETF Trust
CUSIP: 78462F103
1 SPY Option Assigned","Buy","100","$392.00","($39,200.00)"
"3/7/2023","3/7/2023","3/8/2023","SPY","SPY 3/10/2023 Put $392.00","STO","1","$1.10","$109.98"
"3/3/2023","3/3/2023","3/6/2023","SPY","SPY 3/3/2023 Call $401.00","OASGN","2","",""
"3/3/2023","3/3/2023","3/7/2023","SPY","SPDR S&P 500 ETF Trust
CUSIP: 78462F103
2 SPY Options Assigned","Sell","200","$401.00","$80,199.32"
"3/2/2023","3/2/2023","3/3/2023","SPY","SPY 3/3/2023 Call $401.00","STO","2","$0.65","$129.98"
"3/1/2023","3/1/2023","3/2/2023","SPY","Option Expiration for SPY 3/1/2023 Call $402.00","OEXP","2","",""
"2/28/2023","2/28/2023","2/28/2023","","Interest Payment","INT","","","$89.70"
"2/27/2023","2/27/2023","2/28/2023","SPY","SPY 3/1/2023 Call $402.00","STO","2","$1.77","$353.98"
"2/24/2023","2/24/2023","2/27/2023","SPY","Option Expiration for SPY 2/24/2023 Call $402.00","OEXP","1","",""
"2/24/2023","2/24/2023","2/27/2023","SPY","SPY 2/24/2023 Put $397.00","OASGN","1","",""
"2/24/2023","2/24/2023","2/28/2023","SPY","SPDR S&P 500 ETF Trust
CUSIP: 78462F103
1 SPY Option Assigned","Buy","100","$397.00","($39,700.00)"
"2/23/2023","2/23/2023","2/24/2023","SPY","SPY 2/24/2023 Put $397.00","STO","1","$1.26","$125.98"
"2/23/2023","2/23/2023","2/24/2023","SPY","SPY 2/24/2023 Call $402.00","STO","1","$1.63","$162.98"
"2/22/2023","2/22/2023","2/23/2023","SPY","SPY 2/22/2023 Put $401.00","OASGN","1","",""
"2/22/2023","2/22/2023","2/24/2023","SPY","SPDR S&P 500 ETF Trust
CUSIP: 78462F103
1 SPY Option Assigned","Buy","100","$401.00","($40,100.00)"
"2/17/2023","2/17/2023","2/17/2023","","ACH Withdrawal","ACH","","","($700.00)"
"2/17/2023","2/17/2023","2/21/2023","SPY","SPY 2/22/2023 Put $401.00","STO","1","$1.09","$108.98"
"2/15/2023","2/15/2023","2/16/2023","SPY","Option Expiration for SPY 2/15/2023 Put $405.00","OEXP","1","",""
"2/13/2023","2/13/2023","2/14/2023","SPY","SPY 2/15/2023 Put $405.00","STO","1","$1.52","$151.98"
"2/10/2023","2/10/2023","2/13/2023","SPY","Option Expiration for SPY 2/10/2023 Put $406.00","OEXP","1","",""
"2/10/2023","2/10/2023","2/10/2023","","Gold Fee","GOLD","","","($5.00)"
"2/8/2023","2/8/2023","2/9/2023","SPY","SPY 2/10/2023 Put $406.00","STO","1","$0.86","$85.98"
"2/7/2023","2/7/2023","2/8/2023","SPY","Option Expiration for SPY 2/7/2023 Put $406.00","OEXP","1","",""
"2/6/2023","2/6/2023","2/7/2023","SPY","SPY 2/7/2023 Put $406.00","STO","1","$0.72","$71.98"
"1/31/2023","1/31/2023","1/31/2023","","Interest Payment","INT","","","$87.84"
"1/25/2023","1/25/2023","1/26/2023","IWM","Option Expiration for IWM 1/25/2023 Put $180.00","OEXP","2","",""
"1/23/2023","1/23/2023","1/24/2023","SPY","SPY 1/23/2023 Call $392.00","OASGN","1","",""
"1/23/2023","1/23/2023","1/25/2023","SPY","SPDR S&P 500 ETF Trust
CUSIP: 78462F103
1 SPY Option Assigned","Sell","100","$392.00","$39,199.09"
"1/20/2023","1/20/2023","1/23/2023","IWM","IWM 1/25/2023 Put $180.00","STO","2","$0.44","$87.98"
"1/20/2023","1/20/2023","1/23/2023","SPY","SPY 1/23/2023 Call $392.00","STO","1","$1.06","$105.98"
"1/19/2023","1/19/2023","1/20/2023","SPY","SPY 1/19/2023 Put $390.00","OASGN","1","",""
"1/19/2023","1/19/2023","1/23/2023","SPY","SPDR S&P 500 ETF Trust
CUSIP: 78462F103
1 SPY Option Assigned","Buy","100","$390.00","($39,000.00)"
"1/18/2023","1/18/2023","1/19/2023","SPY","SPY 1/19/2023 Put $390.00","STO","1","$0.67","$66.98"
"1/18/2023","1/18/2023","1/19/2023","SPY","SPY 1/18/2023 Put $395.00","BTC","1","$2.12","($212.00)"
"1/17/2023","1/17/2023","1/18/2023","SPY","SPY 1/18/2023 Put $395.00","STO","1","$0.66","$65.98"
"1/17/2023","1/17/2023","1/17/2023","","ACH Withdrawal","ACH","","","($700.00)"
"1/13/2023","1/13/2023","1/17/2023","IWM","Option Expiration for IWM 1/13/2023 Put $176.00","OEXP","2","",""
"1/11/2023","1/11/2023","1/11/2023","","Gold Fee","GOLD","","","($5.00)"
"1/9/2023","1/9/2023","1/10/2023","IWM","IWM 1/13/2023 Put $176.00","STO","1","$1.24","$123.98"
"1/9/2023","1/9/2023","1/10/2023","IWM","IWM 1/13/2023 Put $176.00","STO","1","$1.24","$123.98"
"1/6/2023","1/6/2023","1/9/2023","IVV","Option Expiration for IVV 1/6/2023 Put $377.00","OEXP","1","",""
"1/6/2023","1/6/2023","1/6/2023","SPY","Stock Lending","SLIP","","","$0.01"
"1/5/2023","1/5/2023","1/6/2023","IVV","IVV 1/6/2023 Put $377.00","STO","1","$1.15","$114.98"
"1/4/2023","1/4/2023","1/5/2023","IWM","Option Expiration for IWM 1/4/2023 Put $171.00","OEXP","2","",""
"1/3/2023","1/3/2023","1/4/2023","IWM","IWM 1/4/2023 Put $171.00","STO","1","$0.46","$45.98"
"1/3/2023","1/3/2023","1/4/2023","IWM","IWM 1/4/2023 Put $171.00","STO","1","$0.47","$46.98"
"12/30/2022","12/30/2022","1/3/2023","IVV","Option Expiration for IVV 12/30/2022 Put $382.00","OEXP","1","",""
"12/30/2022","12/30/2022","1/3/2023","IWM","IWM 12/30/2022 Call $174.00","OASGN","2","",""
"12/30/2022","12/30/2022","1/4/2023","IWM","iShares Russell 2000 ETF
CUSIP: 464287655
2 IWM Options Assigned","Sell","200","$174.00","$34,799.17"
"12/30/2022","12/30/2022","12/30/2022","","Interest Payment","INT","","","$79.96"
"12/29/2022","12/29/2022","12/30/2022","IVV","IVV 12/30/2022 Put $382.00","STO","1","$0.50","$49.98"
"12/29/2022","12/29/2022","12/30/2022","IWM","IWM 12/30/2022 Call $174.00","STO","1","$1.13","$112.98"
"12/29/2022","12/29/2022","12/30/2022","IWM","IWM 12/30/2022 Call $174.00","STO","1","$1.13","$112.98"
"12/28/2022","12/28/2022","12/29/2022","IWM","IWM 12/28/2022 Put $172.00","OASGN","2","",""
"12/28/2022","12/28/2022","12/30/2022","IWM","iShares Russell 2000 ETF
CUSIP: 464287655
2 IWM Options Assigned","Buy","200","$172.00","($34,400.00)"
"12/27/2022","12/27/2022","12/28/2022","IWM","IWM 12/28/2022 Put $172.00","STO","2","$0.31","$61.98"
"12/23/2022","12/23/2022","12/27/2022","IWM","Option Expiration for IWM 12/23/2022 Put $171.00","OEXP","2","",""
"12/22/2022","12/22/2022","12/23/2022","IWM","IWM 12/23/2022 Put $171.00","STO","1","$0.46","$45.98"
"12/22/2022","12/22/2022","12/23/2022","IWM","IWM 12/23/2022 Put $171.00","STO","1","$0.46","$45.98"
"12/21/2022","12/21/2022","12/22/2022","IWM","Option Expiration for IWM 12/21/2022 Put $171.00","OEXP","2","",""
"12/19/2022","12/19/2022","12/20/2022","IWM","IWM 12/21/2022 Put $171.00","STO","2","$0.46","$91.98"
"12/16/2022","12/16/2022","12/19/2022","IWM","Option Expiration for IWM 12/16/2022 Put $173.00","OEXP","2","",""
"12/15/2022","12/15/2022","12/16/2022","IWM","IWM 12/16/2022 Put $173.00","STO","2","$0.42","$83.98"
"12/13/2022","12/13/2022","12/14/2022","SPY","SPY 12/13/2022 Call $396.00","OASGN","1","",""
"12/13/2022","12/13/2022","12/15/2022","SPY","SPDR S&P 500 ETF Trust
CUSIP: 78462F103
1 SPY Option Assigned","Sell","100","$396.00","$39,599.08"
"12/12/2022","12/12/2022","12/13/2022","SPY","SPY 12/13/2022 Call $396.00","STO","1","$3.52","$351.98"
"12/12/2022","12/12/2022","12/12/2022","","Gold Fee","GOLD","","","($5.00)"
"12/12/2022","12/12/2022","12/12/2022","","Aggregated Margin Rate","MINT","","","($16.15)"
"12/9/2022","12/9/2022","12/12/2022","SPY","Option Expiration for SPY 12/9/2022 Call $398.00","OEXP","1","",""
"12/7/2022","12/7/2022","12/7/2022","","ACH Withdrawal","ACH","","","($700.00)"
"12/7/2022","12/7/2022","12/8/2022","SPY","SPY 12/9/2022 Call $398.00","STO","1","$1.69","$168.98"
"12/6/2022","12/6/2022","12/7/2022","SPY","SPY 12/6/2022 Put $398.00","OASGN","1","",""
"12/6/2022","12/6/2022","12/8/2022","SPY","SPDR S&P 500 ETF Trust
CUSIP: 78462F103
1 SPY Option Assigned","Buy","100","$398.00","($39,800.00)"
"12/5/2022","12/5/2022","12/6/2022","SPY","SPY 12/6/2022 Put $398.00","STO","1","$0.32","$31.98"
"11/30/2022","11/30/2022","12/1/2022","SPY","Option Expiration for SPY 11/30/2022 Put $394.00","OEXP","1","",""
"11/30/2022","11/30/2022","11/30/2022","","Interest Payment","INT","","","$13.73"
"11/28/2022","11/28/2022","11/29/2022","SPY","SPY 11/30/2022 Put $394.00","STO","1","$0.99","$98.98"
"11/25/2022","11/25/2022","11/28/2022","SLV","SLV 11/25/2022 Call $19.50","OASGN","6","",""
"11/25/2022","11/25/2022","11/29/2022","SLV","iShares Silver Trust
CUSIP: 46428Q109
6 SLV Options Assigned","Sell","600","$19.50","$11,699.65"
"11/23/2022","11/23/2022","11/25/2022","QQQ","Option Expiration for QQQ 11/23/2022 Put $279.00","OEXP","1","",""
"11/23/2022","11/23/2022","11/25/2022","QQQ","QQQ 11/23/2022 Call $287.00","OASGN","1","",""
"11/23/2022","11/23/2022","11/28/2022","QQQ","Invesco QQQ
CUSIP: 46090E103
1 QQQ Option Assigned","Sell","100","$287.00","$28,699.33"
"11/22/2022","11/22/2022","11/23/2022","QQQ","QQQ 11/23/2022 Put $279.00","STO","1","$0.33","$32.98"
"11/21/2022","11/21/2022","11/22/2022","QQQ","Option Expiration for QQQ 11/21/2022 Put $280.00","OEXP","1","",""
"11/21/2022","11/21/2022","11/22/2022","QQQ","QQQ 11/23/2022 Call $287.00","STO","1","$0.76","$75.98"
"11/21/2022","11/21/2022","11/22/2022","SLV","SLV 11/25/2022 Call $19.50","STO","1","$0.11","$10.98"
"11/21/2022","11/21/2022","11/22/2022","SLV","SLV 11/25/2022 Call $19.50","STO","1","$0.11","$10.98"
"11/21/2022","11/21/2022","11/22/2022","SLV","SLV 11/25/2022 Call $19.50","STO","2","$0.11","$21.98"
"11/21/2022","11/21/2022","11/22/2022","SLV","SLV 11/25/2022 Call $19.50","STO","2","$0.11","$21.98"
"11/18/2022","11/18/2022","11/21/2022","QQQ","Option Expiration for QQQ 11/18/2022 Call $290.00","OEXP","1","",""
"11/18/2022","11/18/2022","11/21/2022","SLV","SLV 11/18/2022 Put $19.50","OASGN","6","",""
"11/18/2022","11/18/2022","11/22/2022","SLV","iShares Silver Trust
CUSIP: 46428Q109
6 SLV Options Assigned","Buy","600","$19.50","($11,700.00)"
"11/18/2022","11/18/2022","11/21/2022","QQQ","QQQ 11/21/2022 Put $280.00","STO","1","$0.71","$70.98"
"11/17/2022","11/17/2022","11/18/2022","QQQ","Option Expiration for QQQ 11/17/2022 Put $283.00","OEXP","1","",""
"11/16/2022","11/16/2022","11/17/2022","QQQ","QQQ 11/18/2022 Call $290.00","STO","1","$1.12","$111.98"
"11/16/2022","11/16/2022","11/17/2022","SLV","SLV 11/18/2022 Put $19.50","STO","6","$0.11","$65.98"
"11/16/2022","11/16/2022","11/17/2022","QQQ","QQQ 11/17/2022 Put $283.00","STO","1","$1.14","$113.98"
"11/15/2022","11/15/2022","11/16/2022","QQQ","Option Expiration for QQQ 11/15/2022 Call $290.00","OEXP","1","",""
"11/15/2022","11/15/2022","11/16/2022","SPY","SPY 11/15/2022 Call $397.00","OASGN","1","",""
"11/15/2022","11/15/2022","11/17/2022","SPY","SPDR S&P 500 ETF Trust
CUSIP: 78462F103
1 SPY Option Assigned","Sell","100","$397.00","$39,699.08"
"11/14/2022","11/14/2022","11/15/2022","QQQ","QQQ 11/15/2022 Call $290.00","STO","1","$1.10","$109.98"
"11/14/2022","11/14/2022","11/15/2022","QQQ","QQQ 11/14/2022 Call $291.00","BTC","1","$0.08","($8.00)"
"11/14/2022","11/14/2022","11/15/2022","SPY","SPY 11/15/2022 Call $397.00","STO","1","$2.56","$255.98"
"11/14/2022","11/14/2022","11/15/2022","SPY","SPY 11/14/2022 Call $402.00","BTC","1","$0.19","($19.00)"
"11/14/2022","11/14/2022","11/14/2022","","Gold Fee","GOLD","","","($5.00)"
"11/14/2022","11/14/2022","11/14/2022","","Aggregated Margin Rate","MINT","","","($24.44)"
"11/11/2022","11/11/2022","11/14/2022","SPY","SPY 11/14/2022 Call $402.00","STO","1","$1.12","$111.98"
"11/11/2022","11/11/2022","11/14/2022","QQQ","QQQ 11/14/2022 Call $291.00","STO","1","$1.10","$109.98"
"11/11/2022","11/11/2022","11/14/2022","QQQ","QQQ 11/11/2022 Call $280.00","BTC","1","$8.26","($826.00)"
"11/11/2022","11/11/2022","11/14/2022","SPY","SPY 11/11/2022 Call $383.00","BTC","1","$15.95","($1,595.00)"
"11/10/2022","11/10/2022","11/14/2022","QQQ","QQQ 11/11/2022 Call $280.00","STO","1","$1.17","$116.98"
"11/9/2022","11/9/2022","11/10/2022","QQQ","Option Expiration for QQQ 11/9/2022 Call $271.00","OEXP","1","",""
"11/9/2022","11/9/2022","11/10/2022","SPY","SPY 11/11/2022 Call $383.00","STO","1","$3.58","$357.98"
"11/9/2022","11/9/2022","11/10/2022","SPY","SPY 11/9/2022 Call $379.00","BTC","1","$2.39","($239.00)"
"11/7/2022","11/7/2022","11/8/2022","SPY","SPY 11/7/2022 Call $376.00","BTC","1","$2.48","($248.00)"
"11/7/2022","11/7/2022","11/8/2022","SPY","SPY 11/9/2022 Call $379.00","STO","1","$2.94","$293.98"
"11/7/2022","11/7/2022","11/8/2022","QQQ","QQQ 11/9/2022 Call $271.00","STO","1","$1.15","$114.98"
"11/4/2022","11/4/2022","11/7/2022","QQQ","Option Expiration for QQQ 11/4/2022 Call $267.00","OEXP","1","",""
"11/4/2022","11/4/2022","11/4/2022","QQQ","Stock Lending","SLIP","","","$0.02"
"11/3/2022","11/3/2022","11/4/2022","QQQ","QQQ 11/4/2022 Call $267.00","STO","1","$1.06","$105.98"
"11/3/2022","11/3/2022","11/4/2022","QQQ","QQQ 11/4/2022 Call $285.00","BTC","1","$0.02","($2.00)"
"11/3/2022","11/3/2022","11/4/2022","SPY","SPY 11/7/2022 Call $376.00","STO","1","$2.37","$236.98"
"11/2/2022","11/2/2022","11/3/2022","SPY","SPY 11/2/2022 Put $381.00","OASGN","1","",""
"11/2/2022","11/2/2022","11/4/2022","SPY","SPDR S&P 500 ETF Trust
CUSIP: 78462F103
1 SPY Option Assigned","Buy","100","$381.00","($38,100.00)"
"11/2/2022","11/2/2022","11/3/2022","QQQ","QQQ 11/4/2022 Call $285.00","STO","1","$1.27","$126.98"
"11/2/2022","11/2/2022","11/3/2022","QQQ","QQQ 11/2/2022 Call $286.00","BTC","1","$0.08","($8.00)"
"10/31/2022","10/31/2022","10/31/2022","","Interest Payment","INT","","","$15.05"
"10/31/2022","10/31/2022","10/31/2022","QQQ","Manufactured Div: R/D 2022-09-20 P/D 2022-10-31 - 53 shares at 0.51856","MDIV","","","$27.48"
"10/31/2022","10/31/2022","10/31/2022","QQQ","Cash Div: R/D 2022-09-20 P/D 2022-10-31 - 47 shares at 0.51856","CDIV","","","$24.38"
"10/31/2022","10/31/2022","11/1/2022","SPY","SPY 11/2/2022 Put $381.00","STO","1","$1.53","$152.98"
"10/31/2022","10/31/2022","11/1/2022","QQQ","QQQ 11/2/2022 Call $286.00","STO","1","$1.26","$125.98"
"10/31/2022","10/31/2022","11/1/2022","QQQ","QQQ 10/31/2022 Call $284.00","BTC","1","$0.05","($5.00)"
"10/28/2022","10/28/2022","10/31/2022","IWM","Option Expiration for IWM 10/28/2022 Put $178.00","OEXP","2","",""
"10/28/2022","10/28/2022","10/31/2022","QQQ","QQQ 10/28/2022 Call $280.00","BTC","1","$0.73","($73.00)"
"10/28/2022","10/28/2022","10/31/2022","QQQ","QQQ 10/31/2022 Call $284.00","STO","1","$0.83","$82.98"
"10/27/2022","10/27/2022","10/28/2022","QQQ","QQQ 10/28/2022 Call $280.00","STO","1","$0.86","$85.98"
"10/27/2022","10/27/2022","10/28/2022","IWM","IWM 10/28/2022 Put $178.00","STO","1","$0.56","$55.98"
"10/27/2022","10/27/2022","10/28/2022","IWM","IWM 10/28/2022 Put $178.00","STO","1","$0.56","$55.98"
"10/26/2022","10/26/2022","10/27/2022","QQQ","Option Expiration for QQQ 10/26/2022 Call $280.00","OEXP","1","",""
"10/26/2022","10/26/2022","10/27/2022","SPY","Option Expiration for SPY 10/26/2022 Put $369.00","OEXP","1","",""
"10/24/2022","10/24/2022","10/25/2022","SPY","SPY 10/26/2022 Put $369.00","STO","1","$1.65","$164.98"
"10/24/2022","10/24/2022","10/25/2022","QQQ","QQQ 10/26/2022 Call $280.00","STO","1","$1.33","$132.98"
"10/21/2022","10/21/2022","10/24/2022","SPY","Option Expiration for SPY 10/21/2022 Put $363.00","OEXP","1","",""
"10/21/2022","10/21/2022","10/24/2022","QQQ","Option Expiration for QQQ 10/21/2022 Call $277.00","OEXP","1","",""
"10/20/2022","10/20/2022","10/21/2022","QQQ","QQQ 10/21/2022 Call $277.00","STO","1","$1.12","$111.98"
"10/19/2022","10/19/2022","10/20/2022","QQQ","Option Expiration for QQQ 10/19/2022 Call $274.00","OEXP","1","",""
"10/19/2022","10/19/2022","10/20/2022","SPY","SPY 10/21/2022 Put $363.00","STO","1","$1.61","$160.98"
"10/17/2022","10/17/2022","10/18/2022","QQQ","QQQ 10/19/2022 Call $274.00","STO","1","$1.12","$111.98"
"10/14/2022","10/14/2022","10/17/2022","QQQ","Option Expiration for QQQ 10/14/2022 Call $271.00","OEXP","1","",""
"10/13/2022","10/13/2022","10/13/2022","","Gold Fee","GOLD","","","($5.00)"
"10/13/2022","10/13/2022","10/13/2022","","Aggregated Margin Rate","MINT","","","($48.51)"
"10/12/2022","10/12/2022","10/13/2022","QQQ","QQQ 10/14/2022 Call $271.00","STO","1","$1.89","$188.98"
"10/12/2022","10/12/2022","10/13/2022","QQQ","QQQ 10/12/2022 Call $272.00","BTC","1","$0.02","($2.00)"
"10/12/2022","10/12/2022","10/12/2022","","ACH Deposit","ACH","","","$30,000.00"
"10/10/2022","10/10/2022","10/11/2022","QQQ","QQQ 10/12/2022 Call $272.00","STO","1","$1.16","$115.98"
"10/7/2022","10/7/2022","10/10/2022","QQQ","Option Expiration for QQQ 10/7/2022 Call $287.00","OEXP","1","",""
"10/4/2022","10/4/2022","10/5/2022","QQQ","QQQ 10/7/2022 Call $287.00","STO","1","$1.43","$142.98"
"10/4/2022","10/4/2022","10/5/2022","QQQ","QQQ 10/5/2022 Call $276.00","BTC","1","$6.17","($617.00)"
"10/3/2022","10/3/2022","10/4/2022","QQQ","QQQ 10/5/2022 Call $276.00","STO","1","$1.11","$110.98"
"10/3/2022","10/3/2022","10/4/2022","QQQ","QQQ 10/3/2022 Call $278.00","BTC","1","$0.02","($2.00)"
"9/30/2022","9/30/2022","10/3/2022","SLV","Option Expiration for SLV 9/30/2022 Put $17.00","OEXP","5","",""
"9/30/2022","9/30/2022","10/3/2022","QQQ","QQQ 10/3/2022 Call $278.00","STO","1","$1.21","$120.98"
"9/30/2022","9/30/2022","10/3/2022","QQQ","QQQ 9/30/2022 Call $284.00","BTC","1","$0.01","($1.00)"
"9/28/2022","9/28/2022","9/29/2022","QQQ","QQQ 9/28/2022 Call $284.00","BTC","1","$0.02","($2.00)"
"9/28/2022","9/28/2022","9/29/2022","QQQ","QQQ 9/30/2022 Call $284.00","STO","1","$1.05","$104.98"
"9/27/2022","9/27/2022","9/28/2022","SLV","SLV 9/30/2022 Put $17.00","STO","5","$0.19","$94.98"
"9/26/2022","9/26/2022","9/27/2022","QQQ","QQQ 9/28/2022 Call $284.00","STO","1","$1.34","$133.98"
"9/23/2022","9/23/2022","9/26/2022","QQQ","Option Expiration for QQQ 9/23/2022 Call $285.00","OEXP","1","",""
"9/22/2022","9/22/2022","9/23/2022","QQQ","QQQ 9/23/2022 Call $285.00","STO","1","$0.89","$88.98"
"9/21/2022","9/21/2022","9/22/2022","QQQ","Option Expiration for QQQ 9/21/2022 Call $296.00","OEXP","1","",""
"9/19/2022","9/19/2022","9/20/2022","QQQ","QQQ 9/21/2022 Call $296.00","STO","1","$1.22","$121.98"
"9/19/2022","9/19/2022","9/20/2022","QQQ","QQQ 9/19/2022 Call $292.00","BTC","1","$0.09","($9.00)"
"9/16/2022","9/16/2022","9/19/2022","SLV","Option Expiration for SLV 9/16/2022 Put $18.00","OEXP","5","",""
"9/16/2022","9/16/2022","9/19/2022","QQQ","QQQ 9/16/2022 Call $302.00","BTC","1","$0.01","($1.00)"
"9/16/2022","9/16/2022","9/19/2022","QQQ","QQQ 9/19/2022 Call $292.00","STO","1","$0.73","$72.98"
"9/14/2022","9/14/2022","9/15/2022","SLV","SLV 9/16/2022 Put $18.00","STO","4","$0.16","$63.98"
"9/14/2022","9/14/2022","9/15/2022","SLV","SLV 9/16/2022 Put $18.00","STO","1","$0.16","$15.98"
"9/14/2022","9/14/2022","9/15/2022","QQQ","QQQ 9/16/2022 Call $302.00","STO","1","$1.24","$123.98"
"9/14/2022","9/14/2022","9/15/2022","QQQ","QQQ 9/14/2022 Call $317.00","BTC","1","$0.01","($1.00)"
"9/13/2022","9/13/2022","9/13/2022","","Gold Fee","GOLD","","","($5.00)"
"9/13/2022","9/13/2022","9/13/2022","","Aggregated Margin Rate","MINT","","","($65.71)"
"9/12/2022","9/12/2022","9/13/2022","QQQ","QQQ 9/14/2022 Call $317.00","STO","1","$1.13","$112.98"
"9/12/2022","9/12/2022","9/13/2022","QQQ","QQQ 9/12/2022 Call $302.00","BTC","1","$8.52","($852.00)"
"9/9/2022","9/9/2022","9/12/2022","SLV","SLV 9/9/2022 Call $17.00","OASGN","9","",""
"9/9/2022","9/9/2022","9/13/2022","SLV","iShares Silver Trust
CUSIP: 46428Q109
9 SLV Options Assigned","Sell","900","$17.00","$15,299.52"
"9/7/2022","9/7/2022","9/8/2022","QQQ","QQQ 9/7/2022 Call $309.00","BTC","1","$0.01","($1.00)"
"9/7/2022","9/7/2022","9/8/2022","QQQ","QQQ 9/12/2022 Call $302.00","STO","1","$1.32","$131.98"
"9/6/2022","9/6/2022","9/7/2022","SLV","SLV 9/9/2022 Call $17.00","STO","9","$0.08","$71.97"
"9/2/2022","9/2/2022","9/6/2022","SLV","Option Expiration for SLV 9/2/2022 Call $17.00","OEXP","9","",""
"9/2/2022","9/2/2022","9/6/2022","QQQ","QQQ 9/2/2022 Call $309.00","BTC","1","$0.02","($2.00)"
"9/2/2022","9/2/2022","9/6/2022","QQQ","QQQ 9/7/2022 Call $309.00","STO","1","$0.95","$94.98"
"8/31/2022","8/31/2022","8/31/2022","","Interest Payment","INT","","","$6.44"
"8/31/2022","8/31/2022","9/1/2022","QQQ","QQQ 9/2/2022 Call $309.00","STO","1","$1.22","$121.98"
"8/31/2022","8/31/2022","9/1/2022","QQQ","QQQ 8/31/2022 Call $311.00","BTC","1","$0.02","($2.00)"
"8/30/2022","8/30/2022","8/31/2022","SLV","SLV 9/2/2022 Call $17.00","STO","1","$0.20","$19.98"
"8/30/2022","8/30/2022","8/31/2022","SLV","SLV 9/2/2022 Call $17.00","STO","4","$0.20","$79.98"
"8/30/2022","8/30/2022","8/31/2022","SLV","SLV 9/2/2022 Call $17.00","STO","4","$0.20","$79.98"
"8/30/2022","8/30/2022","9/1/2022","SLV","iShares Silver Trust
CUSIP: 46428Q109","Buy","409","$16.97","($6,940.73)"
"8/30/2022","8/30/2022","9/1/2022","SLV","iShares Silver Trust
CUSIP: 46428Q109","Buy","491","$16.97","($8,332.27)"
"8/29/2022","8/29/2022","8/30/2022","QQQ","QQQ 8/31/2022 Call $311.00","STO","1","$1.07","$106.98"
"8/26/2022","8/26/2022","8/29/2022","QQQ","Option Expiration for QQQ 8/26/2022 Call $320.00","OEXP","1","",""
"8/24/2022","8/24/2022","8/25/2022","QQQ","QQQ 8/24/2022 Call $322.00","BTC","1","$0.01","($1.00)"
"8/24/2022","8/24/2022","8/25/2022","QQQ","QQQ 8/26/2022 Call $320.00","STO","1","$1.39","$138.98"
"8/22/2022","8/22/2022","8/23/2022","QQQ","QQQ 8/24/2022 Call $322.00","STO","1","$0.97","$96.98"
"8/19/2022","8/19/2022","8/22/2022","QQQ","Option Expiration for QQQ 8/19/2022 Call $332.00","OEXP","1","",""
"8/18/2022","8/18/2022","8/19/2022","QQQ","QQQ 8/19/2022 Call $332.00","STO","1","$1.12","$111.98"
"8/17/2022","8/17/2022","8/18/2022","QQQ","Option Expiration for QQQ 8/17/2022 Call $332.00","OEXP","1","",""
"8/16/2022","8/16/2022","8/17/2022","QQQ","QQQ 8/17/2022 Call $332.00","STO","1","$1.74","$173.98"
"8/16/2022","8/16/2022","8/18/2022","QQQ","Invesco QQQ
CUSIP: 46090E103","Buy","100","$331.91","($33,190.95)"
"8/16/2022","8/16/2022","8/17/2022","IWM","IWM 8/17/2022 Put $195.00","BTC","1","$0.03","($3.00)"
"8/15/2022","8/15/2022","8/16/2022","IWM","IWM 8/17/2022 Put $195.00","STO","1","$0.42","$41.98"
"8/15/2022","8/15/2022","8/15/2022","","Gold Fee","GOLD","","","($5.00)"
"8/15/2022","8/15/2022","8/15/2022","","Aggregated Margin Rate","MINT","","","($6.29)"
"8/10/2022","8/10/2022","8/11/2022","IWM","Option Expiration for IWM 8/10/2022 Put $188.00","OEXP","1","",""
"8/8/2022","8/8/2022","8/9/2022","IWM","IWM 8/10/2022 Put $188.00","STO","1","$0.45","$44.98"
"8/5/2022","8/5/2022","8/8/2022","IWM","Option Expiration for IWM 8/5/2022 Put $187.00","OEXP","1","",""
"8/3/2022","8/3/2022","8/4/2022","IWM","IWM 8/3/2022 Put $185.00","BTC","1","$0.01","($1.00)"
"8/3/2022","8/3/2022","8/4/2022","IWM","IWM 8/5/2022 Put $187.00","STO","1","$0.57","$56.98"
"8/1/2022","8/1/2022","8/2/2022","IWM","IWM 8/3/2022 Put $185.00","STO","1","$0.64","$63.98"
"7/29/2022","7/29/2022","8/1/2022","IWM","Option Expiration for IWM 7/29/2022 Put $182.50","OEXP","1","",""
"7/29/2022","7/29/2022","7/29/2022","","Interest Payment","INT","","","$3.08"
"7/28/2022","7/28/2022","7/29/2022","IWM","IWM 7/29/2022 Put $182.50","STO","1","$0.56","$55.98"
"7/27/2022","7/27/2022","7/28/2022","IWM","Option Expiration for IWM 7/27/2022 Put $177.00","OEXP","1","",""
"7/25/2022","7/25/2022","7/26/2022","IWM","IWM 7/27/2022 Put $177.00","STO","1","$0.61","$60.98"
"7/22/2022","7/22/2022","7/25/2022","XLE","Option Expiration for XLE 7/22/2022 Put $71.00","OEXP","2","",""
"7/20/2022","7/20/2022","7/21/2022","XLE","XLE 7/22/2022 Put $71.00","STO","1","$0.61","$60.98"
"7/20/2022","7/20/2022","7/21/2022","XLE","XLE 7/22/2022 Put $71.00","STO","1","$0.61","$60.98"
"7/15/2022","7/15/2022","7/18/2022","IWM","IWM 7/15/2022 Call $171.00","OASGN","2","",""
"7/15/2022","7/15/2022","7/19/2022","IWM","iShares Russell 2000 ETF
CUSIP: 464287655
2 IWM Options Assigned","Sell","200","$171.00","$34,199.18"
"7/15/2022","7/15/2022","7/15/2022","","Gold Fee","GOLD","","","($5.00)"
"7/15/2022","7/15/2022","7/15/2022","","Aggregated Margin Rate","MINT","","","($50.06)"
"7/14/2022","7/14/2022","7/15/2022","IWM","IWM 7/15/2022 Call $171.00","STO","2","$0.78","$155.98"
"7/13/2022","7/13/2022","7/14/2022","IWM","Option Expiration for IWM 7/13/2022 Call $175.00","OEXP","2","",""
"7/11/2022","7/11/2022","7/12/2022","IWM","IWM 7/13/2022 Call $175.00","STO","2","$1.08","$215.98"
"7/8/2022","7/8/2022","7/11/2022","IWM","Option Expiration for IWM 7/8/2022 Call $177.00","OEXP","2","",""
"7/8/2022","7/8/2022","7/11/2022","XLF","XLF 7/8/2022 Call $32.00","OASGN","3","",""
"7/8/2022","7/8/2022","7/12/2022","XLF","State Street Financial Select Sector SPDR ETF
CUSIP: 81369Y605
3 XLF Options Assigned","Sell","300","$32.00","$9,599.74"
"7/8/2022","7/8/2022","7/12/2022","SBRA","Sabra Health Care REIT
CUSIP: 78573L106","Sell","300","$14.13","$4,238.86"
"7/7/2022","7/7/2022","7/8/2022","IWM","IWM 7/8/2022 Call $177.00","STO","1","$0.54","$53.98"
"7/7/2022","7/7/2022","7/8/2022","IWM","IWM 7/8/2022 Call $177.00","STO","1","$0.54","$53.98"
"7/6/2022","7/6/2022","7/7/2022","IWM","Option Expiration for IWM 7/6/2022 Call $173.00","OEXP","2","",""
"7/1/2022","7/1/2022","7/5/2022","IWM","IWM 7/6/2022 Call $173.00","STO","2","$0.72","$143.98"
"7/1/2022","7/1/2022","7/5/2022","IWM","IWM 7/1/2022 Call $173.00","BTC","2","$0.04","($8.00)"
"7/1/2022","7/1/2022","7/5/2022","XLF","XLF 7/8/2022 Call $32.00","STO","3","$0.21","$62.98"
"7/1/2022","7/1/2022","7/6/2022","SBRA","Sabra Health Care REIT
CUSIP: 78573L106","Buy","300","$14.10","($4,230.00)"
"6/30/2022","6/30/2022","7/1/2022","XLF","XLF 6/30/2022 Put $32.00","OASGN","3","",""
"6/30/2022","6/30/2022","7/5/2022","XLF","State Street Financial Select Sector SPDR ETF
CUSIP: 81369Y605
3 XLF Options Assigned","Buy","300","$32.00","($9,600.00)"
"6/30/2022","6/30/2022","6/30/2022","","Interest Payment","INT","","","$1.68"
"6/29/2022","6/29/2022","6/30/2022","IWM","IWM 7/1/2022 Call $173.00","STO","2","$1.05","$209.98"
"6/29/2022","6/29/2022","6/30/2022","IWM","IWM 6/29/2022 Call $180.00","BTC","2","$0.01","($2.00)"
"6/28/2022","6/28/2022","6/29/2022","IWM","IWM 6/29/2022 Call $180.00","STO","2","$0.54","$107.98"
"6/27/2022","6/27/2022","6/28/2022","IWM","Option Expiration for IWM 6/27/2022 Call $177.00","OEXP","2","",""
"6/27/2022","6/27/2022","6/28/2022","XLF","XLF 6/30/2022 Put $32.00","STO","3","$0.23","$68.98"
"6/24/2022","6/24/2022","6/27/2022","IWM","IWM 6/27/2022 Call $177.00","STO","2","$0.35","$69.98"
"6/24/2022","6/24/2022","6/27/2022","IWM","IWM 6/24/2022 Call $171.00","BTC","2","$3.41","($682.00)"
"6/22/2022","6/22/2022","6/23/2022","IWM","IWM 6/24/2022 Call $171.00","STO","1","$0.95","$94.98"
"6/22/2022","6/22/2022","6/23/2022","IWM","IWM 6/22/2022 Call $170.00","BTC","1","$0.10","($10.00)"
"6/22/2022","6/22/2022","6/23/2022","IWM","IWM 6/24/2022 Call $171.00","STO","1","$0.95","$94.98"
"6/22/2022","6/22/2022","6/23/2022","IWM","IWM 6/22/2022 Call $170.00","BTC","1","$0.10","($10.00)"
"6/17/2022","6/17/2022","6/21/2022","IWM","IWM 6/22/2022 Call $170.00","STO","2","$0.78","$155.98"
"6/17/2022","6/17/2022","6/21/2022","IWM","IWM 6/17/2022 Call $169.00","BTC","2","$0.05","($10.00)"
"6/16/2022","6/16/2022","6/17/2022","IWM","IWM 6/17/2022 Call $169.00","STO","2","$0.70","$139.98"
"6/16/2022","6/16/2022","6/21/2022","IWM","iShares Russell 2000 ETF
CUSIP: 464287655","Buy","100","$164.89","($16,489.00)"
"6/16/2022","6/16/2022","6/16/2022","","Gold Fee","GOLD","","","($5.00)"
"6/15/2022","6/15/2022","6/16/2022","IWM","Option Expiration for IWM 6/15/2022 Call $175.00","OEXP","1","",""
"6/14/2022","6/14/2022","6/15/2022","IWM","IWM 6/15/2022 Call $175.00","STO","1","$0.61","$60.98"
"6/10/2022","6/10/2022","6/13/2022","IWM","IWM 6/10/2022 Put $187.00","OASGN","1","",""
"6/10/2022","6/10/2022","6/14/2022","IWM","iShares Russell 2000 ETF
CUSIP: 464287655
1 IWM Option Assigned","Buy","100","$187.00","($18,700.00)"
"6/8/2022","6/8/2022","6/9/2022","IWM","IWM 6/10/2022 Put $187.00","STO","1","$1.05","$104.98"
"6/8/2022","6/8/2022","6/9/2022","IWM","IWM 6/8/2022 Put $187.00","BTC","1","$0.04","($4.00)"
"6/7/2022","6/7/2022","6/8/2022","IWM","IWM 6/8/2022 Put $184.00","BTC","1","$0.06","($6.00)"
"6/7/2022","6/7/2022","6/8/2022","IWM","IWM 6/8/2022 Put $187.00","STO","1","$0.30","$29.98"
"6/6/2022","6/6/2022","6/6/2022","SDS","Stock Lending","SLIP","","","$0.01"
"6/6/2022","6/6/2022","6/7/2022","IWM","IWM 6/8/2022 Put $184.00","STO","1","$0.54","$53.98"
"6/3/2022","6/3/2022","6/6/2022","IWM","Option Expiration for IWM 6/3/2022 Put $185.00","OEXP","1","",""
"6/2/2022","6/2/2022","6/3/2022","IWM","IWM 6/3/2022 Put $185.00","STO","1","$0.40","$39.98"
"6/2/2022","6/2/2022","6/3/2022","IWM","IWM 6/3/2022 Put $181.00","BTC","1","$0.07","($7.00)"
"6/1/2022","6/1/2022","6/2/2022","IWM","IWM 6/3/2022 Put $181.00","STO","1","$0.76","$75.98"
"6/1/2022","6/1/2022","6/2/2022","IWM","IWM 6/1/2022 Put $182.00","BTC","1","$0.05","($5.00)"
"5/31/2022","5/31/2022","5/31/2022","","Interest Payment","INT","","","$5.89"
"5/31/2022","5/31/2022","6/1/2022","IWM","IWM 6/1/2022 Put $182.00","STO","1","$0.44","$43.98"
"5/31/2022","5/31/2022","6/2/2022","SDS","ProShares UltraShort S&P 500 ETF
CUSIP: 74347G416","Sell","103","$43.38","$4,468.02"
"5/31/2022","5/31/2022","6/2/2022","SDS","ProShares UltraShort S&P 500 ETF
CUSIP: 74347G416","Sell","0.680912","$43.38","$29.53"
"5/31/2022","5/31/2022","6/2/2022","SSO","ProShares Ultra S&P 500 ETF
CUSIP: 74347R107","Sell","1.905635","$53.54","$102.03"
"5/27/2022","5/27/2022","5/31/2022","SDS","Option Expiration for SDS 5/27/2022 Call $50.00","OEXP","1","",""
"5/27/2022","5/27/2022","5/31/2022","SSO","SSO 5/27/2022 Call $52.50","OASGN","1","",""
"5/27/2022","5/27/2022","6/1/2022","SSO","ProShares Ultra S&P 500 ETF
CUSIP: 74347R107
1 SSO Option Assigned","Sell","100","$52.50","$5,249.86"
"5/23/2022","5/23/2022","5/24/2022","SSO","SSO 5/27/2022 Call $52.50","STO","1","$0.30","$29.98"
"5/23/2022","5/23/2022","5/24/2022","SDS","SDS 5/27/2022 Call $50.00","STO","1","$0.40","$39.98"
"5/20/2022","5/20/2022","5/23/2022","SSO","Option Expiration for SSO 5/20/2022 Call $54.50","OEXP","1","",""
"5/20/2022","5/20/2022","5/23/2022","VTWO","VTWO 5/20/2022 Put $70.00","BTC","1","$0.45","($45.00)"
"5/20/2022","5/20/2022","5/23/2022","SDS","SDS 5/20/2022 Call $50.00","BTC","1","$0.60","($60.00)"
"5/16/2022","5/16/2022","5/17/2022","VTWO","VTWO 5/20/2022 Put $70.00","STO","1","$0.55","$54.98"
"5/16/2022","5/16/2022","5/17/2022","SDS","SDS 5/20/2022 Call $50.00","STO","1","$0.46","$45.98"
"5/16/2022","5/16/2022","5/17/2022","SSO","SSO 5/20/2022 Call $54.50","STO","1","$0.20","$19.98"
"5/13/2022","5/13/2022","5/16/2022","TQQQ","TQQQ 5/13/2022 Call $28.00","OASGN","2","",""
"5/13/2022","5/13/2022","5/17/2022","TQQQ","ProShares UltraPro QQQ
CUSIP: 74347X831
2 TQQQ Options Assigned","Sell","200","$28.00","$5,599.94"
"5/12/2022","5/12/2022","5/13/2022","TQQQ","TQQQ 5/13/2022 Call $28.00","STO","1","$0.98","$97.98"
"5/12/2022","5/12/2022","5/13/2022","TQQQ","TQQQ 5/13/2022 Call $28.00","STO","1","$0.98","$97.98"
"5/12/2022","5/12/2022","5/13/2022","TQQQ","TQQQ 5/13/2022 Call $31.00","BTC","1","$0.21","($21.00)"
"5/12/2022","5/12/2022","5/13/2022","TQQQ","TQQQ 5/13/2022 Call $31.00","STO","1","$0.56","$55.98"
"5/12/2022","5/12/2022","5/16/2022","SDS","ProShares UltraShort S&P 500 ETF
CUSIP: 74347G416","Buy","102.978745","$48.22","($4,966.15)"
"5/12/2022","5/12/2022","5/16/2022","SDS","ProShares UltraShort S&P 500 ETF
CUSIP: 74347G416","Buy","0.702167","$48.22","($33.85)"
"5/12/2022","5/12/2022","5/16/2022","SSO","ProShares Ultra S&P 500 ETF
CUSIP: 74347R107","Buy","101.905635","$49.06","($5,000.00)"
"5/6/2022","5/6/2022","5/9/2022","TQQQ","TQQQ 5/6/2022 Put $35.00","OASGN","1","",""
"5/6/2022","5/6/2022","5/10/2022","TQQQ","ProShares UltraPro QQQ
CUSIP: 74347X831
1 TQQQ Option Assigned","Buy","100","$35.00","($3,500.00)"
"5/6/2022","5/6/2022","5/6/2022","","ACH Deposit","ACH","","","$10,000.00"
"4/29/2022","4/29/2022","4/29/2022","","Interest Payment","INT","","","$1.84"
"4/29/2022","4/29/2022","5/2/2022","TQQQ","TQQQ 5/6/2022 Put $35.00","STO","1","$1.20","$119.98"
"4/29/2022","4/29/2022","5/2/2022","SQQQ","SQQQ 4/29/2022 Put $43.00","BTC","1","$0.02","($2.00)"
"4/22/2022","4/22/2022","4/25/2022","TQQQ","Option Expiration for TQQQ 4/22/2022 Call $50.00","OEXP","1","",""
"4/22/2022","4/22/2022","4/25/2022","SQQQ","SQQQ 4/29/2022 Put $43.00","STO","1","$2.10","$209.98"
"4/19/2022","4/19/2022","4/20/2022","TQQQ","TQQQ 4/22/2022 Call $50.00","STO","1","$1.01","$100.98"
"4/14/2022","4/14/2022","4/18/2022","TQQQ","Option Expiration for TQQQ 4/14/2022 Call $52.00","OEXP","1","",""
"4/12/2022","4/12/2022","4/13/2022","TQQQ","TQQQ 4/14/2022 Call $52.00","STO","1","$0.86","$85.98"
"4/8/2022","4/8/2022","4/11/2022","SQQQ","SQQQ 4/8/2022 Call $34.50","OASGN","1","",""
"4/8/2022","4/8/2022","4/12/2022","SQQQ","ProShares UltraPro Short QQQ
CUSIP: 74347G432
1 SQQQ Option Assigned","Sell","100","$34.50","$3,449.97"
"4/8/2022","4/8/2022","4/11/2022","SQQQ","Option Expiration for SQQQ 4/8/2022 Put $32.00","OEXP","1","",""
"4/8/2022","4/8/2022","4/11/2022","TQQQ","TQQQ 4/8/2022 Put $56.00","OASGN","1","",""
"4/8/2022","4/8/2022","4/12/2022","TQQQ","ProShares UltraPro QQQ
CUSIP: 74347X831
1 TQQQ Option Assigned","Buy","100","$56.00","($5,600.00)"
"4/5/2022","4/5/2022","4/6/2022","SQQQ","SQQQ 4/8/2022 Call $34.50","STO","1","$0.47","$46.98"
"4/5/2022","4/5/2022","4/6/2022","TQQQ","TQQQ 4/8/2022 Put $56.00","STO","1","$0.65","$64.98"
"4/5/2022","4/5/2022","4/6/2022","SQQQ","SQQQ 4/8/2022 Put $32.00","STO","1","$0.41","$40.98"
"4/1/2022","4/1/2022","4/4/2022","TQQQ","Option Expiration for TQQQ 4/1/2022 Put $54.00","OEXP","1","",""
"4/1/2022","4/1/2022","4/4/2022","SQQQ","Option Expiration for SQQQ 4/1/2022 Put $33.00","OEXP","1","",""
"4/1/2022","4/1/2022","4/4/2022","SQQQ","Option Expiration for SQQQ 4/1/2022 Call $36.00","OEXP","1","",""
"3/31/2022","3/31/2022","3/31/2022","","Interest Payment","INT","","","$0.67"
"3/28/2022","3/28/2022","3/29/2022","SQQQ","SQQQ 4/1/2022 Put $33.00","STO","1","$0.67","$66.98"
"3/28/2022","3/28/2022","3/29/2022","SQQQ","SQQQ 4/1/2022 Call $36.00","STO","1","$0.70","$69.98"
"3/28/2022","3/28/2022","3/29/2022","TQQQ","TQQQ 4/1/2022 Put $54.00","STO","1","$0.85","$84.98"
"3/25/2022","3/25/2022","3/28/2022","TQQQ","Option Expiration for TQQQ 3/25/2022 Put $51.00","OEXP","1","",""
"3/25/2022","3/25/2022","3/28/2022","SQQQ","SQQQ 3/25/2022 Put $36.00","OASGN","1","",""
"3/25/2022","3/25/2022","3/29/2022","SQQQ","ProShares UltraPro Short QQQ
CUSIP: 74347G432
1 SQQQ Option Assigned","Buy","100","$36.00","($3,600.00)"
"3/21/2022","3/21/2022","3/22/2022","TQQQ","TQQQ 3/25/2022 Put $51.00","STO","1","$1.23","$122.98"
"3/21/2022","3/21/2022","3/22/2022","SQQQ","SQQQ 3/25/2022 Put $36.00","STO","1","$0.86","$85.98"
"3/18/2022","3/18/2022","3/21/2022","RWJ","Option Expiration for RWJ 3/18/2022 Put $116.00","OEXP","1","",""
"2/28/2022","2/28/2022","2/28/2022","","Interest Payment","INT","","","$0.19"
"2/22/2022","2/22/2022","2/23/2022","RWJ","RWJ 3/18/2022 Put $116.00","STO","1","$4.10","$409.98"
"2/18/2022","2/18/2022","2/22/2022","IJR","IJR 2/18/2022 Call $106.00","OASGN","1","",""
"2/18/2022","2/18/2022","2/23/2022","IJR","iShares S&P SmallCap 600 ETF
CUSIP: 464287804
1 IJR Option Assigned","Sell","100","$106.00","$10,599.93"
"1/31/2022","1/31/2022","1/31/2022","","Interest Payment","INT","","","$0.04"
"1/24/2022","1/24/2022","1/25/2022","IJR","IJR 2/18/2022 Call $106.00","STO","1","$3.00","$299.98"
"1/24/2022","1/24/2022","1/24/2022","","Aggregated Margin Interest","MINT","","","($46.07)"
"1/24/2022","1/24/2022","1/26/2022","IJT","iShares S&P SmallCap 600 Growth ETF
CUSIP: 464287887","Sell","100","$120.32","$12,032.01"
"1/24/2022","1/24/2022","1/26/2022","VTWO","Vanguard Russell 2000 Index Fund
CUSIP: 92206C664","Sell","100","$78.27","$7,826.95"
"1/24/2022","1/24/2022","1/26/2022","IWP","iShares Russell Midcap Growth Index Fund
CUSIP: 464287481","Sell","100","$94.49","$9,448.52"
"1/24/2022","1/24/2022","1/26/2022","ARKK","ARK Innovation ETF
CUSIP: 00214Q104","Sell","100","$67.94","$6,793.95"
"1/24/2022","1/24/2022","1/24/2022","","ACH Deposit","ACH","","","$500.00"
"1/21/2022","1/21/2022","1/24/2022","VTWO","Option Expiration for VTWO 1/21/2022 Call $89.00","OEXP","1","",""
"1/21/2022","1/21/2022","1/24/2022","IJR","Option Expiration for IJR 1/21/2022 Call $112.00","OEXP","1","",""
"1/21/2022","1/21/2022","1/24/2022","IJT","Option Expiration for IJT 1/21/2022 Call $135.00","OEXP","1","",""
"1/21/2022","1/21/2022","1/24/2022","IWP","Option Expiration for IWP 1/21/2022 Call $117.00","OEXP","1","",""
"1/14/2022","1/14/2022","1/18/2022","ARKK","Option Expiration for ARKK 1/14/2022 Call $88.22","OEXP","1","",""
"1/11/2022","1/11/2022","1/12/2022","ARKK","ARKK 1/14/2022 Call $88.22","STO","1","$1.19","$118.98"
"1/7/2022","1/7/2022","1/10/2022","ARKK","Option Expiration for ARKK 1/7/2022 Call $97.22","OEXP","1","",""
"1/5/2022","1/5/2022","1/5/2022","IWP","Cash Div: R/D 2021-12-31 P/D 2022-01-05 - 100 shares at 0.016837","CDIV","","","$1.68"
"1/5/2022","1/5/2022","1/5/2022","","Gold Fee","GOLD","","","($5.00)"
"1/5/2022","1/5/2022","1/5/2022","","Aggregated Margin Interest","MINT","","","($42.09)"
"12/31/2021","12/31/2021","1/3/2022","ARKK","ARKK 1/7/2022 Call $97.22","STO","1","$1.73","$172.98"
"12/31/2021","12/31/2021","1/4/2022","ARKK","ARK Innovation ETF
CUSIP: 00214Q104","Buy","100","$96.21","($9,621.00)"
"12/29/2021","12/29/2021","12/30/2021","IWP","IWP 1/21/2022 Call $117.00","STO","1","$1.50","$149.98"
"12/29/2021","12/29/2021","12/31/2021","IWP","iShares Russell Midcap Growth Index Fund
CUSIP: 464287481","Buy","100","$115.64","($11,563.93)"
"12/27/2021","12/27/2021","12/28/2021","BBIO","BBIO 1/21/2022 Put $25.00","BTC","1","$13.40","($1,340.00)"
"12/22/2021","12/22/2021","12/23/2021","VTWO","VTWO 1/21/2022 Call $89.00","STO","1","$2.30","$229.98"
"12/22/2021","12/22/2021","12/27/2021","VTWO","Vanguard Russell 2000 Index Fund
CUSIP: 92206C664","Buy","100","$88.51","($8,851.00)"
"12/21/2021","12/21/2021","12/22/2021","IJR","IJR 1/21/2022 Call $112.00","STO","1","$2.50","$249.98"
"12/21/2021","12/21/2021","12/22/2021","IJT","IJT 1/21/2022 Call $135.00","STO","1","$2.30","$229.98"
"12/17/2021","12/17/2021","12/20/2021","IJT","Option Expiration for IJT 12/17/2021 Call $134.00","OEXP","1","",""
"12/17/2021","12/17/2021","12/20/2021","IJR","Option Expiration for IJR 12/17/2021 Call $114.00","OEXP","1","",""
"12/17/2021","12/17/2021","12/20/2021","SLV","SLV 12/17/2021 Call $20.00","OASGN","5","",""
"12/17/2021","12/17/2021","12/21/2021","SLV","iShares Silver Trust
CUSIP: 46428Q109
5 SLV Options Assigned","Sell","500","$20.00","$9,999.88"
"12/17/2021","12/17/2021","12/17/2021","IJT","Cash Div: R/D 2021-12-14 P/D 2021-12-17 - 100 shares at 0.212804","CDIV","","","$21.28"
"12/17/2021","12/17/2021","12/17/2021","IJR","Cash Div: R/D 2021-12-14 P/D 2021-12-17 - 100 shares at 0.734267","CDIV","","","$73.43"
"12/15/2021","12/15/2021","12/16/2021","SLV","SLV 12/17/2021 Call $20.00","STO","5","$0.20","$99.98"
"12/13/2021","12/13/2021","12/15/2021","HOOD","Robinhood Markets
CUSIP: 770700102","Sell","200","$19.03","$3,806.14"
"12/13/2021","12/13/2021","12/15/2021","SOFI","SoFi Technologies
CUSIP: 83406F102","Sell","400","$14.28","$5,713.08"
"12/13/2021","12/13/2021","12/15/2021","RIOT","Riot Platforms
CUSIP: 767292105","Sell","400","$24.17","$9,669.18"
"12/10/2021","12/10/2021","12/13/2021","SOFI","Option Expiration for SOFI 12/10/2021 Call $16.00","OEXP","4","",""
"12/10/2021","12/10/2021","12/13/2021","SLV","Option Expiration for SLV 12/10/2021 Call $21.00","OEXP","5","",""
"12/10/2021","12/10/2021","12/13/2021","HOOD","Option Expiration for HOOD 12/10/2021 Call $23.00","OEXP","2","",""
"12/10/2021","12/10/2021","12/13/2021","RIOT","Option Expiration for RIOT 12/10/2021 Call $30.00","OEXP","4","",""
"12/9/2021","12/9/2021","12/10/2021","BBIO","BBIO 1/21/2022 Put $25.00","STO","1","$3.10","$309.98"
"12/8/2021","12/8/2021","12/9/2021","DWAC","DWAC 3/18/2022 Put $30.00","BTC","1","$4.70","($470.00)"
"12/7/2021","12/7/2021","12/8/2021","DWAC","DWAC 3/18/2022 Put $30.00","STO","1","$4.95","$494.98"
"12/6/2021","12/6/2021","12/7/2021","SLV","SLV 12/10/2021 Call $21.00","STO","5","$0.15","$74.98"
"12/6/2021","12/6/2021","12/7/2021","SOFI","SOFI 12/10/2021 Call $16.00","STO","4","$0.34","$135.98"
"12/6/2021","12/6/2021","12/7/2021","HOOD","HOOD 12/10/2021 Call $23.00","STO","2","$0.53","$105.98"
"12/6/2021","12/6/2021","12/7/2021","RIOT","RIOT 12/10/2021 Call $30.00","STO","4","$0.43","$171.98"
"12/6/2021","12/6/2021","12/6/2021","","Gold Fee","GOLD","","","($5.00)"
"12/6/2021","12/6/2021","12/6/2021","","Aggregated Margin Interest","MINT","","","($86.62)"
"12/3/2021","12/3/2021","12/6/2021","RIOT","Option Expiration for RIOT 12/3/2021 Call $35.00","OEXP","4","",""
"12/3/2021","12/3/2021","12/6/2021","HOOD","HOOD 12/3/2021 Put $24.00","OASGN","2","",""
"12/3/2021","12/3/2021","12/7/2021","HOOD","Robinhood Markets
CUSIP: 770700102
2 HOOD Options Assigned","Buy","200","$24.00","($4,800.00)"
"12/1/2021","12/1/2021","12/2/2021","HOOD","HOOD 12/3/2021 Put $24.00","STO","2","$0.57","$113.98"
"11/30/2021","11/30/2021","11/30/2021","","Interest Payment","INT","","","$0.09"
"11/30/2021","11/30/2021","12/1/2021","IJT","IJT 12/17/2021 Call $134.00","STO","1","$2.85","$284.98"
"11/29/2021","11/29/2021","12/1/2021","IJT","iShares S&P SmallCap 600 Growth ETF
CUSIP: 464287887","Buy","100","$136.71","($13,670.74)"
"11/29/2021","11/29/2021","11/30/2021","IJR","IJR 12/17/2021 Call $114.00","STO","1","$2.55","$254.98"
"11/29/2021","11/29/2021","12/1/2021","IJR","iShares S&P SmallCap 600 ETF
CUSIP: 464287804","Buy","100","$113.84","($11,383.50)"
"11/29/2021","11/29/2021","11/30/2021","RIOT","RIOT 12/3/2021 Call $35.00","STO","4","$1.45","$579.98"
"11/26/2021","11/26/2021","11/29/2021","SOFI","Option Expiration for SOFI 11/26/2021 Call $20.00","OEXP","4","",""
"11/26/2021","11/26/2021","11/29/2021","SLV","SLV 11/26/2021 Put $22.50","OASGN","5","",""
"11/26/2021","11/26/2021","11/30/2021","SLV","iShares Silver Trust
CUSIP: 46428Q109
5 SLV Options Assigned","Buy","500","$22.50","($11,250.00)"
"11/26/2021","11/26/2021","11/29/2021","RIOT","RIOT 11/26/2021 Put $36.00","OASGN","2","",""
"11/26/2021","11/26/2021","11/30/2021","RIOT","Riot Platforms
CUSIP: 767292105
2 RIOT Options Assigned","Buy","200","$36.00","($7,200.00)"
"11/26/2021","11/26/2021","11/29/2021","RIOT","Option Expiration for RIOT 11/26/2021 Call $35.00","OEXP","2","",""
"11/22/2021","11/22/2021","11/23/2021","SLV","SLV 11/26/2021 Put $22.50","STO","5","$0.18","$89.98"
"11/22/2021","11/22/2021","11/23/2021","SOFI","SOFI 11/26/2021 Call $20.00","STO","1","$0.42","$41.98"
"11/22/2021","11/22/2021","11/23/2021","SOFI","SOFI 11/26/2021 Call $20.00","STO","1","$0.42","$41.98"
"11/22/2021","11/22/2021","11/23/2021","SOFI","SOFI 11/26/2021 Call $20.00","STO","2","$0.42","$83.98"
"11/22/2021","11/22/2021","11/23/2021","RIOT","RIOT 11/26/2021 Call $35.00","STO","2","$1.10","$219.98"
"11/19/2021","11/19/2021","11/22/2021","SOFI","Option Expiration for SOFI 11/19/2021 Call $23.50","OEXP","4","",""
"11/19/2021","11/19/2021","11/22/2021","RIOT","Option Expiration for RIOT 11/19/2021 Call $37.00","OEXP","2","",""
"11/19/2021","11/19/2021","11/22/2021","RIOT","RIOT 11/26/2021 Put $36.00","STO","2","$2.11","$421.98"
"11/19/2021","11/19/2021","11/23/2021","PYPL","PayPal
CUSIP: 70450Y103","Sell","400","$195.49","$78,197.27"
"11/19/2021","11/19/2021","11/22/2021","PYPL","PYPL 11/19/2021 Call $217.50","BTC","1","$0.02","($2.00)"
"11/19/2021","11/19/2021","11/22/2021","PYPL","PYPL 11/19/2021 Call $217.50","BTC","1","$0.02","($2.00)"
"11/19/2021","11/19/2021","11/22/2021","PYPL","PYPL 11/19/2021 Call $217.50","BTC","1","$0.02","($2.00)"
"11/19/2021","11/19/2021","11/22/2021","PYPL","PYPL 11/19/2021 Call $217.50","BTC","1","$0.02","($2.00)"
"11/19/2021","11/19/2021","11/19/2021","","ACH Deposit","ACH","","","$1,500.00"
"11/16/2021","11/16/2021","11/17/2021","RIOT","RIOT 11/19/2021 Call $37.00","STO","2","$1.65","$329.98"
"11/16/2021","11/16/2021","11/18/2021","RIOT","Riot Platforms
CUSIP: 767292105","Buy","200","$37.08","($7,415.18)"
"11/16/2021","11/16/2021","11/17/2021","SOFI","SOFI 4/14/2022 Call $25.00","STC","1","$2.94","$293.98"
"11/16/2021","11/16/2021","11/17/2021","SOFI","SOFI 4/14/2022 Call $25.00","STC","9","$2.94","$2,645.96"
"11/15/2021","11/15/2021","11/16/2021","SOFI","SOFI 4/14/2022 Call $25.00","BTO","10","$3.45","($3,450.00)"
"11/15/2021","11/15/2021","11/16/2021","SOFI","SOFI 11/19/2021 Call $23.50","STO","1","$0.66","$65.98"
"11/15/2021","11/15/2021","11/16/2021","SOFI","SOFI 11/19/2021 Call $23.50","STO","1","$0.66","$65.98"
"11/15/2021","11/15/2021","11/16/2021","SOFI","SOFI 11/19/2021 Call $23.50","STO","2","$0.66","$131.98"
"11/15/2021","11/15/2021","11/16/2021","PYPL","PYPL 11/19/2021 Call $217.50","STO","3","$1.91","$572.98"
"11/15/2021","11/15/2021","11/16/2021","PYPL","PYPL 11/19/2021 Call $217.50","STO","1","$1.91","$190.98"
"11/12/2021","11/12/2021","11/15/2021","PYPL","Option Expiration for PYPL 11/12/2021 Call $237.50","OEXP","4","",""
"11/12/2021","11/12/2021","11/15/2021","SOFI","Option Expiration for SOFI 11/12/2021 Call $23.00","OEXP","4","",""
"11/12/2021","11/12/2021","11/15/2021","PYPL","PYPL 2/18/2022 Call $300.00","STC","10","$1.37","$1,369.97"
"11/9/2021","11/9/2021","11/10/2021","PYPL","PYPL 2/18/2022 Call $300.00","BTO","10","$1.34","($1,340.00)"
"11/8/2021","11/8/2021","11/9/2021","SOFI","SOFI 11/12/2021 Call $23.00","STO","3","$1.13","$338.98"
"11/8/2021","11/8/2021","11/9/2021","SOFI","SOFI 11/12/2021 Call $23.00","STO","1","$1.13","$112.98"
"11/8/2021","11/8/2021","11/9/2021","PYPL","PYPL 1/21/2022 Call $300.00","STC","10","$2.00","$1,999.96"
"11/8/2021","11/8/2021","11/9/2021","PYPL","PYPL 11/12/2021 Call $237.50","STO","1","$5.43","$542.98"
"11/8/2021","11/8/2021","11/8/2021","","Gold Fee","GOLD","","","($5.00)"
"11/8/2021","11/8/2021","11/8/2021","","Aggregated Margin Interest","MINT","","","($99.42)"
"11/5/2021","11/5/2021","11/8/2021","PYPL","Option Expiration for PYPL 11/5/2021 Call $242.50","OEXP","1","",""
"11/5/2021","11/5/2021","11/8/2021","SOFI","Option Expiration for SOFI 11/5/2021 Call $23.00","OEXP","4","",""
"11/4/2021","11/4/2021","11/5/2021","PYPL","PYPL 1/21/2022 Call $300.00","BTO","2","$1.50","($300.00)"
"11/4/2021","11/4/2021","11/5/2021","PYPL","PYPL 1/21/2022 Call $300.00","BTO","8","$1.50","($1,200.00)"
"11/4/2021","11/4/2021","11/5/2021","PYPL","PYPL 1/21/2022 Call $300.00","STC","1","$1.75","$174.98"
"11/3/2021","11/3/2021","11/4/2021","PYPL","PYPL 11/12/2021 Call $237.50","STO","3","$3.65","$1,094.98"
"11/2/2021","11/2/2021","11/3/2021","SOFI","SOFI 11/5/2021 Call $23.00","STO","4","$0.51","$203.98"
"11/2/2021","11/2/2021","11/4/2021","SOFI","SoFi Technologies
CUSIP: 83406F102","Buy","400","$22.62","($9,047.32)"
"11/1/2021","11/1/2021","11/3/2021","PYPL","PayPal
CUSIP: 70450Y103","Buy","200","$231.21","($46,241.96)"
"11/1/2021","11/1/2021","11/3/2021","MU","Micron Technology
CUSIP: 595112103","Sell","300","$70.28","$21,082.41"
"10/29/2021","10/29/2021","11/1/2021","PYPL","Option Expiration for PYPL 10/29/2021 Call $252.50","OEXP","1","",""
"10/29/2021","10/29/2021","11/1/2021","MU","Option Expiration for MU 10/29/2021 Call $70.00","OEXP","3","",""
"10/29/2021","10/29/2021","11/1/2021","W","W 10/29/2021 Call $237.50","OASGN","1","",""
"10/29/2021","10/29/2021","11/2/2021","W","Wayfair
CUSIP: 94419L101
1 W Option Assigned","Sell","100","$237.50","$23,749.86"
"10/29/2021","10/29/2021","10/29/2021","","Interest Payment","INT","","","$0.11"
"10/29/2021","10/29/2021","11/1/2021","PYPL","PYPL 1/21/2022 Call $300.00","BTO","1","$1.60","($160.00)"
"10/29/2021","10/29/2021","11/1/2021","BITO","BITO 10/29/2021 Put $40.00","BTC","1","$0.70","($70.00)"
"10/26/2021","10/26/2021","10/27/2021","PYPL","PYPL 11/5/2021 Call $242.50","STO","1","$5.00","$499.98"
"10/26/2021","10/26/2021","10/28/2021","PYPL","PayPal
CUSIP: 70450Y103","Buy","100","$241.24","($24,124.15)"
"10/25/2021","10/25/2021","10/26/2021","PYPL","PYPL 10/29/2021 Call $252.50","STO","1","$4.50","$449.98"
"10/25/2021","10/25/2021","10/27/2021","PYPL","PayPal
CUSIP: 70450Y103","Buy","100","$252.35","($25,234.75)"
"10/25/2021","10/25/2021","10/26/2021","W","W 10/29/2021 Call $237.50","STO","1","$5.20","$519.98"
"10/25/2021","10/25/2021","10/27/2021","W","Wayfair
CUSIP: 94419L101","Buy","100","$237.35","($23,735.04)"
"10/25/2021","10/25/2021","10/26/2021","MU","MU 10/29/2021 Call $70.00","STO","1","$0.89","$88.98"
"10/25/2021","10/25/2021","10/26/2021","MU","MU 10/29/2021 Call $70.00","STO","2","$0.89","$177.98"
"10/22/2021","10/22/2021","10/25/2021","MU","Option Expiration for MU 10/22/2021 Call $69.00","OEXP","2","",""
"10/22/2021","10/22/2021","10/25/2021","MU","Option Expiration for MU 10/22/2021 Call $67.50","OEXP","1","",""
"10/22/2021","10/22/2021","10/25/2021","MU","MU 10/22/2021 Call $67.50","OASGN","1","",""
"10/22/2021","10/22/2021","10/26/2021","MU","Micron Technology
CUSIP: 595112103
2 MU Options Assigned","Sell","100","$67.50","$6,749.95"
"10/22/2021","10/22/2021","10/25/2021","NEM","NEM 10/22/2021 Call $57.00","OASGN","2","",""
"10/22/2021","10/22/2021","10/26/2021","NEM","Newmont
CUSIP: 651639106
2 NEM Options Assigned","Sell","200","$57.00","$11,399.92"
"10/22/2021","10/22/2021","10/25/2021","DOCU","DOCU 10/22/2021 Call $270.00","OASGN","2","",""
"10/22/2021","10/22/2021","10/26/2021","DOCU","DocuSign
CUSIP: 256163106
2 DOCU Options Assigned","Sell","200","$270.00","$53,999.70"
"10/21/2021","10/21/2021","10/22/2021","BITO","BITO 10/29/2021 Put $40.00","STO","1","$1.60","$159.98"
"10/18/2021","10/18/2021","10/18/2021","MU","Cash Div: R/D 2021-10-01 P/D 2021-10-18 - 200 shares at 0.1","CDIV","","","$20.00"
"10/18/2021","10/18/2021","10/19/2021","MU","MU 10/22/2021 Call $69.00","STO","2","$0.26","$51.98"
"10/18/2021","10/18/2021","10/19/2021","MU","MU 10/22/2021 Call $67.50","STO","2","$0.69","$137.98"
"10/18/2021","10/18/2021","10/20/2021","MU","Micron Technology
CUSIP: 595112103","Buy","200","$67.19","($13,438.00)"
"10/18/2021","10/18/2021","10/19/2021","DOCU","DOCU 10/22/2021 Call $270.00","STO","1","$1.83","$182.98"
"10/18/2021","10/18/2021","10/19/2021","DOCU","DOCU 10/22/2021 Call $270.00","STO","1","$1.83","$182.98"
"10/18/2021","10/18/2021","10/20/2021","DOCU","DocuSign
CUSIP: 256163106","Buy","100","$264.00","($26,400.00)"
"10/18/2021","10/18/2021","10/19/2021","NEM","NEM 10/22/2021 Call $57.00","STO","2","$0.54","$107.98"
"10/15/2021","10/15/2021","10/18/2021","DOCU","Option Expiration for DOCU 10/15/2021 Call $280.00","OEXP","1","",""
"10/15/2021","10/15/2021","10/18/2021","SLV","SLV 10/15/2021 Call $21.50","OASGN","8","",""
"10/15/2021","10/15/2021","10/18/2021","NEM","Option Expiration for NEM 10/15/2021 Call $57.00","OEXP","2","",""
"10/15/2021","10/15/2021","10/19/2021","SLV","iShares Silver Trust
CUSIP: 46428Q109
8 SLV Options Assigned","Sell","800","$21.50","$17,199.81"
"10/15/2021","10/15/2021","10/18/2021","CLF","CLF 10/15/2021 Call $21.00","OASGN","2","",""
"10/15/2021","10/15/2021","10/19/2021","CLF","Cleveland-Cliffs
CUSIP: 185899101
2 CLF Options Assigned","Sell","200","$21.00","$4,199.95"
"10/15/2021","10/15/2021","10/18/2021","MU","MU 10/15/2021 Call $67.00","OASGN","2","",""
"10/15/2021","10/15/2021","10/19/2021","MU","Micron Technology
CUSIP: 595112103
2 MU Options Assigned","Sell","200","$67.00","$13,399.91"
"10/13/2021","10/13/2021","10/14/2021","MU","MU 10/15/2021 Call $67.00","STO","2","$0.43","$85.98"
"10/13/2021","10/13/2021","10/14/2021","SLV","SLV 10/15/2021 Call $21.50","STO","8","$0.13","$103.97"
"10/12/2021","10/12/2021","10/14/2021","MU","Micron Technology
CUSIP: 595112103","Buy","200","$66.49","($13,297.44)"
"10/11/2021","10/11/2021","10/12/2021","NEM","NEM 10/15/2021 Call $57.00","STO","1","$0.15","$14.98"
"10/11/2021","10/11/2021","10/12/2021","NEM","NEM 10/15/2021 Call $57.00","STO","1","$0.15","$14.98"
"10/8/2021","10/8/2021","10/11/2021","NEM","Option Expiration for NEM 10/8/2021 Put $53.00","OEXP","1","",""
"10/8/2021","10/8/2021","10/11/2021","SLV","Option Expiration for SLV 10/8/2021 Call $21.00","OEXP","8","",""
"10/8/2021","10/8/2021","10/11/2021","NEM","Option Expiration for NEM 10/8/2021 Call $57.00","OEXP","2","",""
"10/8/2021","10/8/2021","10/11/2021","MU","Option Expiration for MU 10/8/2021 Call $73.00","OEXP","2","",""
"10/8/2021","10/8/2021","10/11/2021","CLF","CLF 10/8/2021 Call $20.00","OASGN","2","",""
"10/8/2021","10/8/2021","10/13/2021","CLF","Cleveland-Cliffs
CUSIP: 185899101
2 CLF Options Assigned","Sell","200","$20.00","$3,999.95"
"10/7/2021","10/7/2021","10/8/2021","CLF","CLF 10/15/2021 Call $21.00","STO","2","$0.59","$117.98"
"10/7/2021","10/7/2021","10/12/2021","QIWI","Qiwi
CUSIP: 74735M108","Sell","900","$8.67","$7,803.93"
"10/7/2021","10/7/2021","10/8/2021","DOCU","DOCU 10/15/2021 Call $280.00","STO","1","$2.02","$201.98"
"10/7/2021","10/7/2021","10/8/2021","DOCU","DOCU 10/8/2021 Call $250.00","BTC","1","$19.80","($1,980.00)"
"10/7/2021","10/7/2021","10/7/2021","","Gold Fee","GOLD","","","($5.00)"
"10/7/2021","10/7/2021","10/7/2021","","Aggregated Margin Interest","MINT","","","($72.11)"
"10/5/2021","10/5/2021","10/5/2021","CHT","Cash Div: R/D 2021-08-25 P/D 2021-10-05 - 200 shares at 1.545718","CDIV","","","$309.14"
"10/5/2021","10/5/2021","10/5/2021","CHT","Foreign Tax Witholding at $64.92","DTAX","","","($64.92)"
"10/5/2021","10/5/2021","10/5/2021","CHT","Sponsored ADR: Agency Processing Fee at $4.00","DFEE","","","($4.00)"
"10/5/2021","10/5/2021","10/6/2021","NEM","NEM 10/8/2021 Put $53.00","STO","1","$0.37","$36.98"
"10/4/2021","10/4/2021","10/5/2021","DOCU","DOCU 10/8/2021 Call $250.00","STO","1","$2.21","$220.98"
"10/4/2021","10/4/2021","10/5/2021","NEM","NEM 10/8/2021 Call $57.00","STO","1","$0.15","$14.98"
"10/4/2021","10/4/2021","10/5/2021","NEM","NEM 10/8/2021 Call $57.00","STO","1","$0.15","$14.98"
"10/4/2021","10/4/2021","10/5/2021","MU","MU 10/8/2021 Call $73.00","STO","2","$0.38","$75.98"
"10/4/2021","10/4/2021","10/5/2021","CLF","CLF 10/8/2021 Call $20.00","STO","2","$0.55","$109.98"
"10/4/2021","10/4/2021","10/5/2021","SLV","SLV 10/8/2021 Call $21.00","STO","4","$0.20","$79.98"
"10/4/2021","10/4/2021","10/5/2021","SLV","SLV 10/8/2021 Call $21.00","STO","4","$0.20","$79.98"
"10/1/2021","10/1/2021","10/4/2021","CLF","Option Expiration for CLF 10/1/2021 Call $21.00","OEXP","2","",""
"10/1/2021","10/1/2021","10/4/2021","MU","Option Expiration for MU 10/1/2021 Call $75.00","OEXP","2","",""
"10/1/2021","10/1/2021","10/4/2021","SLV","Option Expiration for SLV 10/1/2021 Call $21.00","OEXP","4","",""
"10/1/2021","10/1/2021","10/4/2021","NEM","Option Expiration for NEM 10/1/2021 Call $55.00","OEXP","2","",""
"10/1/2021","10/1/2021","10/4/2021","SLV","SLV 10/1/2021 Put $21.00","OASGN","4","",""
"10/1/2021","10/1/2021","10/5/2021","SLV","iShares Silver Trust
CUSIP: 46428Q109
4 SLV Options Assigned","Buy","400","$21.00","($8,400.00)"
"10/1/2021","10/1/2021","10/4/2021","DOCU","Option Expiration for DOCU 10/1/2021 Call $267.50","OEXP","1","",""
"10/1/2021","10/1/2021","10/4/2021","CLF","CLF 10/1/2021 Put $20.50","OASGN","2","",""
"10/1/2021","10/1/2021","10/5/2021","CLF","Cleveland-Cliffs
CUSIP: 185899101
2 CLF Options Assigned","Buy","200","$20.50","($4,100.00)"
"9/30/2021","9/30/2021","9/30/2021","WILC","Cash Div: R/D 2021-09-10 P/D 2021-09-30 - 300 shares at 1.347399","CDIV","","","$404.22"
"9/30/2021","9/30/2021","9/30/2021","WILC","Foreign Tax Witholding at $101.06","DTAX","","","($101.06)"
"9/28/2021","9/28/2021","9/29/2021","CLF","CLF 10/1/2021 Put $20.50","STO","1","$0.54","$53.98"
"9/28/2021","9/28/2021","9/29/2021","CLF","CLF 10/1/2021 Put $20.50","STO","1","$0.54","$53.98"
"9/27/2021","9/27/2021","9/27/2021","WMB","Manufactured Div: R/D 2021-09-10 P/D 2021-09-27 - 40 shares at 0.41","MDIV","","","$16.40"
"9/27/2021","9/27/2021","9/27/2021","WMB","Cash Div: R/D 2021-09-10 P/D 2021-09-27 - 260 shares at 0.41","CDIV","","","$106.60"
"9/27/2021","9/27/2021","9/28/2021","SLV","SLV 10/1/2021 Put $21.00","STO","2","$0.24","$47.98"
"9/27/2021","9/27/2021","9/28/2021","SLV","SLV 10/1/2021 Put $21.00","STO","2","$0.24","$47.98"
"9/27/2021","9/27/2021","9/28/2021","DOCU","DOCU 10/1/2021 Call $267.50","STO","1","$4.20","$419.98"
"9/27/2021","9/27/2021","9/29/2021","DOCU","DocuSign
CUSIP: 256163106","Buy","100","$267.41","($26,740.68)"
"9/27/2021","9/27/2021","9/28/2021","MU","MU 10/1/2021 Call $75.00","STO","2","$1.73","$345.98"
"9/27/2021","9/27/2021","9/28/2021","NEM","NEM 10/1/2021 Call $55.00","STO","2","$0.55","$109.98"
"9/27/2021","9/27/2021","9/28/2021","SLV","SLV 10/1/2021 Call $21.00","STO","4","$0.31","$123.98"
"9/27/2021","9/27/2021","9/28/2021","CLF","CLF 10/1/2021 Call $21.00","STO","1","$0.67","$66.98"
"9/27/2021","9/27/2021","9/28/2021","CLF","CLF 10/1/2021 Call $21.00","STO","1","$0.67","$66.98"
"9/24/2021","9/24/2021","9/27/2021","HOOD","Option Expiration for HOOD 9/24/2021 Put $38.00","OEXP","1","",""
"9/24/2021","9/24/2021","9/27/2021","CLF","Option Expiration for CLF 9/24/2021 Call $21.00","OEXP","2","",""
"9/24/2021","9/24/2021","9/27/2021","MU","Option Expiration for MU 9/24/2021 Call $75.00","OEXP","2","",""
"9/24/2021","9/24/2021","9/27/2021","CLF","Option Expiration for CLF 9/24/2021 Put $19.00","OEXP","2","",""
"9/24/2021","9/24/2021","9/27/2021","NEM","Option Expiration for NEM 9/24/2021 Call $57.00","OEXP","2","",""
"9/24/2021","9/24/2021","9/27/2021","HOOD","HOOD 9/24/2021 Call $45.00","OASGN","2","",""
"9/24/2021","9/24/2021","9/28/2021","HOOD","Robinhood Markets
CUSIP: 770700102
2 HOOD Options Assigned","Sell","200","$45.00","$8,999.93"
"9/24/2021","9/24/2021","9/27/2021","SLV","SLV 9/24/2021 Put $21.00","OASGN","4","",""
"9/24/2021","9/24/2021","9/28/2021","SLV","iShares Silver Trust
CUSIP: 46428Q109
4 SLV Options Assigned","Buy","400","$21.00","($8,400.00)"
"9/24/2021","9/24/2021","9/27/2021","AZN","AZN 9/24/2021 Call $57.00","OASGN","2","",""
"9/24/2021","9/24/2021","9/28/2021","AZN","AstraZeneca
CUSIP: 046353108
2 AZN Options Assigned","Sell","200","$57.00","$11,399.92"
"9/23/2021","9/23/2021","9/23/2021","NEM","Cash Div: R/D 2021-09-09 P/D 2021-09-23 - 185 shares at 0.55","CDIV","","","$101.75"
"9/23/2021","9/23/2021","9/23/2021","NEM","Manufactured Div: R/D 2021-09-09 P/D 2021-09-23 - 15 shares at 0.55","MDIV","","","$8.25"
"9/23/2021","9/23/2021","9/24/2021","SLV","SLV 9/24/2021 Put $21.00","STO","1","$0.19","$18.98"
"9/23/2021","9/23/2021","9/24/2021","SLV","SLV 9/24/2021 Put $21.00","STO","3","$0.19","$56.98"
"9/22/2021","9/22/2021","9/23/2021","VALE","VALE 9/24/2021 Call $16.00","OASGN","5","",""
"9/22/2021","9/22/2021","9/24/2021","VALE","Vale
CUSIP: 91912E105
5 VALE Options Assigned","Sell","500","$16.00","$7,999.89"
"9/22/2021","9/22/2021","9/23/2021","VALE","VALE 9/24/2021 Call $16.00","STO","5","$0.47","$234.98"
"9/22/2021","9/22/2021","9/24/2021","VALE","Vale
CUSIP: 91912E105","Buy","500","$16.58","($8,289.90)"
"9/22/2021","9/22/2021","9/24/2021","BBDC","Barings BDC
CUSIP: 06759L103","Sell","700","$11.07","$7,748.88"
"9/21/2021","9/21/2021","9/21/2021","BBL","Manufactured Div: R/D 2021-09-03 P/D 2021-09-21 - 5 shares at 4","MDIV","","","$20.00"
"9/21/2021","9/21/2021","9/21/2021","BBL","Cash Div: R/D 2021-09-03 P/D 2021-09-21 - 95 shares at 4","CDIV","","","$380.00"
"9/20/2021","9/20/2021","9/20/2021","GOGL","Manufactured Div: R/D 2021-09-10 P/D 2021-09-20 - 520 shares at 0.5","MDIV","","","$260.00"
"9/20/2021","9/20/2021","9/20/2021","GOGL","Cash Div: R/D 2021-09-10 P/D 2021-09-20 - 80 shares at 0.5","CDIV","","","$40.00"
"9/20/2021","9/20/2021","9/21/2021","HOOD","HOOD 9/24/2021 Put $38.00","STO","1","$0.42","$41.98"
"9/20/2021","9/20/2021","9/21/2021","CLF","CLF 9/24/2021 Call $21.00","STO","2","$0.30","$59.98"
"9/20/2021","9/20/2021","9/21/2021","CLF","CLF 9/24/2021 Put $19.00","STO","2","$0.35","$69.98"
"9/20/2021","9/20/2021","9/21/2021","NEM","NEM 9/24/2021 Call $57.00","STO","2","$0.17","$33.98"
"9/20/2021","9/20/2021","9/21/2021","HOOD","HOOD 9/24/2021 Call $45.00","STO","1","$0.16","$15.98"
"9/20/2021","9/20/2021","9/21/2021","HOOD","HOOD 9/24/2021 Call $45.00","STO","1","$0.16","$15.98"
"9/20/2021","9/20/2021","9/21/2021","MU","MU 9/24/2021 Call $75.00","STO","2","$0.42","$83.98"
"9/20/2021","9/20/2021","9/21/2021","AZN","AZN 9/24/2021 Call $57.00","STO","2","$0.83","$165.98"
"9/17/2021","9/17/2021","9/21/2021","CLF","Cleveland-Cliffs
CUSIP: 185899101
2 CLF Options Assigned","Buy","200","$22.00","($4,400.00)"
"9/17/2021","9/17/2021","9/20/2021","PLTR","Option Expiration for PLTR 9/17/2021 Put $25.50","OEXP","1","",""
"9/17/2021","9/17/2021","9/20/2021","HOOD","Option Expiration for HOOD 9/17/2021 Put $39.00","OEXP","1","",""
"9/17/2021","9/17/2021","9/20/2021","CLF","CLF 9/17/2021 Put $22.00","OASGN","2","",""
"9/17/2021","9/17/2021","9/20/2021","NEM","Option Expiration for NEM 9/17/2021 Call $58.00","OEXP","2","",""
"9/17/2021","9/17/2021","9/20/2021","MU","Option Expiration for MU 9/17/2021 Call $76.00","OEXP","2","",""
"9/16/2021","9/16/2021","9/16/2021","FLNG","Cash Div: R/D 2021-09-02 P/D 2021-09-16 - 56 shares at 0.4","CDIV","","","$22.40"
"9/16/2021","9/16/2021","9/16/2021","FLNG","Manufactured Div: R/D 2021-09-02 P/D 2021-09-16 - 344 shares at 0.4","MDIV","","","$137.60"
"9/15/2021","9/15/2021","9/15/2021","BBDC","Cash Div: R/D 2021-09-08 P/D 2021-09-15 - 700 shares at 0.21","CDIV","","","$147.00"
"9/15/2021","9/15/2021","9/15/2021","QIWI","Sponsored ADR: Agency Processing Fee at $18.00","DFEE","","","($18.00)"
"9/15/2021","9/15/2021","9/15/2021","QIWI","Cash Div: R/D 2021-09-07 P/D 2021-09-15 - 900 shares at 0.3","CDIV","","","$270.00"
"9/14/2021","9/14/2021","9/15/2021","HOOD","HOOD 9/17/2021 Put $39.00","STO","1","$0.60","$59.98"
"9/13/2021","9/13/2021","9/13/2021","AZN","Sponsored ADR: Agency Processing Fee at $2.00","DFEE","","","($2.00)"
"9/13/2021","9/13/2021","9/13/2021","AZN","Cash Div: R/D 2021-08-13 P/D 2021-09-13 - 200 shares at 0.45","CDIV","","","$90.00"
"9/13/2021","9/13/2021","9/14/2021","PLTR","PLTR 9/17/2021 Put $25.50","STO","1","$0.37","$36.98"
"9/13/2021","9/13/2021","9/14/2021","CLF","CLF 9/17/2021 Put $22.00","STO","1","$0.42","$41.98"
"9/13/2021","9/13/2021","9/14/2021","CLF","CLF 9/17/2021 Put $22.00","STO","1","$0.42","$41.98"
"9/13/2021","9/13/2021","9/14/2021","MU","MU 9/17/2021 Call $76.00","STO","2","$0.49","$97.98"
"9/13/2021","9/13/2021","9/15/2021","GOGL","Golden Ocean
CUSIP: G39637205","Sell","600","$11.66","$6,996.61"
"9/13/2021","9/13/2021","9/15/2021","WMB","Williams Cos.
CUSIP: 969457100","Sell","300","$24.82","$7,446.67"
"9/13/2021","9/13/2021","9/15/2021","WILC","G. Willi-Food
CUSIP: M52523103","Sell","300","$22.01","$6,603.49"
"9/10/2021","9/10/2021","9/13/2021","MU","Option Expiration for MU 9/10/2021 Call $76.00","OEXP","2","",""
"9/10/2021","9/10/2021","9/13/2021","HOOD","Option Expiration for HOOD 9/10/2021 Call $46.00","OEXP","2","",""
"9/10/2021","9/10/2021","9/13/2021","AZN","Option Expiration for AZN 9/10/2021 Call $58.50","OEXP","2","",""
"9/10/2021","9/10/2021","9/13/2021","NEM","NEM 9/17/2021 Call $58.00","STO","2","$0.47","$93.98"
"9/7/2021","9/7/2021","9/7/2021","CODI","Cap Gains: R/D 2021-08-31 P/D 2021-09-07 - 300 shares at 0.83","LCAP","","","$249.00"
"9/7/2021","9/7/2021","9/7/2021","CODI","Cash Div: R/D 2021-08-31 P/D 2021-09-07 - 300 shares at 0.05","CDIV","","","$15.00"
"9/7/2021","9/7/2021","9/8/2021","MU","MU 9/10/2021 Call $76.00","STO","2","$0.17","$33.98"
"9/7/2021","9/7/2021","9/9/2021","WMB","Williams Cos.
CUSIP: 969457100","Buy","300","$24.64","($7,392.00)"
"9/7/2021","9/7/2021","9/9/2021","GOGL","Golden Ocean
CUSIP: G39637205","Buy","300","$12.02","($3,606.00)"
"9/7/2021","9/7/2021","9/9/2021","GOGL","Golden Ocean
CUSIP: G39637205","Buy","200","$12.02","($2,404.00)"
"9/7/2021","9/7/2021","9/9/2021","GOGL","Golden Ocean
CUSIP: G39637205","Buy","50","$12.02","($601.00)"
"9/7/2021","9/7/2021","9/9/2021","GOGL","Golden Ocean
CUSIP: G39637205","Buy","50","$12.02","($601.00)"
"9/7/2021","9/7/2021","9/8/2021","AZN","AZN 9/10/2021 Call $58.50","STO","2","$0.38","$75.98"
"9/7/2021","9/7/2021","9/8/2021","HOOD","HOOD 9/10/2021 Call $46.00","STO","2","$0.31","$61.98"
"9/7/2021","9/7/2021","9/9/2021","NEM","Newmont
CUSIP: 651639106","Buy","94","$58.44","($5,493.36)"
"9/7/2021","9/7/2021","9/9/2021","NEM","Newmont
CUSIP: 651639106","Buy","100","$58.44","($5,844.00)"
"9/7/2021","9/7/2021","9/9/2021","NEM","Newmont
CUSIP: 651639106","Buy","6","$58.44","($350.64)"
"9/7/2021","9/7/2021","9/9/2021","CLOV","Clover Health Investments
CUSIP: 18914F103","Sell","2000","$9.85","$19,701.85"
"9/7/2021","9/7/2021","9/7/2021","","Gold Fee","GOLD","","","($5.00)"
"9/7/2021","9/7/2021","9/7/2021","","Aggregated Margin Interest","MINT","","","($51.69)"
"9/3/2021","9/3/2021","9/7/2021","HOOD","Option Expiration for HOOD 9/3/2021 Call $49.00","OEXP","1","",""
"9/3/2021","9/3/2021","9/7/2021","AZN","Option Expiration for AZN 9/3/2021 Call $59.00","OEXP","2","",""
"9/3/2021","9/3/2021","9/7/2021","CLOV","Option Expiration for CLOV 9/3/2021 Call $9.00","OEXP","20","",""
"9/3/2021","9/3/2021","9/7/2021","MU","Option Expiration for MU 9/3/2021 Call $76.00","OEXP","2","",""
"9/3/2021","9/3/2021","9/7/2021","HOOD","HOOD 9/3/2021 Put $45.00","OASGN","1","",""
"9/3/2021","9/3/2021","9/8/2021","HOOD","Robinhood Markets
CUSIP: 770700102
1 HOOD Option Assigned","Buy","100","$45.00","($4,500.00)"
"9/3/2021","9/3/2021","9/8/2021","WILC","G. Willi-Food
CUSIP: M52523103","Buy","300","$22.87","($6,862.38)"
"9/3/2021","9/3/2021","9/8/2021","BBDC","Barings BDC
CUSIP: 06759L103","Buy","700","$11.08","($7,755.44)"
"9/3/2021","9/3/2021","9/8/2021","BBL","BHP Billiton
CUSIP: 05545E209","Sell","100","$59.17","$5,917.14"
"9/2/2021","9/2/2021","9/7/2021","FLNG","FLEX LNG
CUSIP: G35947202","Sell","100","$15.60","$1,560.23"
"9/2/2021","9/2/2021","9/7/2021","FLNG","FLEX LNG
CUSIP: G35947202","Sell","100","$15.60","$1,560.23"
"9/2/2021","9/2/2021","9/7/2021","FLNG","FLEX LNG
CUSIP: G35947202","Sell","100","$15.60","$1,560.23"
"9/2/2021","9/2/2021","9/7/2021","FLNG","FLEX LNG
CUSIP: G35947202","Sell","100","$15.60","$1,560.23"
"9/1/2021","9/1/2021","9/3/2021","BBL","BHP Billiton
CUSIP: 05545E209","Buy","100","$61.56","($6,155.52)"
"9/1/2021","9/1/2021","9/2/2021","AZN","AZN 9/3/2021 Call $59.00","STO","2","$0.27","$53.98"
"8/31/2021","8/31/2021","9/2/2021","QIWI","Qiwi
CUSIP: 74735M108","Buy","900","$9.50","($8,554.50)"
"8/31/2021","8/31/2021","9/2/2021","CHT","Chunghwa Telecom
CUSIP: 17133Q502","Sell","200","$40.84","$8,167.93"
"8/30/2021","8/30/2021","8/31/2021","HOOD","HOOD 9/3/2021 Put $45.00","STO","1","$2.00","$199.98"
"8/30/2021","8/30/2021","9/1/2021","KEN","Kenon
CUSIP: Y46717107","Sell","300","$39.24","$11,773.39"
"8/30/2021","8/30/2021","8/31/2021","MU","MU 9/3/2021 Call $76.00","STO","2","$0.24","$47.98"
"8/30/2021","8/30/2021","9/1/2021","MU","Micron Technology
CUSIP: 595112103","Buy","100","$73.33","($7,333.00)"
"8/30/2021","8/30/2021","8/31/2021","CLOV","CLOV 9/3/2021 Call $9.00","STO","20","$0.14","$279.95"
"8/30/2021","8/30/2021","9/1/2021","CODI","Compass Diversified
CUSIP: 20451Q104","Sell","300","$28.38","$8,515.38"
"8/30/2021","8/30/2021","8/31/2021","HOOD","HOOD 9/3/2021 Call $49.00","STO","1","$0.40","$39.98"
"8/27/2021","8/27/2021","8/30/2021","MU","Option Expiration for MU 8/27/2021 Call $79.00","OEXP","1","",""
"8/27/2021","8/27/2021","8/30/2021","AZN","Option Expiration for AZN 8/27/2021 Call $59.50","OEXP","2","",""
"8/27/2021","8/27/2021","8/30/2021","CLOV","Option Expiration for CLOV 8/27/2021 Call $9.00","OEXP","20","",""
"8/27/2021","8/27/2021","8/30/2021","HOOD","Option Expiration for HOOD 8/27/2021 Call $49.00","OEXP","1","",""
"8/27/2021","8/27/2021","8/30/2021","CLOV","CLOV 8/27/2021 Call $8.00","OASGN","5","",""
"8/27/2021","8/27/2021","8/31/2021","CLOV","Clover Health Investments
CUSIP: 18914F103
5 CLOV Options Assigned","Sell","500","$8.00","$3,999.91"
"8/27/2021","8/27/2021","8/31/2021","FLNG","FLEX LNG
CUSIP: G35947202","Buy","400","$15.37","($6,147.92)"
"8/26/2021","8/26/2021","8/30/2021","CODI","Compass Diversified
CUSIP: 20451Q104","Buy","300","$28.58","($8,573.61)"
"8/23/2021","8/23/2021","8/25/2021","CHT","Chunghwa Telecom
CUSIP: 17133Q502","Buy","49","$42.05","($2,060.40)"
"8/23/2021","8/23/2021","8/25/2021","CHT","Chunghwa Telecom
CUSIP: 17133Q502","Buy","51","$42.05","($2,144.50)"
"8/23/2021","8/23/2021","8/25/2021","CHT","Chunghwa Telecom
CUSIP: 17133Q502","Buy","100","$42.05","($4,204.90)"
"8/23/2021","8/23/2021","8/25/2021","DMAC","DiaMedica Therapeutics Inc. Common Stock
CUSIP: 25253X207","Sell","1000","$3.86","$3,861.66"
"8/23/2021","8/23/2021","8/25/2021","KEN","Kenon
CUSIP: Y46717107","Buy","300","$39.89","($11,965.62)"
"8/23/2021","8/23/2021","8/24/2021","HOOD","HOOD 8/27/2021 Call $49.00","STO","1","$0.50","$49.98"
"8/23/2021","8/23/2021","8/24/2021","AZN","AZN 8/27/2021 Call $59.50","STO","2","$0.31","$61.98"
"8/23/2021","8/23/2021","8/24/2021","CLOV","CLOV 8/27/2021 Call $8.00","STO","5","$0.32","$159.98"
"8/20/2021","8/20/2021","8/23/2021","AZN","Option Expiration for AZN 8/20/2021 Call $59.50","OEXP","2","",""
"8/20/2021","8/20/2021","8/23/2021","HOOD","Option Expiration for HOOD 8/20/2021 Call $52.00","OEXP","1","",""
"8/20/2021","8/20/2021","8/23/2021","EXEL","EXEL 8/20/2021 Call $17.00","OASGN","5","",""
"8/20/2021","8/20/2021","8/24/2021","EXEL","Exelixis
CUSIP: 30161Q104
5 EXEL Options Assigned","Sell","500","$17.00","$8,499.89"
"8/20/2021","8/20/2021","8/23/2021","CLOV","CLOV 8/20/2021 Put $8.00","OASGN","5","",""
"8/20/2021","8/20/2021","8/23/2021","DMAC","Option Expiration for DMAC 8/20/2021 Call $5.00","OEXP","10","",""
"8/20/2021","8/20/2021","8/24/2021","CLOV","Clover Health Investments
CUSIP: 18914F103
5 CLOV Options Assigned","Buy","500","$8.00","($4,000.00)"
"8/18/2021","8/18/2021","8/19/2021","CLOV","CLOV 8/20/2021 Put $8.00","STO","4","$0.22","$87.98"
"8/18/2021","8/18/2021","8/19/2021","CLOV","CLOV 8/20/2021 Put $8.00","STO","1","$0.22","$21.98"
"8/18/2021","8/18/2021","8/19/2021","AZN","AZN 8/20/2021 Call $59.50","STO","2","$0.63","$125.98"
"8/18/2021","8/18/2021","8/19/2021","AZN","AZN 8/20/2021 Call $58.00","BTC","1","$1.89","($189.00)"
"8/18/2021","8/18/2021","8/19/2021","AZN","AZN 8/20/2021 Call $58.00","BTC","1","$1.89","($189.00)"
"8/16/2021","8/16/2021","8/17/2021","MU","MU 8/27/2021 Call $79.00","STO","1","$0.13","$12.98"
"8/16/2021","8/16/2021","8/17/2021","CLOV","CLOV 8/27/2021 Call $9.00","STO","20","$0.42","$839.95"
"8/16/2021","8/16/2021","8/17/2021","HOOD","HOOD 8/20/2021 Call $52.00","STO","1","$1.35","$134.98"
"8/13/2021","8/13/2021","8/16/2021","CLOV","Option Expiration for CLOV 8/13/2021 Call $8.50","OEXP","11","",""
"8/13/2021","8/13/2021","8/16/2021","CLOV","Option Expiration for CLOV 8/13/2021 Call $9.50","OEXP","9","",""
"8/13/2021","8/13/2021","8/16/2021","MU","MU 8/13/2021 Put $80.00","OASGN","1","",""
"8/13/2021","8/13/2021","8/17/2021","MU","Micron Technology
CUSIP: 595112103
1 MU Option Assigned","Buy","100","$80.00","($8,000.00)"
"8/13/2021","8/13/2021","8/16/2021","HOOD","HOOD 8/13/2021 Put $52.00","OASGN","1","",""
"8/13/2021","8/13/2021","8/17/2021","HOOD","Robinhood Markets
CUSIP: 770700102
1 HOOD Option Assigned","Buy","100","$52.00","($5,200.00)"
"8/10/2021","8/10/2021","8/11/2021","AZN","AZN 8/20/2021 Call $58.00","STO","2","$0.15","$29.98"
"8/9/2021","8/9/2021","8/10/2021","HOOD","HOOD 8/13/2021 Put $52.00","STO","1","$1.35","$134.98"
"8/9/2021","8/9/2021","8/10/2021","CLOV","CLOV 8/13/2021 Call $9.50","STO","9","$0.20","$179.97"
"8/9/2021","8/9/2021","8/10/2021","MU","MU 8/13/2021 Put $80.00","STO","1","$1.02","$101.98"
"8/9/2021","8/9/2021","8/10/2021","CLOV","CLOV 8/13/2021 Call $8.50","STO","11","$0.43","$472.97"
"8/9/2021","8/9/2021","8/9/2021","","Gold Fee","GOLD","","","($5.00)"
"8/9/2021","8/9/2021","8/9/2021","","Aggregated Margin Interest","MINT","","","($56.18)"
"8/6/2021","8/6/2021","8/9/2021","CLOV","Option Expiration for CLOV 8/6/2021 Put $8.00","OEXP","7","",""
"8/6/2021","8/6/2021","8/9/2021","AZN","Option Expiration for AZN 8/6/2021 Call $58.00","OEXP","2","",""
"8/6/2021","8/6/2021","8/9/2021","CLOV","Option Expiration for CLOV 8/6/2021 Call $10.00","OEXP","20","",""
"8/6/2021","8/6/2021","8/9/2021","COIN","COIN 8/6/2021 Call $240.00","OASGN","1","",""
"8/6/2021","8/6/2021","8/10/2021","COIN","Coinbase
CUSIP: 19260Q107
1 COIN Option Assigned","Sell","100","$240.00","$23,999.86"
"8/3/2021","8/3/2021","8/4/2021","CLOV","CLOV 8/6/2021 Put $8.00","STO","5","$0.23","$114.98"
"8/3/2021","8/3/2021","8/4/2021","CLOV","CLOV 8/6/2021 Put $8.00","STO","1","$0.23","$22.98"
"8/3/2021","8/3/2021","8/4/2021","CLOV","CLOV 8/6/2021 Put $8.00","STO","1","$0.23","$22.98"
"8/2/2021","8/2/2021","8/3/2021","AZN","AZN 8/6/2021 Call $58.00","STO","2","$0.29","$57.98"
"7/30/2021","7/30/2021","8/2/2021","AZN","Option Expiration for AZN 7/30/2021 Call $59.00","OEXP","1","",""
"7/30/2021","7/30/2021","8/2/2021","AZN","AZN 7/30/2021 Put $57.50","OASGN","1","",""
"7/30/2021","7/30/2021","8/3/2021","AZN","AstraZeneca
CUSIP: 046353108
1 AZN Option Assigned","Buy","100","$57.50","($5,750.00)"
"7/30/2021","7/30/2021","7/30/2021","","Interest Payment","INT","","","$0.05"
"7/30/2021","7/30/2021","8/2/2021","COIN","COIN 8/6/2021 Call $240.00","STO","1","$4.30","$429.98"
"7/30/2021","7/30/2021","8/2/2021","COIN","COIN 7/30/2021 Call $242.50","BTC","1","$0.04","($4.00)"
"7/29/2021","7/29/2021","7/30/2021","AZN","AZN 7/30/2021 Put $57.50","STO","1","$0.25","$24.98"
"7/28/2021","7/28/2021","7/29/2021","CLOV","CLOV 8/6/2021 Call $10.00","STO","20","$0.13","$259.95"
"7/28/2021","7/28/2021","7/29/2021","EXEL","EXEL 8/20/2021 Call $17.00","STO","5","$0.70","$349.98"
"7/23/2021","7/23/2021","7/26/2021","CLOV","Option Expiration for CLOV 7/23/2021 Call $10.00","OEXP","9","",""
"7/23/2021","7/23/2021","7/26/2021","CLOV","Option Expiration for CLOV 7/23/2021 Call $9.00","OEXP","11","",""
"7/20/2021","7/20/2021","7/21/2021","COIN","COIN 7/30/2021 Call $242.50","STO","1","$2.25","$224.98"
"7/20/2021","7/20/2021","7/21/2021","AZN","AZN 7/30/2021 Call $59.00","STO","1","$0.53","$52.98"
"7/19/2021","7/19/2021","7/20/2021","DMAC","DMAC 8/20/2021 Call $5.00","STO","10","$0.15","$149.97"
"7/16/2021","7/16/2021","7/19/2021","EXEL","Option Expiration for EXEL 7/16/2021 Call $19.00","OEXP","5","",""
"7/16/2021","7/16/2021","7/19/2021","AZN","Option Expiration for AZN 7/16/2021 Call $60.50","OEXP","1","",""
"7/16/2021","7/16/2021","7/19/2021","DMAC","Option Expiration for DMAC 7/16/2021 Call $5.00","OEXP","10","",""
"7/16/2021","7/16/2021","7/19/2021","COIN","Option Expiration for COIN 7/16/2021 Call $257.50","OEXP","1","",""
"7/16/2021","7/16/2021","7/19/2021","CLOV","CLOV 7/23/2021 Call $10.00","STO","9","$0.20","$179.97"
"7/16/2021","7/16/2021","7/19/2021","CLOV","CLOV 7/16/2021 Call $11.00","BTC","5","$0.01","($5.00)"
"7/16/2021","7/16/2021","7/19/2021","CLOV","CLOV 7/16/2021 Call $11.00","BTC","4","$0.01","($4.00)"
"7/16/2021","7/16/2021","7/19/2021","CLOV","CLOV 7/23/2021 Call $9.00","STO","11","$0.31","$340.97"
"7/16/2021","7/16/2021","7/20/2021","CLOV","Clover Health Investments
CUSIP: 18914F103","Buy","1100","$8.34","($9,173.23)"
"7/13/2021","7/13/2021","7/15/2021","KGC","Kinross Gold
CUSIP: 496902404","Sell","300","$6.35","$1,905.49"
"7/12/2021","7/12/2021","7/13/2021","CLOV","CLOV 7/16/2021 Call $11.00","STO","9","$0.11","$98.97"
"7/12/2021","7/12/2021","7/13/2021","AZN","AZN 7/16/2021 Call $60.50","STO","1","$0.49","$48.98"
"7/9/2021","7/9/2021","7/12/2021","AZN","Option Expiration for AZN 7/9/2021 Put $59.50","OEXP","1","",""
"7/9/2021","7/9/2021","7/12/2021","AZN","Option Expiration for AZN 7/9/2021 Call $60.00","OEXP","1","",""
"7/9/2021","7/9/2021","7/12/2021","KGC","Option Expiration for KGC 7/9/2021 Call $6.50","OEXP","3","",""
"7/9/2021","7/9/2021","7/12/2021","COIN","COIN 7/16/2021 Call $257.50","STO","1","$6.20","$619.98"
"7/9/2021","7/9/2021","7/12/2021","COIN","COIN 7/9/2021 Call $242.50","BTC","1","$12.90","($1,290.00)"
"7/9/2021","7/9/2021","7/9/2021","","Gold Fee","GOLD","","","($5.00)"
"7/9/2021","7/9/2021","7/9/2021","","Aggregated Margin Interest","MINT","","","($76.98)"
"7/7/2021","7/7/2021","7/8/2021","AZN","AZN 7/9/2021 Call $60.00","STO","1","$0.19","$18.98"
"7/7/2021","7/7/2021","7/8/2021","AZN","AZN 7/9/2021 Put $59.50","STO","1","$0.22","$21.98"
"7/7/2021","7/7/2021","7/8/2021","DMAC","DMAC 7/16/2021 Call $5.00","STO","4","$0.05","$19.98"
"7/7/2021","7/7/2021","7/8/2021","DMAC","DMAC 7/16/2021 Call $5.00","STO","5","$0.05","$24.98"
"7/7/2021","7/7/2021","7/8/2021","DMAC","DMAC 7/16/2021 Call $5.00","STO","1","$0.05","$4.98"
"7/6/2021","7/6/2021","7/8/2021","AZN","AstraZeneca
CUSIP: 046353108","Buy","100","$60.30","($6,029.94)"
"7/6/2021","7/6/2021","7/7/2021","COIN","COIN 7/9/2021 Call $242.50","STO","1","$3.60","$359.98"
"7/6/2021","7/6/2021","7/8/2021","COIN","Coinbase
CUSIP: 19260Q107","Buy","100","$240.33","($24,033.00)"
"7/2/2021","7/2/2021","7/6/2021","CLOV","Option Expiration for CLOV 7/2/2021 Call $13.00","OEXP","5","",""
"7/2/2021","7/2/2021","7/6/2021","SLV","SLV 7/2/2021 Call $24.50","OASGN","13","",""
"7/2/2021","7/2/2021","7/6/2021","NEM","NEM 7/2/2021 Call $63.00","OASGN","2","",""
"7/2/2021","7/2/2021","7/7/2021","SLV","iShares Silver Trust
CUSIP: 46428Q109
13 SLV Options Assigned","Sell","1300","$24.50","$31,849.68"
"7/2/2021","7/2/2021","7/7/2021","NEM","Newmont
CUSIP: 651639106
2 NEM Options Assigned","Sell","200","$63.00","$12,599.91"
"7/2/2021","7/2/2021","7/6/2021","LUV","LUV 7/2/2021 Call $53.00","OASGN","2","",""
"7/2/2021","7/2/2021","7/7/2021","LUV","Southwest Airlines
CUSIP: 844741108
2 LUV Options Assigned","Sell","200","$53.00","$10,599.92"
"7/2/2021","7/2/2021","7/6/2021","CLOV","CLOV 7/2/2021 Put $14.00","OASGN","4","",""
"7/2/2021","7/2/2021","7/7/2021","CLOV","Clover Health Investments
CUSIP: 18914F103
4 CLOV Options Assigned","Buy","400","$14.00","($5,600.00)"
"7/2/2021","7/2/2021","7/6/2021","EXEL","EXEL 7/16/2021 Call $19.00","STO","5","$0.25","$124.98"
"6/30/2021","6/30/2021","7/1/2021","CLOV","CLOV 7/2/2021 Put $14.00","STO","1","$0.90","$89.98"
"6/30/2021","6/30/2021","7/1/2021","CLOV","CLOV 7/2/2021 Put $14.00","STO","1","$0.95","$94.98"
"6/30/2021","6/30/2021","7/2/2021","GBT","Global Blood Therapeutics
CUSIP: 37890U108","Sell","100","$35.25","$3,525.27"
"6/30/2021","6/30/2021","7/1/2021","KGC","KGC 7/9/2021 Call $6.50","STO","3","$0.10","$29.98"
"6/30/2021","6/30/2021","7/1/2021","CLOV","CLOV 7/2/2021 Put $14.00","STO","2","$0.94","$187.98"
"6/29/2021","6/29/2021","7/1/2021","DMAC","DiaMedica Therapeutics Inc. Common Stock
CUSIP: 25253X207","Buy","800","$5.04","($4,031.20)"
"6/29/2021","6/29/2021","7/1/2021","DMAC","DiaMedica Therapeutics Inc. Common Stock
CUSIP: 25253X207","Buy","200","$5.04","($1,007.80)"
"6/28/2021","6/28/2021","6/30/2021","GBT","Global Blood Therapeutics
CUSIP: 37890U108","Buy","100","$33.42","($3,342.50)"
"6/28/2021","6/28/2021","6/30/2021","EXEL","Exelixis
CUSIP: 30161Q104","Buy","500","$18.77","($9,385.00)"
"6/28/2021","6/28/2021","6/29/2021","NEM","NEM 7/2/2021 Call $63.00","STO","2","$0.60","$119.98"
"6/28/2021","6/28/2021","6/29/2021","SLV","SLV 7/2/2021 Call $24.50","STO","13","$0.15","$194.96"
"6/28/2021","6/28/2021","6/29/2021","CLOV","CLOV 7/2/2021 Call $13.00","STO","3","$0.75","$224.98"
"6/28/2021","6/28/2021","6/29/2021","CLOV","CLOV 7/2/2021 Call $13.00","STO","1","$0.75","$74.98"
"6/28/2021","6/28/2021","6/29/2021","CLOV","CLOV 7/2/2021 Call $13.00","STO","1","$0.75","$74.98"
"6/28/2021","6/28/2021","6/29/2021","LUV","LUV 7/2/2021 Call $53.00","STO","2","$0.73","$145.98"
"6/28/2021","6/28/2021","6/30/2021","LUV","Southwest Airlines
CUSIP: 844741108","Buy","200","$53.13","($10,625.18)"
"6/28/2021","6/28/2021","6/30/2021","KGC","Kinross Gold
CUSIP: 496902404","Buy","300","$6.41","($1,921.83)"
"6/28/2021","6/28/2021","6/30/2021","NEM","Newmont
CUSIP: 651639106","Buy","200","$62.73","($12,545.44)"
"6/25/2021","6/25/2021","6/28/2021","SLV","Option Expiration for SLV 6/25/2021 Call $24.50","OEXP","10","",""
"6/25/2021","6/25/2021","6/28/2021","CLOV","Option Expiration for CLOV 6/25/2021 Call $13.50","OEXP","2","",""
"6/25/2021","6/25/2021","6/28/2021","SLV","SLV 6/25/2021 Put $24.50","OASGN","3","",""
"6/25/2021","6/25/2021","6/29/2021","SLV","iShares Silver Trust
CUSIP: 46428Q109
3 SLV Options Assigned","Buy","300","$24.50","($7,350.00)"
"6/25/2021","6/25/2021","6/28/2021","ETSY","ETSY 6/25/2021 Call $172.50","OASGN","2","",""
"6/25/2021","6/25/2021","6/29/2021","ETSY","Etsy
CUSIP: 29786A106
2 ETSY Options Assigned","Sell","200","$172.50","$34,499.80"
"6/25/2021","6/25/2021","6/28/2021","CLOV","CLOV 6/25/2021 Put $14.50","OASGN","3","",""
"6/25/2021","6/25/2021","6/29/2021","CLOV","Clover Health Investments
CUSIP: 18914F103
3 CLOV Options Assigned","Buy","300","$14.50","($4,350.00)"
"6/25/2021","6/25/2021","6/28/2021","YY","YY 6/25/2021 Call $67.50","OASGN","1","",""
"6/25/2021","6/25/2021","6/29/2021","JOYY","JOYY Inc. American Depositary Shares
CUSIP: 46591M109
1 JOYY Option Assigned","Sell","100","$67.50","$6,749.95"
"6/24/2021","6/24/2021","6/25/2021","CLOV","CLOV 6/25/2021 Put $14.50","STO","1","$0.80","$79.98"
"6/24/2021","6/24/2021","6/25/2021","CLOV","CLOV 6/25/2021 Put $14.50","STO","2","$0.80","$159.98"
"6/24/2021","6/24/2021","6/28/2021","CRIS","Curis
CUSIP: 231269200","Sell","48","$7.68","$368.64"
"6/24/2021","6/24/2021","6/28/2021","CRIS","Curis
CUSIP: 231269200","Sell","273","$7.68","$2,096.59"
"6/24/2021","6/24/2021","6/28/2021","CRIS","Curis
CUSIP: 231269200","Sell","109","$7.68","$837.10"
"6/24/2021","6/24/2021","6/28/2021","CRIS","Curis
CUSIP: 231269200","Sell","70","$7.68","$537.58"
"6/22/2021","6/22/2021","6/23/2021","CLOV","CLOV 6/25/2021 Call $13.50","STO","2","$1.18","$235.98"
"6/22/2021","6/22/2021","6/24/2021","CLOV","Clover Health Investments
CUSIP: 18914F103","Buy","200","$12.81","($2,562.00)"
"6/22/2021","6/22/2021","6/24/2021","CRIS","Curis
CUSIP: 231269200","Buy","400","$7.51","($3,004.00)"
"6/21/2021","6/21/2021","6/22/2021","SLV","SLV 6/25/2021 Call $24.50","STO","7","$0.15","$104.98"
"6/21/2021","6/21/2021","6/22/2021","SLV","SLV 6/25/2021 Call $24.50","STO","3","$0.15","$44.98"
"6/21/2021","6/21/2021","6/22/2021","SLV","SLV 6/25/2021 Put $24.50","STO","3","$0.56","$167.98"
"6/21/2021","6/21/2021","6/22/2021","ETSY","ETSY 6/25/2021 Call $172.50","STO","2","$1.59","$317.98"
"6/21/2021","6/21/2021","6/22/2021","YY","YY 6/25/2021 Call $67.50","STO","1","$1.10","$109.98"
"6/21/2021","6/21/2021","6/23/2021","ETSY","Etsy
CUSIP: 29786A106","Buy","100","$167.06","($16,705.99)"
"6/21/2021","6/21/2021","6/23/2021","JOYY","JOYY Inc. American Depositary Shares
CUSIP: 46591M109","Buy","100","$66.96","($6,695.80)"
"6/18/2021","6/18/2021","6/21/2021","SLV","Option Expiration for SLV 6/18/2021 Call $26.00","OEXP","10","",""
"6/18/2021","6/18/2021","6/21/2021","ETSY","Option Expiration for ETSY 6/18/2021 Call $170.00","OEXP","1","",""
"6/18/2021","6/18/2021","6/21/2021","BDTX","BDTX 6/18/2021 Call $12.50","OASGN","3","",""
"6/18/2021","6/18/2021","6/22/2021","BDTX","Black Diamond Therapeutics
CUSIP: 09203E105
3 BDTX Options Assigned","Sell","300","$12.50","$3,749.94"
"6/18/2021","6/18/2021","6/21/2021","CCXI","CCXI 6/18/2021 Call $10.00","OASGN","3","",""
"6/18/2021","6/18/2021","6/22/2021","CCXI","ChemoCentryx
CUSIP: 16383L106
3 CCXI Options Assigned","Sell","300","$10.00","$2,999.94"
"6/18/2021","6/18/2021","6/21/2021","AAPL","AAPL 6/18/2021 Call $127.00","OASGN","1","",""
"6/18/2021","6/18/2021","6/22/2021","AAPL","Apple
CUSIP: 037833100
1 AAPL Option Assigned","Sell","100","$127.00","$12,699.92"
"6/18/2021","6/18/2021","6/21/2021","CHWY","CHWY 6/18/2021 Call $75.00","OASGN","3","",""
"6/18/2021","6/18/2021","6/22/2021","CHWY","Chewy
CUSIP: 16679L109
3 CHWY Options Assigned","Sell","300","$75.00","$22,499.84"
"6/18/2021","6/18/2021","6/22/2021","BKTI","BK Technologies
CUSIP: 05587G104","Sell","300","$2.96","$888.46"
"6/15/2021","6/15/2021","6/17/2021","BKTI","BK Technologies
CUSIP: 05587G104","Buy","300","$3.12","($934.83)"
"6/14/2021","6/14/2021","6/15/2021","CHWY","CHWY 6/18/2021 Call $75.00","STO","2","$1.47","$293.98"
"6/14/2021","6/14/2021","6/16/2021","CRIS","Curis
CUSIP: 231269200","Buy","100","$8.05","($805.00)"
"6/14/2021","6/14/2021","6/15/2021","ETSY","ETSY 6/18/2021 Call $170.00","STO","1","$2.43","$242.98"
"6/14/2021","6/14/2021","6/15/2021","SLV","SLV 6/18/2021 Call $26.00","STO","10","$0.30","$299.97"
"6/11/2021","6/11/2021","6/14/2021","ETSY","Option Expiration for ETSY 6/11/2021 Call $170.00","OEXP","1","",""
"6/11/2021","6/11/2021","6/14/2021","CHWY","Option Expiration for CHWY 6/11/2021 Call $77.50","OEXP","2","",""
"6/11/2021","6/11/2021","6/14/2021","SLV","Option Expiration for SLV 6/11/2021 Call $26.00","OEXP","10","",""
"6/11/2021","6/11/2021","6/14/2021","AAPL","AAPL 6/18/2021 Call $127.00","STO","1","$1.32","$131.98"
"6/11/2021","6/11/2021","6/14/2021","AAPL","AAPL 6/11/2021 Call $127.00","BTC","1","$0.15","($15.00)"
"6/11/2021","6/11/2021","6/14/2021","CHWY","CHWY 6/18/2021 Call $75.00","STO","1","$2.02","$201.98"
"6/11/2021","6/11/2021","6/15/2021","CHWY","Chewy
CUSIP: 16679L109","Buy","100","$74.93","($7,492.94)"
"6/11/2021","6/11/2021","6/11/2021","","ACH Deposit","ACH","","","$1,000.00"
"6/11/2021","6/11/2021","6/14/2021","CHWY","CHWY 6/11/2021 Call $77.50","STO","2","$1.04","$207.98"
"6/11/2021","6/11/2021","6/15/2021","CHWY","Chewy
CUSIP: 16679L109","Buy","200","$77.52","($15,504.44)"
"6/9/2021","6/9/2021","6/11/2021","HOLX","Hologic
CUSIP: 436440101","Sell","200","$61.25","$12,250.43"
"6/9/2021","6/9/2021","6/9/2021","","Gold Fee","GOLD","","","($5.00)"
"6/9/2021","6/9/2021","6/9/2021","","Aggregated Margin Interest","MINT","","","($90.88)"
"6/8/2021","6/8/2021","6/10/2021","EPAY","Bottomline Technologies
CUSIP: 101388106","Sell","100","$37.18","$3,717.47"
"6/8/2021","6/8/2021","6/10/2021","HOLX","Hologic
CUSIP: 436440101","Buy","100","$60.23","($6,022.83)"
"6/7/2021","6/7/2021","6/9/2021","HOLX","Hologic
CUSIP: 436440101","Buy","100","$61.00","($6,099.75)"
"6/7/2021","6/7/2021","6/8/2021","AAPL","AAPL 6/11/2021 Call $127.00","STO","1","$0.64","$63.98"
"6/7/2021","6/7/2021","6/9/2021","EPAY","Bottomline Technologies
CUSIP: 101388106","Buy","100","$36.30","($3,630.00)"
"6/7/2021","6/7/2021","6/8/2021","ETSY","ETSY 6/11/2021 Call $170.00","STO","1","$2.13","$212.98"
"6/4/2021","6/4/2021","6/7/2021","AAPL","Option Expiration for AAPL 6/4/2021 Call $127.00","OEXP","1","",""
"6/4/2021","6/4/2021","6/7/2021","ETSY","Option Expiration for ETSY 6/4/2021 Call $170.00","OEXP","1","",""
"6/4/2021","6/4/2021","6/7/2021","PTON","PTON 6/4/2021 Call $90.00","OASGN","1","",""
"6/4/2021","6/4/2021","6/8/2021","PTON","Peloton Interactive
CUSIP: 70614W100
1 PTON Option Assigned","Sell","100","$90.00","$8,999.94"
"6/4/2021","6/4/2021","6/8/2021","ADVM","Adverum Biotechnologies
CUSIP: 00773U108","Sell","400","$3.37","$1,348.66"
"6/4/2021","6/4/2021","6/8/2021","JWEL","Jowell Global
CUSIP: G5194C101","Sell","60","$6.70","$402.00"
"6/4/2021","6/4/2021","6/8/2021","JWEL","Jowell Global
CUSIP: G5194C101","Sell","35","$6.72","$235.20"
"6/4/2021","6/4/2021","6/8/2021","JWEL","Jowell Global
CUSIP: G5194C101","Sell","100","$6.72","$671.98"
"6/4/2021","6/4/2021","6/8/2021","JWEL","Jowell Global
CUSIP: G5194C101","Sell","100","$6.72","$671.98"
"6/4/2021","6/4/2021","6/8/2021","JWEL","Jowell Global
CUSIP: G5194C101","Sell","5","$6.70","$33.50"
"6/4/2021","6/4/2021","6/7/2021","CCXI","CCXI 6/18/2021 Call $10.00","STO","3","$0.90","$269.98"
"6/4/2021","6/4/2021","6/7/2021","SLV","SLV 6/11/2021 Call $26.00","STO","10","$0.29","$289.97"
"6/4/2021","6/4/2021","6/7/2021","SLV","SLV 6/4/2021 Call $26.50","BTC","1","$0.01","($1.00)"
"6/4/2021","6/4/2021","6/7/2021","SLV","SLV 6/4/2021 Call $26.50","BTC","3","$0.01","($3.00)"
"6/4/2021","6/4/2021","6/7/2021","SLV","SLV 6/4/2021 Call $26.50","BTC","6","$0.01","($6.00)"
"6/2/2021","6/2/2021","6/3/2021","BDTX","BDTX 6/18/2021 Call $12.50","STO","3","$1.15","$344.98"
"6/2/2021","6/2/2021","6/4/2021","CALM","Cal-Maine Foods
CUSIP: 128030202","Sell","100","$36.49","$3,648.75"
"6/2/2021","6/2/2021","6/3/2021","BDTX","BDTX 6/18/2021 Call $12.50","STC","3","$0.90","$269.98"
"6/2/2021","6/2/2021","6/3/2021","BDTX","BDTX 6/18/2021 Call $12.50","BTO","3","$1.25","($375.00)"
"6/1/2021","6/1/2021","6/2/2021","SLV","SLV 6/4/2021 Call $26.50","STO","10","$0.22","$219.97"
"6/1/2021","6/1/2021","6/3/2021","JWEL","Jowell Global
CUSIP: G5194C101","Buy","200","$7.12","($1,424.00)"
"6/1/2021","6/1/2021","6/3/2021","JWEL","Jowell Global
CUSIP: G5194C101","Buy","100","$7.12","($712.00)"
"6/1/2021","6/1/2021","6/2/2021","ETSY","ETSY 6/4/2021 Call $170.00","STO","1","$1.54","$153.98"
"6/1/2021","6/1/2021","6/2/2021","AAPL","AAPL 6/4/2021 Call $127.00","STO","1","$0.33","$32.98"
"6/1/2021","6/1/2021","6/3/2021","CALM","Cal-Maine Foods
CUSIP: 128030202","Buy","100","$35.00","($3,499.56)"
"6/1/2021","6/1/2021","6/3/2021","BDTX","Black Diamond Therapeutics
CUSIP: 09203E105","Buy","300","$13.25","($3,975.69)"
"6/1/2021","6/1/2021","6/3/2021","CCXI","ChemoCentryx
CUSIP: 16383L106","Buy","255","$10.10","($2,575.50)"
"6/1/2021","6/1/2021","6/3/2021","CCXI","ChemoCentryx
CUSIP: 16383L106","Buy","45","$10.10","($454.50)"
"5/28/2021","5/28/2021","6/1/2021","SLV","Option Expiration for SLV 5/28/2021 Call $26.00","OEXP","10","",""
"5/28/2021","5/28/2021","6/1/2021","ETSY","Option Expiration for ETSY 5/28/2021 Call $170.00","OEXP","1","",""
"5/28/2021","5/28/2021","6/1/2021","PTON","PTON 5/28/2021 Call $89.00","OASGN","1","",""
"5/28/2021","5/28/2021","6/2/2021","PTON","Peloton Interactive
CUSIP: 70614W100
1 PTON Option Assigned","Sell","100","$89.00","$8,899.94"
"5/28/2021","5/28/2021","6/1/2021","DKNG","DKNG 5/28/2021 Call $46.50","OASGN","1","",""
"5/28/2021","5/28/2021","6/2/2021","DKNG","Draftkings
CUSIP: 26142R104
1 DKNG Option Assigned","Sell","100","$46.50","$4,649.96"
"5/28/2021","5/28/2021","6/1/2021","AAPL","Option Expiration for AAPL 5/28/2021 Call $128.00","OEXP","1","",""
"5/28/2021","5/28/2021","6/2/2021","AEI","Alset EHome
CUSIP: 02116A104","Sell","400","$4.02","$1,608.94"
"5/26/2021","5/26/2021","5/28/2021","AEI","Alset EHome
CUSIP: 02116A104","Buy","100","$3.80","($379.90)"
"5/26/2021","5/26/2021","5/28/2021","AEI","Alset EHome
CUSIP: 02116A104","Buy","300","$3.80","($1,139.70)"
"5/26/2021","5/26/2021","5/28/2021","ADVM","Adverum Biotechnologies
CUSIP: 00773U108","Buy","399","$3.44","($1,373.64)"
"5/26/2021","5/26/2021","5/28/2021","ADVM","Adverum Biotechnologies
CUSIP: 00773U108","Buy","1","$3.45","($3.45)"
"5/24/2021","5/24/2021","5/25/2021","SLV","SLV 5/28/2021 Call $26.00","STO","10","$0.25","$249.97"
"5/24/2021","5/24/2021","5/25/2021","DKNG","DKNG 5/28/2021 Call $46.50","STO","1","$0.72","$71.98"
"5/24/2021","5/24/2021","5/25/2021","AAPL","AAPL 5/28/2021 Call $128.00","STO","1","$0.82","$81.98"
"5/24/2021","5/24/2021","5/25/2021","ETSY","ETSY 5/28/2021 Call $170.00","STO","1","$2.07","$206.98"
"5/24/2021","5/24/2021","5/26/2021","SLV","iShares Silver Trust
CUSIP: 46428Q109","Buy","1000","$25.75","($25,750.00)"
"5/21/2021","5/21/2021","5/24/2021","DKNG","Option Expiration for DKNG 5/21/2021 Call $45.00","OEXP","1","",""
"5/21/2021","5/21/2021","5/24/2021","ETSY","Option Expiration for ETSY 5/21/2021 Call $170.00","OEXP","1","",""
"5/21/2021","5/21/2021","5/24/2021","AAPL","Option Expiration for AAPL 5/21/2021 Call $126.00","OEXP","1","",""
"5/21/2021","5/21/2021","5/24/2021","PTON","PTON 5/21/2021 Call $88.00","OASGN","1","",""
"5/21/2021","5/21/2021","5/25/2021","PTON","Peloton Interactive
CUSIP: 70614W100
1 PTON Option Assigned","Sell","100","$88.00","$8,799.94"
"5/21/2021","5/21/2021","5/24/2021","NIO","NIO 5/21/2021 Call $33.50","OASGN","2","",""
"5/21/2021","5/21/2021","5/25/2021","NIO","NIO
CUSIP: 62914V106
2 NIO Options Assigned","Sell","200","$33.50","$6,699.94"
"5/20/2021","5/20/2021","5/24/2021","DKNG","Draftkings
CUSIP: 26142R104","Sell","200","$44.37","$8,872.99"
"5/19/2021","5/19/2021","5/20/2021","DKNG","DKNG 5/21/2021 Call $45.00","STO","1","$0.34","$33.98"
"5/19/2021","5/19/2021","5/20/2021","AAPL","AAPL 5/21/2021 Call $126.00","STO","1","$0.34","$33.98"
"5/19/2021","5/19/2021","5/20/2021","ETSY","ETSY 5/21/2021 Call $170.00","STO","1","$1.33","$132.98"
"5/17/2021","5/17/2021","5/18/2021","NIO","NIO 5/21/2021 Call $33.50","STO","2","$0.94","$187.98"
"5/17/2021","5/17/2021","5/19/2021","DKNG","Draftkings
CUSIP: 26142R104","Buy","200","$43.10","($8,620.00)"
"5/14/2021","5/14/2021","5/17/2021","ETSY","Option Expiration for ETSY 5/14/2021 Call $170.00","OEXP","1","",""
"5/14/2021","5/14/2021","5/17/2021","DKNG","Option Expiration for DKNG 5/14/2021 Call $49.00","OEXP","1","",""
"5/14/2021","5/14/2021","5/17/2021","PTON","PTON 5/14/2021 Call $87.00","OASGN","1","",""
"5/14/2021","5/14/2021","5/18/2021","PTON","Peloton Interactive
CUSIP: 70614W100
1 PTON Option Assigned","Sell","100","$87.00","$8,699.94"
"5/14/2021","5/14/2021","5/18/2021","NIO","NIO
CUSIP: 62914V106","Sell","100","$33.34","$3,333.97"
"5/14/2021","5/14/2021","5/17/2021","NIO","NIO 5/14/2021 Call $36.00","BTC","1","$0.02","($2.00)"
"5/14/2021","5/14/2021","5/17/2021","NIO","NIO 5/14/2021 Call $34.50","BTC","1","$0.04","($4.00)"
"5/13/2021","5/13/2021","5/13/2021","AAPL","Cash Div: R/D 2021-05-10 P/D 2021-05-13 - 100 shares at 0.22","CDIV","","","$22.00"
"5/13/2021","5/13/2021","5/17/2021","NIO","NIO
CUSIP: 62914V106","Buy","100","$31.20","($3,119.95)"
"5/11/2021","5/11/2021","5/12/2021","DKNG","DKNG 5/14/2021 Call $49.00","STO","1","$0.42","$41.98"
"5/11/2021","5/11/2021","5/12/2021","NIO","NIO 5/14/2021 Call $34.50","STO","1","$1.12","$111.98"
"5/11/2021","5/11/2021","5/13/2021","NIO","NIO
CUSIP: 62914V106","Buy","100","$34.30","($3,429.99)"
"5/11/2021","5/11/2021","5/12/2021","PTON","PTON 6/4/2021 Call $90.00","STO","1","$4.20","$419.98"
"5/11/2021","5/11/2021","5/12/2021","PTON","PTON 5/28/2021 Call $89.00","STO","1","$3.95","$394.98"
"5/11/2021","5/11/2021","5/12/2021","PTON","PTON 5/14/2021 Call $87.00","STO","1","$2.47","$246.98"
"5/11/2021","5/11/2021","5/12/2021","PTON","PTON 5/21/2021 Call $88.00","STO","1","$3.38","$337.98"
"5/11/2021","5/11/2021","5/13/2021","PTON","Peloton Interactive
CUSIP: 70614W100","Buy","100","$86.57","($8,656.72)"
"5/10/2021","5/10/2021","5/11/2021","NIO","NIO 5/14/2021 Call $36.00","STO","1","$0.79","$78.98"
"5/10/2021","5/10/2021","5/11/2021","ETSY","ETSY 5/14/2021 Call $170.00","STO","1","$2.25","$224.98"
"5/10/2021","5/10/2021","5/10/2021","","Gold Fee","GOLD","","","($5.00)"
"5/10/2021","5/10/2021","5/10/2021","","Aggregated Margin Interest","MINT","","","($75.44)"
"5/7/2021","5/7/2021","5/10/2021","AAPL","Option Expiration for AAPL 5/7/2021 Call $134.00","OEXP","1","",""
"5/7/2021","5/7/2021","5/10/2021","ETSY","Option Expiration for ETSY 5/7/2021 Call $200.00","OEXP","1","",""
"5/7/2021","5/7/2021","5/10/2021","NIO","Option Expiration for NIO 5/7/2021 Call $41.00","OEXP","1","",""
"5/7/2021","5/7/2021","5/10/2021","PTON","Option Expiration for PTON 5/7/2021 Call $99.00","OEXP","3","",""
"5/7/2021","5/7/2021","5/10/2021","DKNG","Option Expiration for DKNG 5/7/2021 Call $58.50","OEXP","1","",""
"5/3/2021","5/3/2021","5/4/2021","DKNG","DKNG 5/7/2021 Call $58.50","STO","1","$2.09","$208.98"
"5/3/2021","5/3/2021","5/4/2021","NIO","NIO 5/7/2021 Call $41.00","STO","1","$1.20","$119.98"
"5/3/2021","5/3/2021","5/4/2021","ETSY","ETSY 5/7/2021 Call $200.00","STO","1","$9.50","$949.98"
"5/3/2021","5/3/2021","5/4/2021","PTON","PTON 5/7/2021 Call $99.00","STO","2","$4.65","$929.98"
"5/3/2021","5/3/2021","5/4/2021","PTON","PTON 5/7/2021 Call $99.00","STO","1","$4.65","$464.98"
"5/3/2021","5/3/2021","5/4/2021","AAPL","AAPL 5/7/2021 Call $134.00","STO","1","$1.25","$124.98"
"4/30/2021","4/30/2021","5/3/2021","DKNG","Option Expiration for DKNG 4/30/2021 Call $58.00","OEXP","1","",""
"4/30/2021","4/30/2021","5/3/2021","ETSY","Option Expiration for ETSY 4/30/2021 Call $207.50","OEXP","1","",""
"4/30/2021","4/30/2021","5/3/2021","AAPL","Option Expiration for AAPL 4/30/2021 Call $135.00","OEXP","1","",""
"4/30/2021","4/30/2021","5/3/2021","NIO","NIO 4/30/2021 Put $41.00","OASGN","1","",""
"4/30/2021","4/30/2021","5/4/2021","NIO","NIO
CUSIP: 62914V106
1 NIO Option Assigned","Buy","100","$41.00","($4,100.00)"
"4/30/2021","4/30/2021","5/3/2021","PTON","Option Expiration for PTON 4/30/2021 Call $103.00","OEXP","3","",""
"4/30/2021","4/30/2021","4/30/2021","","Interest Payment","INT","","","$0.42"
"4/27/2021","4/27/2021","4/28/2021","NIO","NIO 4/30/2021 Put $41.00","STO","1","$1.34","$133.98"
"4/26/2021","4/26/2021","4/27/2021","ETSY","ETSY 4/30/2021 Call $207.50","STO","1","$4.80","$479.98"
"4/26/2021","4/26/2021","4/27/2021","AAPL","AAPL 4/30/2021 Call $135.00","STO","1","$2.63","$262.98"
"4/26/2021","4/26/2021","4/28/2021","AAPL","Apple
CUSIP: 037833100","Buy","100","$133.86","($13,386.50)"
"4/26/2021","4/26/2021","4/28/2021","ETSY","Etsy
CUSIP: 29786A106","Buy","100","$206.78","($20,678.00)"
"4/26/2021","4/26/2021","4/27/2021","DKNG","DKNG 4/30/2021 Call $58.00","STO","1","$1.40","$139.98"
"4/23/2021","4/23/2021","4/26/2021","DKNG","Option Expiration for DKNG 4/23/2021 Call $58.00","OEXP","1","",""
"4/23/2021","4/23/2021","4/26/2021","DKNG","DKNG 4/23/2021 Call $58.00","OASGN","1","",""
"4/23/2021","4/23/2021","4/27/2021","DKNG","Draftkings
CUSIP: 26142R104
2 DKNG Options Assigned","Sell","100","$58.00","$5,799.96"
"4/23/2021","4/23/2021","4/26/2021","BIDU","BIDU 4/23/2021 Call $215.00","OASGN","1","",""
"4/23/2021","4/23/2021","4/27/2021","BIDU","Baidu
CUSIP: 056752108
1 BIDU Option Assigned","Sell","100","$215.00","$21,499.88"
"4/23/2021","4/23/2021","4/26/2021","IBM","IBM 4/23/2021 Call $133.00","OASGN","1","",""
"4/23/2021","4/23/2021","4/27/2021","IBM","IBM
CUSIP: 459200101
1 IBM Option Assigned","Sell","100","$133.00","$13,299.92"
"4/23/2021","4/23/2021","4/26/2021","PTON","PTON 4/30/2021 Call $103.00","STO","3","$3.80","$1,139.98"
"4/23/2021","4/23/2021","4/26/2021","PTON","PTON 4/23/2021 Call $107.00","BTC","1","$0.18","($18.00)"
"4/23/2021","4/23/2021","4/26/2021","PTON","PTON 4/23/2021 Call $110.00","BTC","2","$0.07","($14.00)"
"4/20/2021","4/20/2021","4/21/2021","PTON","PTON 4/23/2021 Call $107.00","STO","1","$2.93","$292.98"
"4/20/2021","4/20/2021","4/22/2021","PTON","Peloton Interactive
CUSIP: 70614W100","Buy","100","$106.97","($10,697.00)"
"4/19/2021","4/19/2021","4/20/2021","DKNG","DKNG 4/23/2021 Call $58.00","STO","1","$1.31","$130.98"
"4/19/2021","4/19/2021","4/20/2021","DKNG","DKNG 4/23/2021 Call $58.00","STO","1","$1.31","$130.98"
"4/19/2021","4/19/2021","4/20/2021","BIDU","BIDU 4/23/2021 Call $215.00","STO","1","$3.95","$394.98"
"4/19/2021","4/19/2021","4/21/2021","BIDU","Baidu
CUSIP: 056752108","Buy","100","$214.41","($21,441.00)"
"4/19/2021","4/19/2021","4/20/2021","IBM","IBM 4/23/2021 Call $133.00","STO","1","$3.10","$309.98"
"4/19/2021","4/19/2021","4/20/2021","PTON","PTON 4/23/2021 Call $110.00","STO","1","$3.60","$359.98"
"4/19/2021","4/19/2021","4/20/2021","PTON","PTON 4/23/2021 Call $110.00","STO","1","$3.60","$359.98"
"4/19/2021","4/19/2021","4/21/2021","IBM","IBM
CUSIP: 459200101","Buy","100","$133.77","($13,376.62)"
"4/19/2021","4/19/2021","4/21/2021","PTON","Peloton Interactive
CUSIP: 70614W100","Buy","200","$108.95","($21,789.52)"
"4/16/2021","4/16/2021","4/19/2021","DKNG","Option Expiration for DKNG 4/16/2021 Call $58.00","OEXP","2","",""
"4/16/2021","4/16/2021","4/19/2021","DOCU","DOCU 4/16/2021 Call $212.50","OASGN","1","",""
"4/16/2021","4/16/2021","4/20/2021","DOCU","DocuSign
CUSIP: 256163106
1 DOCU Option Assigned","Sell","100","$212.50","$21,249.88"
"4/16/2021","4/16/2021","4/19/2021","AAPL","AAPL 4/16/2021 Call $132.00","OASGN","2","",""
"4/16/2021","4/16/2021","4/20/2021","AAPL","Apple
CUSIP: 037833100
2 AAPL Options Assigned","Sell","200","$132.00","$26,399.84"
"4/16/2021","4/16/2021","4/19/2021","BYND","BYND 4/16/2021 Call $130.00","OASGN","1","",""
"4/16/2021","4/16/2021","4/20/2021","BYND","Beyond Meat
CUSIP: 08862E109
1 BYND Option Assigned","Sell","100","$130.00","$12,999.92"
"4/13/2021","4/13/2021","4/14/2021","DKNG","DKNG 4/16/2021 Call $58.00","STO","1","$1.06","$105.98"
"4/13/2021","4/13/2021","4/14/2021","DKNG","DKNG 4/16/2021 Call $58.00","STO","1","$1.06","$105.98"
"4/12/2021","4/12/2021","4/13/2021","BYND","BYND 4/16/2021 Call $130.00","STO","1","$2.52","$251.98"
"4/12/2021","4/12/2021","4/12/2021","","Gold Fee","GOLD","","","($5.00)"
"4/12/2021","4/12/2021","4/12/2021","","Aggregated Margin Interest","MINT","","","($65.90)"
"4/9/2021","4/9/2021","4/12/2021","BYND","Option Expiration for BYND 4/9/2021 Call $131.00","OEXP","1","",""
"4/9/2021","4/9/2021","4/12/2021","DKNG","Option Expiration for DKNG 4/9/2021 Call $63.00","OEXP","2","",""
"4/9/2021","4/9/2021","4/12/2021","AAPL","AAPL 4/16/2021 Call $132.00","STO","2","$1.44","$287.98"
"4/9/2021","4/9/2021","4/12/2021","AAPL","AAPL 4/9/2021 Call $126.00","BTC","2","$5.30","($1,060.00)"
"4/9/2021","4/9/2021","4/12/2021","DOCU","DOCU 4/16/2021 Call $212.50","STO","1","$4.40","$439.98"
"4/9/2021","4/9/2021","4/12/2021","DOCU","DOCU 4/9/2021 Call $205.00","BTC","1","$7.65","($765.00)"
"4/6/2021","4/6/2021","4/7/2021","DKNG","DKNG 4/9/2021 Call $63.00","STO","1","$1.51","$150.98"
"4/6/2021","4/6/2021","4/7/2021","DKNG","DKNG 4/9/2021 Call $63.00","STO","1","$1.51","$150.98"
"4/6/2021","4/6/2021","4/8/2021","DKNG","Draftkings
CUSIP: 26142R104","Buy","200","$62.92","($12,584.00)"
"4/5/2021","4/5/2021","4/6/2021","AAPL","AAPL 4/9/2021 Call $126.00","STO","2","$1.33","$265.98"
"4/5/2021","4/5/2021","4/6/2021","BYND","BYND 4/9/2021 Call $131.00","STO","1","$2.28","$227.98"
"4/5/2021","4/5/2021","4/6/2021","DOCU","DOCU 4/9/2021 Call $205.00","STO","1","$3.05","$304.98"
"4/5/2021","4/5/2021","4/7/2021","AAPL","Apple
CUSIP: 037833100","Buy","200","$125.25","($25,049.74)"
"4/5/2021","4/5/2021","4/7/2021","BYND","Beyond Meat
CUSIP: 08862E109","Buy","100","$132.10","($13,210.00)"
"4/5/2021","4/5/2021","4/7/2021","DOCU","DocuSign
CUSIP: 256163106","Buy","100","$203.35","($20,335.34)"
"4/5/2021","4/5/2021","4/5/2021","","ACH Deposit","ACH","","","$500.00"
"4/1/2021","4/1/2021","4/5/2021","CRWD","CRWD 4/1/2021 Call $177.50","OASGN","1","",""
"4/1/2021","4/1/2021","4/6/2021","CRWD","CrowdStrike Holdings
CUSIP: 22788C105
1 CRWD Option Assigned","Sell","100","$177.50","$17,749.89"
"4/1/2021","4/1/2021","4/5/2021","NVDA","NVDA 4/1/2021 Call $520.00","OASGN","1","",""
"4/1/2021","4/1/2021","4/6/2021","NVDA","NVIDIA
CUSIP: 67066G104
1 NVDA Option Assigned","Sell","100","$520.00","$51,999.72"
"3/31/2021","3/31/2021","3/31/2021","NVDA","Cash Div: R/D 2021-03-10 P/D 2021-03-31 - 100 shares at 0.16","CDIV","","","$16.00"
"3/29/2021","3/29/2021","3/30/2021","NVDA","NVDA 4/1/2021 Call $520.00","STO","1","$8.30","$829.98"
"3/29/2021","3/29/2021","3/30/2021","NVDA","NVDA 4/1/2021 Call $512.50","BTC","1","$13.55","($1,355.00)"
"3/29/2021","3/29/2021","3/30/2021","CRWD","CRWD 4/1/2021 Call $177.50","STO","1","$3.45","$344.98"
"3/29/2021","3/29/2021","3/30/2021","NVDA","NVDA 4/1/2021 Call $512.50","STO","1","$7.60","$759.98"
"3/29/2021","3/29/2021","3/31/2021","CRWD","CrowdStrike Holdings
CUSIP: 22788C105","Buy","100","$176.08","($17,608.00)"
"3/29/2021","3/29/2021","3/31/2021","SPXU","ProShares UltraPro Short S&P 500 ETF
CUSIP: 74347B110","Sell","300","$24.13","$7,238.95"
"3/29/2021","3/29/2021","3/29/2021","","ACH Deposit","ACH","","","$1,000.00"
"3/26/2021","3/26/2021","3/29/2021","SPXU","Option Expiration for SPXU 3/26/2021 Call $25.00","OEXP","3","",""
"3/26/2021","3/26/2021","3/29/2021","NVDA","Option Expiration for NVDA 3/26/2021 Call $517.50","OEXP","1","",""
"3/19/2021","3/19/2021","3/22/2021","SPXU","SPXU 3/26/2021 Call $25.00","STO","3","$0.45","$134.98"
"3/19/2021","3/19/2021","3/22/2021","NVDA","NVDA 3/26/2021 Call $517.50","STO","1","$8.35","$834.98"
"3/19/2021","3/19/2021","3/22/2021","NVDA","NVDA 3/19/2021 Call $515.00","BTC","1","$0.26","($26.00)"
"3/19/2021","3/19/2021","3/22/2021","SPXU","SPXU 3/19/2021 Call $25.00","BTC","1","$0.03","($3.00)"
"3/19/2021","3/19/2021","3/22/2021","SPXU","SPXU 3/19/2021 Call $25.00","BTC","2","$0.03","($6.00)"
"3/12/2021","3/12/2021","3/15/2021","SPXU","SPXU 3/19/2021 Call $25.00","STO","3","$0.70","$209.98"
"3/12/2021","3/12/2021","3/15/2021","NVDA","NVDA 3/19/2021 Call $515.00","STO","1","$12.80","$1,279.98"
"3/12/2021","3/12/2021","3/15/2021","NVDA","NVDA 3/12/2021 Call $490.00","BTC","1","$22.20","($2,220.00)"
"3/12/2021","3/12/2021","3/15/2021","SPXU","SPXU 3/12/2021 Call $26.50","BTC","3","$0.03","($9.00)"
"3/11/2021","3/11/2021","3/11/2021","","Gold Fee","GOLD","","","($5.00)"
"3/11/2021","3/11/2021","3/11/2021","","Aggregated Margin Interest","MINT","","","($52.06)"
"3/9/2021","3/9/2021","3/10/2021","NVDA","NVDA 3/12/2021 Call $490.00","STO","1","$10.40","$1,039.98"
"3/8/2021","3/8/2021","3/9/2021","NVDA","NVDA 3/12/2021 Call $510.00","BTC","1","$1.57","($157.00)"
"3/8/2021","3/8/2021","3/9/2021","SPXU","SPXU 3/12/2021 Call $26.50","STO","3","$0.85","$254.98"
"3/5/2021","3/5/2021","3/8/2021","SPXU","Option Expiration for SPXU 3/5/2021 Call $27.00","OEXP","3","",""
"3/4/2021","3/4/2021","3/5/2021","NVDA","NVDA 3/12/2021 Call $510.00","STO","1","$12.80","$1,279.98"
"3/4/2021","3/4/2021","3/5/2021","NVDA","NVDA 3/12/2021 Call $575.00","BTC","1","$0.82","($82.00)"
"3/1/2021","3/1/2021","3/2/2021","SPXU","SPXU 3/5/2021 Call $27.00","STO","3","$0.53","$158.98"
"3/1/2021","3/1/2021","3/3/2021","SPXU","ProShares UltraPro Short S&P 500 ETF
CUSIP: 74347B110","Buy","300","$26.18","($7,853.46)"
"3/1/2021","3/1/2021","3/2/2021","NVDA","NVDA 3/12/2021 Call $575.00","STO","1","$6.45","$644.98"
"2/26/2021","2/26/2021","3/1/2021","NVDA","Option Expiration for NVDA 2/26/2021 Call $595.00","OEXP","1","",""
"2/24/2021","2/24/2021","2/24/2021","","Interest Payment","INT","","","$0.59"
"2/23/2021","2/23/2021","2/23/2021","","ACH Withdrawal","ACH","","","($5,500.00)"
"2/19/2021","2/19/2021","2/22/2021","JD","JD 2/19/2021 Call $104.00","OASGN","1","",""
"2/19/2021","2/19/2021","2/23/2021","JD","JD.com
CUSIP: 47215P106
1 JD Option Assigned","Sell","100","$104.00","$10,399.76"
"2/18/2021","2/18/2021","2/19/2021","NVDA","NVDA 2/26/2021 Call $595.00","STO","1","$20.70","$2,069.94"
"2/18/2021","2/18/2021","2/19/2021","NVDA","NVDA 2/19/2021 Call $610.00","BTC","1","$0.52","($52.00)"
"2/16/2021","2/16/2021","2/17/2021","JD","JD 2/19/2021 Call $104.00","STO","1","$1.64","$163.98"
"2/16/2021","2/16/2021","2/18/2021","JD","JD.com
CUSIP: 47215P106","Buy","100","$103.75","($10,375.34)"
"2/16/2021","2/16/2021","2/17/2021","JD","JD 4/1/2021 Call $95.00","STC","1","$12.35","$1,234.96"
"2/16/2021","2/16/2021","2/17/2021","JD","JD 4/1/2021 Call $95.00","BTO","1","$12.40","($1,240.00)"
"2/16/2021","2/16/2021","2/17/2021","NVDA","NVDA 2/19/2021 Call $610.00","STO","1","$9.20","$919.96"
"2/16/2021","2/16/2021","2/18/2021","NVDA","NVIDIA
CUSIP: 67066G104","Buy","100","$606.30","($60,629.56)"
"2/12/2021","2/12/2021","2/16/2021","MDB","MDB 2/12/2021 Call $410.00","OASGN","1","",""
"2/12/2021","2/12/2021","2/17/2021","MDB","MongoDB
CUSIP: 60937P106
1 MDB Option Assigned","Sell","100","$410.00","$40,999.08"
"2/12/2021","2/12/2021","2/16/2021","BYND","BYND 2/12/2021 Call $170.00","OASGN","1","",""
"2/12/2021","2/12/2021","2/17/2021","BYND","Beyond Meat
CUSIP: 08862E109
1 BYND Option Assigned","Sell","100","$170.00","$16,999.61"
"2/9/2021","2/9/2021","2/9/2021","","Gold Fee","GOLD","","","($5.00)"
"2/9/2021","2/9/2021","2/9/2021","","Aggregated Margin Interest","MINT","","","($55.47)"
"2/8/2021","2/8/2021","2/9/2021","BYND","BYND 2/12/2021 Call $170.00","STO","1","$4.05","$404.98"
"2/8/2021","2/8/2021","2/9/2021","MDB","MDB 2/12/2021 Call $410.00","STO","1","$10.40","$1,039.96"
"2/8/2021","2/8/2021","2/10/2021","BYND","Beyond Meat
CUSIP: 08862E109","Buy","100","$168.32","($16,832.00)"
"2/8/2021","2/8/2021","2/10/2021","MDB","MongoDB
CUSIP: 60937P106","Buy","100","$411.61","($41,161.00)"
"2/5/2021","2/5/2021","2/8/2021","MU","MU 2/5/2021 Call $80.00","OASGN","1","",""
"2/5/2021","2/5/2021","2/9/2021","MU","Micron Technology
CUSIP: 595112103
1 MU Option Assigned","Sell","100","$80.00","$7,999.81"
"2/5/2021","2/5/2021","2/8/2021","BIDU","BIDU 2/5/2021 Call $240.00","OASGN","2","",""
"2/5/2021","2/5/2021","2/9/2021","BIDU","Baidu
CUSIP: 056752108
2 BIDU Options Assigned","Sell","200","$240.00","$47,998.91"
"2/3/2021","2/3/2021","2/4/2021","INTC","INTC 2/5/2021 Call $56.00","OASGN","2","",""
"2/3/2021","2/3/2021","2/5/2021","INTC","Intel
CUSIP: 458140100
2 INTC Options Assigned","Sell","200","$56.00","$11,199.73"
"2/1/2021","2/1/2021","2/2/2021","MU","MU 2/5/2021 Call $80.00","STO","1","$1.52","$151.98"
"2/1/2021","2/1/2021","2/2/2021","INTC","INTC 2/5/2021 Call $56.00","STO","2","$0.99","$197.98"
"1/29/2021","1/29/2021","2/1/2021","MU","Option Expiration for MU 1/29/2021 Call $82.00","OEXP","1","",""
"1/29/2021","1/29/2021","2/1/2021","INTC","Option Expiration for INTC 1/29/2021 Call $56.00","OEXP","2","",""
"1/29/2021","1/29/2021","1/29/2021","","Interest Payment","INT","","","$0.23"
"1/28/2021","1/28/2021","1/29/2021","BIDU","BIDU 2/5/2021 Call $240.00","STO","2","$11.00","$2,199.94"
"1/28/2021","1/28/2021","1/29/2021","BIDU","BIDU 1/29/2021 Call $255.00","BTC","1","$1.31","($131.00)"
"1/28/2021","1/28/2021","2/1/2021","BIDU","Baidu
CUSIP: 056752108","Buy","100","$235.90","($23,590.43)"
"1/28/2021","1/28/2021","2/1/2021","META","Meta Platforms
CUSIP: 30303M102","Sell","100","$274.63","$27,462.39"
"1/28/2021","1/28/2021","1/29/2021","FB","FB 1/29/2021 Call $262.50","BTC","1","$12.45","($1,245.00)"
"1/25/2021","1/25/2021","1/26/2021","BIDU","BIDU 1/29/2021 Call $255.00","STO","1","$8.50","$849.97"
"1/25/2021","1/25/2021","1/26/2021","MU","MU 1/29/2021 Call $82.00","STO","1","$1.44","$143.98"
"1/25/2021","1/25/2021","1/27/2021","MU","Micron Technology
CUSIP: 595112103","Buy","100","$81.82","($8,181.64)"
"1/25/2021","1/25/2021","1/27/2021","BIDU","Baidu
CUSIP: 056752108","Buy","100","$256.37","($25,637.18)"
"1/25/2021","1/25/2021","1/26/2021","INTC","INTC 1/29/2021 Call $56.00","STO","2","$0.85","$169.98"
"1/22/2021","1/22/2021","1/25/2021","INTC","Option Expiration for INTC 1/22/2021 Call $58.00","OEXP","1","",""
"1/22/2021","1/22/2021","1/25/2021","INTC","INTC 1/22/2021 Put $57.00","OASGN","1","",""
"1/22/2021","1/22/2021","1/26/2021","INTC","Intel
CUSIP: 458140100
1 INTC Option Assigned","Buy","100","$57.00","($5,700.00)"
"1/22/2021","1/22/2021","1/25/2021","BIDU","BIDU 1/22/2021 Call $250.00","OASGN","1","",""
"1/22/2021","1/22/2021","1/26/2021","BIDU","Baidu
CUSIP: 056752108
1 BIDU Option Assigned","Sell","100","$250.00","$24,999.43"
"1/19/2021","1/19/2021","1/20/2021","FB","FB 1/29/2021 Call $262.50","STO","1","$7.60","$759.97"
"1/19/2021","1/19/2021","1/20/2021","FB","FB 1/22/2021 Call $262.50","BTC","1","$1.47","($147.00)"
"1/19/2021","1/19/2021","1/20/2021","INTC","INTC 1/22/2021 Call $58.00","STO","1","$1.53","$152.98"
"1/19/2021","1/19/2021","1/20/2021","INTC","INTC 1/22/2021 Put $57.00","STO","1","$1.36","$135.98"
"1/19/2021","1/19/2021","1/20/2021","BIDU","BIDU 1/22/2021 Call $250.00","STO","1","$10.05","$1,004.96"
"1/19/2021","1/19/2021","1/21/2021","INTC","Intel
CUSIP: 458140100","Buy","100","$57.59","($5,758.84)"
"1/19/2021","1/19/2021","1/21/2021","BIDU","Baidu
CUSIP: 056752108","Buy","100","$250.16","($25,016.50)"
"1/15/2021","1/15/2021","1/19/2021","BIDU","BIDU 1/15/2021 Call $235.00","OASGN","1","",""
"1/15/2021","1/15/2021","1/20/2021","BIDU","Baidu
CUSIP: 056752108
1 BIDU Option Assigned","Sell","100","$235.00","$23,499.47"
"1/15/2021","1/15/2021","1/19/2021","BYND","BYND 1/15/2021 Call $118.00","OASGN","1","",""
"1/15/2021","1/15/2021","1/20/2021","BYND","Beyond Meat
CUSIP: 08862E109
1 BYND Option Assigned","Sell","100","$118.00","$11,799.72"
"1/15/2021","1/15/2021","1/19/2021","FB","FB 1/22/2021 Call $262.50","STO","1","$1.93","$192.98"
"1/15/2021","1/15/2021","1/19/2021","FB","FB 1/15/2021 Call $267.50","BTC","1","$0.03","($3.00)"
"1/11/2021","1/11/2021","1/12/2021","BIDU","BIDU 1/15/2021 Call $235.00","STO","1","$8.10","$809.97"
"1/11/2021","1/11/2021","1/13/2021","BIDU","Baidu
CUSIP: 056752108","Buy","100","$233.96","($23,396.50)"
"1/11/2021","1/11/2021","1/11/2021","","Gold Fee","GOLD","","","($5.00)"
"1/11/2021","1/11/2021","1/11/2021","","Aggregated Margin Interest","MINT","","","($65.54)"
"1/8/2021","1/8/2021","1/11/2021","BABA","BABA 1/8/2021 Call $230.00","OASGN","1","",""
"1/8/2021","1/8/2021","1/12/2021","BABA","Alibaba
CUSIP: 01609W102
1 BABA Option Assigned","Sell","100","$230.00","$22,999.48"
"1/8/2021","1/8/2021","1/11/2021","FB","FB 1/15/2021 Call $267.50","STO","1","$4.40","$439.98"
"1/8/2021","1/8/2021","1/11/2021","FB","FB 1/8/2021 Call $272.50","BTC","1","$0.09","($9.00)"
"1/8/2021","1/8/2021","1/11/2021","BYND","BYND 1/15/2021 Call $118.00","STO","1","$3.50","$349.98"
"1/8/2021","1/8/2021","1/12/2021","BYND","Beyond Meat
CUSIP: 08862E109","Buy","100","$117.47","($11,747.39)"
"1/6/2021","1/6/2021","1/6/2021","","ACH Deposit","ACH","","","$500.00"
"1/4/2021","1/4/2021","1/5/2021","BABA","BABA 1/8/2021 Call $230.00","STO","1","$3.35","$334.98"
"1/4/2021","1/4/2021","1/5/2021","FB","FB 1/8/2021 Call $272.50","STO","1","$4.45","$444.98"
"1/4/2021","1/4/2021","1/6/2021","META","Meta Platforms
CUSIP: 30303M102","Buy","100","$271.49","($27,149.00)"
"1/4/2021","1/4/2021","1/6/2021","BABA","Alibaba
CUSIP: 01609W102","Buy","100","$229.46","($22,946.09)"
"12/31/2020","12/31/2020","1/4/2021","SLV","SLV 12/31/2020 Call $24.00","OASGN","5","",""
"12/31/2020","12/31/2020","1/4/2021","BIDU","BIDU 12/31/2020 Call $192.50","OASGN","1","",""
"12/31/2020","12/31/2020","1/5/2021","SLV","iShares Silver Trust
CUSIP: 46428Q109
5 SLV Options Assigned","Sell","500","$24.00","$11,999.67"
"12/31/2020","12/31/2020","1/5/2021","BIDU","Baidu
CUSIP: 056752108
1 BIDU Option Assigned","Sell","100","$192.50","$19,249.56"
"12/31/2020","12/31/2020","1/4/2021","BABA","BABA 12/31/2020 Call $225.00","OASGN","1","",""
"12/31/2020","12/31/2020","1/5/2021","BABA","Alibaba
CUSIP: 01609W102
1 BABA Option Assigned","Sell","100","$225.00","$22,499.49"
"12/31/2020","12/31/2020","12/31/2020","","Interest Payment","INT","","","$0.44"
"12/28/2020","12/28/2020","12/29/2020","BABA","BABA 12/31/2020 Call $225.00","STO","1","$3.75","$374.98"
"12/28/2020","12/28/2020","12/29/2020","BIDU","BIDU 12/31/2020 Call $192.50","STO","1","$4.65","$464.97"
"12/28/2020","12/28/2020","12/30/2020","BIDU","Baidu
CUSIP: 056752108","Buy","100","$193.81","($19,381.00)"
"12/28/2020","12/28/2020","12/30/2020","BABA","Alibaba
CUSIP: 01609W102","Buy","100","$222.32","($22,231.50)"
"12/28/2020","12/28/2020","12/30/2020","BABA","Alibaba
CUSIP: 01609W102","Sell","200","$222.80","$44,559.75"
"12/28/2020","12/28/2020","12/30/2020","BABA","Alibaba
CUSIP: 01609W102","Buy","10","$220.81","($2,208.10)"
"12/28/2020","12/28/2020","12/30/2020","BABA","Alibaba
CUSIP: 01609W102","Buy","90","$220.81","($19,872.90)"
"12/28/2020","12/28/2020","12/30/2020","BABA","Alibaba
CUSIP: 01609W102","Buy","100","$220.80","($22,080.00)"
"12/24/2020","12/24/2020","12/28/2020","MDB","MDB 12/24/2020 Call $375.00","OASGN","1","",""
"12/24/2020","12/24/2020","12/29/2020","MDB","MongoDB
CUSIP: 60937P106
1 MDB Option Assigned","Sell","100","$375.00","$37,499.16"
"12/24/2020","12/24/2020","12/28/2020","SLV","SLV 12/31/2020 Call $24.00","STO","5","$0.43","$214.98"
"12/24/2020","12/24/2020","12/28/2020","SLV","SLV 12/24/2020 Call $24.50","BTC","1","$0.01","($1.00)"
"12/24/2020","12/24/2020","12/28/2020","SLV","SLV 12/24/2020 Call $24.50","BTC","1","$0.01","($1.00)"
"12/24/2020","12/24/2020","12/28/2020","SLV","SLV 12/24/2020 Call $24.50","BTC","1","$0.01","($1.00)"
"12/24/2020","12/24/2020","12/28/2020","SLV","SLV 12/24/2020 Call $24.50","BTC","2","$0.01","($2.00)"
"12/21/2020","12/21/2020","12/22/2020","SLV","SLV 12/24/2020 Call $24.50","STO","4","$0.42","$167.98"
"12/21/2020","12/21/2020","12/22/2020","SLV","SLV 12/24/2020 Call $24.50","STO","1","$0.42","$41.98"
"12/21/2020","12/21/2020","12/22/2020","MDB","MDB 12/24/2020 Call $375.00","STO","1","$8.10","$809.97"
"12/21/2020","12/21/2020","12/23/2020","SLV","iShares Silver Trust
CUSIP: 46428Q109","Buy","500","$24.38","($12,189.30)"
"12/21/2020","12/21/2020","12/23/2020","MDB","MongoDB
CUSIP: 60937P106","Buy","60","$374.61","($22,476.60)"
"12/21/2020","12/21/2020","12/23/2020","MDB","MongoDB
CUSIP: 60937P106","Buy","40","$374.61","($14,984.40)"
"12/18/2020","12/18/2020","12/21/2020","SLV","SLV 12/18/2020 Call $23.00","OASGN","25","",""
"12/18/2020","12/18/2020","12/22/2020","SLV","iShares Silver Trust
CUSIP: 46428Q109
25 SLV Options Assigned","Sell","2500","$23.00","$57,498.42"
"12/16/2020","12/16/2020","12/17/2020","SLV","SLV 12/18/2020 Call $23.00","STO","5","$0.46","$229.98"
"12/16/2020","12/16/2020","12/17/2020","SLV","SLV 12/18/2020 Call $22.00","BTC","5","$1.26","($630.00)"
"12/16/2020","12/16/2020","12/17/2020","SLV","SLV 12/18/2020 Call $23.00","STO","19","$0.45","$854.94"
"12/16/2020","12/16/2020","12/17/2020","SLV","SLV 12/18/2020 Call $23.00","STO","1","$0.45","$44.98"
"12/16/2020","12/16/2020","12/17/2020","SLV","SLV 12/18/2020 Call $22.00","BTC","5","$1.25","($625.00)"
"12/16/2020","12/16/2020","12/17/2020","SLV","SLV 12/18/2020 Call $22.00","BTC","3","$1.25","($375.00)"
"12/16/2020","12/16/2020","12/17/2020","SLV","SLV 12/18/2020 Call $22.00","BTC","2","$1.25","($250.00)"
"12/16/2020","12/16/2020","12/17/2020","SLV","SLV 12/18/2020 Call $22.00","BTC","1","$1.25","($125.00)"
"12/16/2020","12/16/2020","12/17/2020","SLV","SLV 12/18/2020 Call $22.00","BTC","2","$1.25","($250.00)"
"12/16/2020","12/16/2020","12/17/2020","SLV","SLV 12/18/2020 Call $22.00","BTC","4","$1.25","($500.00)"
"12/16/2020","12/16/2020","12/17/2020","SLV","SLV 12/18/2020 Call $22.00","BTC","2","$1.25","($250.00)"
"12/16/2020","12/16/2020","12/17/2020","SLV","SLV 12/18/2020 Call $22.00","BTC","1","$1.25","($125.00)"
"12/14/2020","12/14/2020","12/15/2020","SLV","SLV 12/18/2020 Call $22.00","STO","1","$0.49","$48.98"
"12/14/2020","12/14/2020","12/15/2020","SLV","SLV 12/18/2020 Call $22.00","STO","2","$0.49","$97.98"
"12/14/2020","12/14/2020","12/15/2020","SLV","SLV 12/18/2020 Call $22.00","STO","2","$0.49","$97.98"
"12/14/2020","12/14/2020","12/15/2020","SLV","SLV 12/18/2020 Call $22.00","STO","2","$0.49","$97.98"
"12/14/2020","12/14/2020","12/15/2020","SLV","SLV 12/18/2020 Call $22.00","STO","1","$0.49","$48.98"
"12/14/2020","12/14/2020","12/15/2020","SLV","SLV 12/18/2020 Call $22.00","STO","1","$0.49","$48.98"
"12/14/2020","12/14/2020","12/15/2020","SLV","SLV 12/18/2020 Call $22.00","STO","1","$0.49","$48.98"
"12/14/2020","12/14/2020","12/15/2020","SLV","SLV 12/18/2020 Call $22.00","STO","1","$0.49","$48.98"
"12/14/2020","12/14/2020","12/15/2020","SLV","SLV 12/18/2020 Call $22.00","STO","1","$0.49","$48.98"
"12/14/2020","12/14/2020","12/15/2020","SLV","SLV 12/18/2020 Call $22.00","STO","1","$0.49","$48.98"
"12/14/2020","12/14/2020","12/15/2020","SLV","SLV 12/18/2020 Call $22.00","STO","1","$0.49","$48.98"
"12/14/2020","12/14/2020","12/15/2020","SLV","SLV 12/18/2020 Call $22.00","STO","1","$0.49","$48.98"
"12/14/2020","12/14/2020","12/15/2020","SLV","SLV 12/18/2020 Call $22.00","STO","1","$0.49","$48.98"
"12/14/2020","12/14/2020","12/15/2020","SLV","SLV 12/18/2020 Call $22.00","STO","1","$0.49","$48.98"
"12/14/2020","12/14/2020","12/15/2020","SLV","SLV 12/18/2020 Call $22.00","STO","1","$0.49","$48.98"
"12/14/2020","12/14/2020","12/15/2020","SLV","SLV 12/18/2020 Call $22.00","STO","1","$0.49","$48.98"
"12/14/2020","12/14/2020","12/15/2020","SLV","SLV 12/18/2020 Call $22.00","STO","1","$0.49","$48.98"
"12/14/2020","12/14/2020","12/15/2020","SLV","SLV 12/18/2020 Call $22.00","STO","1","$0.49","$48.98"
"12/14/2020","12/14/2020","12/15/2020","SLV","SLV 12/18/2020 Call $22.00","STO","2","$0.49","$97.98"
"12/14/2020","12/14/2020","12/15/2020","SLV","SLV 12/18/2020 Call $22.00","STO","2","$0.49","$97.98"
"12/14/2020","12/14/2020","12/16/2020","SLV","iShares Silver Trust
CUSIP: 46428Q109","Buy","100","$22.35","($2,235.00)"
"12/14/2020","12/14/2020","12/16/2020","SLV","iShares Silver Trust
CUSIP: 46428Q109","Buy","700","$22.34","($15,641.50)"
"12/11/2020","12/11/2020","12/14/2020","SLV","Option Expiration for SLV 12/11/2020 Call $22.50","OEXP","17","",""
"12/11/2020","12/11/2020","12/14/2020","Z","Z 12/11/2020 Call $110.00","OASGN","1","",""
"12/11/2020","12/11/2020","12/15/2020","Z","Zillow Class C
CUSIP: 98954M200
1 Z Option Assigned","Sell","100","$110.00","$10,999.74"
"12/11/2020","12/11/2020","12/11/2020","","Aggregated Margin Interest","MINT","","","($92.53)"
"12/11/2020","12/11/2020","12/11/2020","","Gold Fee","GOLD","","","($5.00)"
"12/7/2020","12/7/2020","12/8/2020","SLV","SLV 12/11/2020 Call $22.50","STO","17","$0.71","$1,206.94"
"12/7/2020","12/7/2020","12/9/2020","SLV","iShares Silver Trust
CUSIP: 46428Q109","Buy","1206","$22.96","($27,689.76)"
"12/7/2020","12/7/2020","12/9/2020","SLV","iShares Silver Trust
CUSIP: 46428Q109","Buy","494","$22.96","($11,342.24)"
"12/7/2020","12/7/2020","12/8/2020","Z","Z 12/11/2020 Call $110.00","STO","1","$2.75","$274.98"
"12/4/2020","12/4/2020","12/7/2020","Z","Option Expiration for Z 12/4/2020 Call $110.00","OEXP","1","",""
"12/4/2020","12/4/2020","12/7/2020","SLV","SLV 12/4/2020 Call $22.00","OASGN","18","",""
"12/4/2020","12/4/2020","12/8/2020","SLV","iShares Silver Trust
CUSIP: 46428Q109
18 SLV Options Assigned","Sell","1800","$22.00","$39,598.91"
"12/2/2020","12/2/2020","12/2/2020","","ACH Deposit","ACH","","","$500.00"
"11/30/2020","11/30/2020","11/30/2020","","Interest Payment","INT","","","$0.55"
"11/25/2020","11/25/2020","11/27/2020","SLV","SLV 12/4/2020 Call $22.00","STO","16","$0.30","$479.95"
"11/25/2020","11/25/2020","11/27/2020","Z","Z 12/4/2020 Call $110.00","STO","1","$2.04","$203.98"
"11/25/2020","11/25/2020","11/27/2020","SLV","SLV 12/4/2020 Call $22.00","STO","2","$0.30","$59.98"
"11/25/2020","11/25/2020","11/27/2020","Z","Z 11/27/2020 Call $114.00","BTC","1","$0.08","($8.00)"
"11/25/2020","11/25/2020","11/27/2020","SLV","SLV 11/27/2020 Call $22.50","BTC","3","$0.03","($9.00)"
"11/25/2020","11/25/2020","11/27/2020","SLV","SLV 11/27/2020 Call $22.50","BTC","6","$0.03","($18.00)"
"11/25/2020","11/25/2020","11/27/2020","SLV","SLV 11/27/2020 Call $22.50","BTC","2","$0.03","($6.00)"
"11/25/2020","11/25/2020","11/27/2020","SLV","SLV 11/27/2020 Call $22.50","BTC","7","$0.03","($21.00)"
"11/23/2020","11/23/2020","11/24/2020","Z","Z 11/27/2020 Call $114.00","STO","1","$2.26","$225.98"
"11/23/2020","11/23/2020","11/25/2020","Z","Zillow Class C
CUSIP: 98954M200","Buy","100","$114.11","($11,410.95)"
"11/23/2020","11/23/2020","11/25/2020","BYND","Beyond Meat
CUSIP: 08862E109","Sell","100","$143.28","$14,327.21"
"11/23/2020","11/23/2020","11/24/2020","BYND","BYND 11/27/2020 Call $136.00","BTC","1","$7.85","($785.00)"
"11/20/2020","11/20/2020","11/23/2020","BYND","BYND 11/27/2020 Call $136.00","STO","1","$3.40","$339.98"
"11/20/2020","11/20/2020","11/24/2020","BYND","Beyond Meat
CUSIP: 08862E109","Buy","100","$135.58","($13,558.22)"
"11/20/2020","11/20/2020","11/23/2020","PTON","PTON 11/20/2020 Call $101.00","BTC","1","$11.05","($1,105.00)"
"11/20/2020","11/20/2020","11/24/2020","PTON","Peloton Interactive
CUSIP: 70614W100","Sell","100","$111.92","$11,192.22"
"11/20/2020","11/20/2020","11/23/2020","SLV","SLV 11/27/2020 Call $22.50","STO","18","$0.38","$683.94"
"11/20/2020","11/20/2020","11/23/2020","SLV","SLV 11/20/2020 Call $23.00","BTC","1","$0.01","($1.00)"
"11/20/2020","11/20/2020","11/23/2020","SLV","SLV 11/20/2020 Call $23.00","BTC","1","$0.01","($1.00)"
"11/20/2020","11/20/2020","11/23/2020","SLV","SLV 11/20/2020 Call $23.00","BTC","1","$0.01","($1.00)"
"11/20/2020","11/20/2020","11/23/2020","SLV","SLV 11/20/2020 Call $23.00","BTC","2","$0.01","($2.00)"
"11/20/2020","11/20/2020","11/23/2020","SLV","SLV 11/20/2020 Call $23.00","BTC","2","$0.01","($2.00)"
"11/20/2020","11/20/2020","11/23/2020","SLV","SLV 11/20/2020 Call $23.00","BTC","4","$0.01","($4.00)"
"11/20/2020","11/20/2020","11/23/2020","SLV","SLV 11/20/2020 Call $23.00","BTC","4","$0.01","($4.00)"
"11/20/2020","11/20/2020","11/23/2020","SLV","SLV 11/20/2020 Call $23.00","BTC","3","$0.01","($3.00)"
"11/17/2020","11/17/2020","11/18/2020","PTON","PTON 11/20/2020 Call $101.00","STO","1","$2.89","$288.98"
"11/17/2020","11/17/2020","11/19/2020","PTON","Peloton Interactive
CUSIP: 70614W100","Buy","100","$100.94","($10,094.48)"
"11/16/2020","11/16/2020","11/17/2020","SLV","SLV 11/20/2020 Call $23.00","STO","17","$0.35","$594.95"
"11/16/2020","11/16/2020","11/17/2020","SLV","SLV 11/20/2020 Call $23.00","STO","1","$0.35","$34.98"
"11/16/2020","11/16/2020","11/18/2020","SLV","iShares Silver Trust
CUSIP: 46428Q109","Buy","1800","$22.90","($41,219.82)"
"11/13/2020","11/13/2020","11/16/2020","PTON","PTON 11/13/2020 Call $101.00","OASGN","1","",""
"11/13/2020","11/13/2020","11/17/2020","PTON","Peloton Interactive
CUSIP: 70614W100
1 PTON Option Assigned","Sell","100","$101.00","$10,099.76"
"11/13/2020","11/13/2020","11/16/2020","SLV","SLV 11/13/2020 Call $22.50","OASGN","18","",""
"11/13/2020","11/13/2020","11/17/2020","SLV","iShares Silver Trust
CUSIP: 46428Q109
18 SLV Options Assigned","Sell","1800","$22.50","$40,498.89"
"11/11/2020","11/11/2020","11/13/2020","PTON","Peloton Interactive
CUSIP: 70614W100","Buy","100","$100.76","($10,075.98)"
"11/11/2020","11/11/2020","11/12/2020","PTON","PTON 11/13/2020 Call $101.00","STO","1","$2.78","$277.98"
"11/11/2020","11/11/2020","11/11/2020","","Gold Fee","GOLD","","","($5.00)"
"11/11/2020","11/11/2020","11/11/2020","","Aggregated Margin Interest","MINT","","","($87.13)"
"11/9/2020","11/9/2020","11/10/2020","SLV","SLV 11/13/2020 Call $22.50","STO","18","$0.44","$791.94"
"11/9/2020","11/9/2020","11/12/2020","SLV","iShares Silver Trust
CUSIP: 46428Q109","Buy","1800","$22.45","($40,409.82)"
"11/9/2020","11/9/2020","11/9/2020","","ACH Deposit","ACH","","","$500.00"
"11/6/2020","11/6/2020","11/9/2020","AMAT","AMAT 11/6/2020 Call $60.00","OASGN","1","",""
"11/6/2020","11/6/2020","11/10/2020","AMAT","Applied Materials
CUSIP: 038222105
1 AMAT Option Assigned","Sell","100","$60.00","$5,999.85"
"11/6/2020","11/6/2020","11/9/2020","SPY","SPY 11/6/2020 Call $343.00","OASGN","1","",""
"11/6/2020","11/6/2020","11/10/2020","SPY","SPDR S&P 500 ETF Trust
CUSIP: 78462F103
1 SPY Option Assigned","Sell","100","$343.00","$34,299.23"
"11/6/2020","11/6/2020","11/9/2020","AMD","AMD 11/6/2020 Call $76.50","OASGN","1","",""
"11/6/2020","11/6/2020","11/10/2020","AMD","AMD
CUSIP: 007903107
1 AMD Option Assigned","Sell","100","$76.50","$7,649.82"
"11/4/2020","11/4/2020","11/5/2020","SPY","SPY 11/6/2020 Call $343.00","STO","1","$4.16","$415.98"
"11/4/2020","11/4/2020","11/5/2020","SPY","SPY 11/4/2020 Call $331.00","BTC","1","$12.54","($1,254.00)"
"11/2/2020","11/2/2020","11/3/2020","AMAT","AMAT 11/6/2020 Call $60.00","STO","1","$1.60","$159.98"
"11/2/2020","11/2/2020","11/3/2020","AMD","AMD 11/6/2020 Call $76.50","STO","1","$1.90","$189.98"
"11/2/2020","11/2/2020","11/3/2020","SPY","SPY 11/4/2020 Call $331.00","STO","1","$5.58","$557.97"
"10/30/2020","10/30/2020","11/2/2020","AMAT","Option Expiration for AMAT 10/30/2020 Call $61.50","OEXP","1","",""
"10/30/2020","10/30/2020","11/2/2020","AMD","Option Expiration for AMD 10/30/2020 Call $81.50","OEXP","1","",""
"10/30/2020","10/30/2020","11/2/2020","SPY","Option Expiration for SPY 10/30/2020 Call $330.00","OEXP","1","",""
"10/30/2020","10/30/2020","10/30/2020","","Interest Payment","INT","","","$0.16"
"10/29/2020","10/29/2020","10/30/2020","SPY","SPY 10/30/2020 Call $330.00","STO","1","$1.59","$158.98"
"10/28/2020","10/28/2020","10/29/2020","SPY","Option Expiration for SPY 10/28/2020 Call $340.00","OEXP","1","",""
"10/27/2020","10/27/2020","10/28/2020","SPY","SPY 10/28/2020 Call $340.00","STO","1","$2.02","$201.98"
"10/27/2020","10/27/2020","10/28/2020","SPY","SPY 10/28/2020 Call $340.00","STC","1","$2.02","$201.98"
"10/27/2020","10/27/2020","10/28/2020","SPY","SPY 10/28/2020 Call $340.00","BTO","1","$2.02","($202.00)"
"10/26/2020","10/26/2020","10/27/2020","SPY","Option Expiration for SPY 10/26/2020 Call $345.00","OEXP","1","",""
"10/23/2020","10/23/2020","10/26/2020","AMD","AMD 10/30/2020 Call $81.50","STO","1","$3.55","$354.98"
"10/23/2020","10/23/2020","10/27/2020","AMD","AMD
CUSIP: 007903107","Buy","100","$81.37","($8,136.70)"
"10/23/2020","10/23/2020","10/26/2020","AMAT","AMAT 10/30/2020 Call $61.50","STO","1","$0.90","$89.98"
"10/23/2020","10/23/2020","10/26/2020","SPY","SPY 10/26/2020 Call $345.00","STO","1","$1.56","$155.98"
"10/23/2020","10/23/2020","10/26/2020","SPY","SPY 10/23/2020 Call $350.00","BTC","1","$0.01","($1.00)"
"10/23/2020","10/23/2020","10/26/2020","AMAT","AMAT 10/23/2020 Call $63.50","BTC","1","$0.01","($1.00)"
"10/19/2020","10/19/2020","10/20/2020","AMAT","AMAT 10/23/2020 Call $63.50","STO","1","$1.00","$99.98"
"10/19/2020","10/19/2020","10/20/2020","SPY","SPY 10/23/2020 Call $350.00","STO","1","$2.95","$294.98"
"10/16/2020","10/16/2020","10/19/2020","SPY","Option Expiration for SPY 10/16/2020 Call $349.00","OEXP","1","",""
"10/16/2020","10/16/2020","10/19/2020","AMAT","Option Expiration for AMAT 10/16/2020 Call $64.00","OEXP","1","",""
"10/14/2020","10/14/2020","10/15/2020","SPY","SPY 10/16/2020 Call $349.00","STO","1","$2.11","$210.98"
"10/14/2020","10/14/2020","10/15/2020","SPY","SPY 10/14/2020 Call $352.00","BTC","1","$0.02","($2.00)"
"10/12/2020","10/12/2020","10/13/2020","AMAT","AMAT 10/16/2020 Call $64.00","STO","1","$1.10","$109.98"
"10/12/2020","10/12/2020","10/14/2020","AMAT","Applied Materials
CUSIP: 038222105","Buy","100","$64.27","($6,426.89)"
"10/12/2020","10/12/2020","10/13/2020","SPY","SPY 10/14/2020 Call $352.00","STO","1","$1.93","$192.98"
"10/12/2020","10/12/2020","10/14/2020","SPY","SPDR S&P 500 ETF Trust
CUSIP: 78462F103","Buy","70","$351.94","($24,635.80)"
"10/12/2020","10/12/2020","10/14/2020","SPY","SPDR S&P 500 ETF Trust
CUSIP: 78462F103","Buy","25","$351.94","($8,798.50)"
"10/12/2020","10/12/2020","10/14/2020","SPY","SPDR S&P 500 ETF Trust
CUSIP: 78462F103","Buy","5","$351.94","($1,759.70)"
"10/12/2020","10/12/2020","10/12/2020","","Gold Fee","GOLD","","","($5.00)"
"10/12/2020","10/12/2020","10/12/2020","","Aggregated Margin Interest","MINT","","","($85.74)"
"10/9/2020","10/9/2020","10/12/2020","SPY","SPY 10/9/2020 Call $339.00","OASGN","1","",""
"10/9/2020","10/9/2020","10/14/2020","SPY","SPDR S&P 500 ETF Trust
CUSIP: 78462F103
1 SPY Option Assigned","Sell","100","$339.00","$33,899.24"
"10/9/2020","10/9/2020","10/12/2020","AAPL","AAPL 10/9/2020 Call $115.00","OASGN","1","",""
"10/9/2020","10/9/2020","10/14/2020","AAPL","Apple
CUSIP: 037833100
1 AAPL Option Assigned","Sell","100","$115.00","$11,499.73"
"10/6/2020","10/6/2020","10/7/2020","AAPL","AAPL 10/9/2020 Call $115.00","STO","1","$1.74","$173.98"
"10/6/2020","10/6/2020","10/8/2020","AAPL","Apple
CUSIP: 037833100","Buy","100","$114.95","($11,494.83)"
"10/6/2020","10/6/2020","10/6/2020","","ACH Deposit","ACH","","","$500.00"
"10/5/2020","10/5/2020","10/6/2020","SPY","SPY 10/9/2020 Call $339.00","STO","1","$3.27","$326.98"
"10/5/2020","10/5/2020","10/7/2020","SPY","SPDR S&P 500 ETF Trust
CUSIP: 78462F103","Buy","100","$338.65","($33,864.99)"
"10/2/2020","10/2/2020","10/5/2020","AAPL","AAPL 10/2/2020 Call $112.50","OASGN","3","",""
"10/2/2020","10/2/2020","10/6/2020","AAPL","Apple
CUSIP: 037833100
3 AAPL Options Assigned","Sell","300","$112.50","$33,749.21"
"10/2/2020","10/2/2020","10/5/2020","SLV","SLV 10/2/2020 Call $22.00","OASGN","4","",""
"10/2/2020","10/2/2020","10/6/2020","SLV","iShares Silver Trust
CUSIP: 46428Q109
4 SLV Options Assigned","Sell","400","$22.00","$8,799.75"
"9/30/2020","9/30/2020","9/30/2020","","Interest Payment","INT","","","$0.16"
"9/28/2020","9/28/2020","9/29/2020","AAPL","AAPL 10/2/2020 Call $112.50","STO","3","$2.73","$818.97"
"9/25/2020","9/25/2020","9/28/2020","AAPL","Option Expiration for AAPL 9/25/2020 Call $112.50","OEXP","3","",""
"9/24/2020","9/24/2020","9/25/2020","SLV","SLV 10/2/2020 Call $22.00","STO","4","$0.41","$163.98"
"9/24/2020","9/24/2020","9/25/2020","SLV","SLV 9/25/2020 Call $23.50","BTC","4","$0.02","($8.00)"
"9/22/2020","9/22/2020","9/23/2020","SLV","SLV 9/25/2020 Call $23.50","STO","4","$0.17","$67.98"
"9/18/2020","9/18/2020","9/21/2020","SLV","Option Expiration for SLV 9/18/2020 Call $25.00","OEXP","4","",""
"9/17/2020","9/17/2020","9/18/2020","AAPL","AAPL 9/25/2020 Call $112.50","STO","1","$2.31","$230.98"
"9/17/2020","9/17/2020","9/18/2020","AAPL","AAPL 9/25/2020 Call $112.50","STO","2","$2.31","$461.97"
"9/17/2020","9/17/2020","9/18/2020","AAPL","AAPL 9/18/2020 Call $117.50","BTC","1","$0.07","($7.00)"
"9/17/2020","9/17/2020","9/18/2020","AAPL","AAPL 9/18/2020 Call $117.50","BTC","1","$0.07","($7.00)"
"9/17/2020","9/17/2020","9/18/2020","AAPL","AAPL 9/18/2020 Call $117.50","BTC","1","$0.07","($7.00)"
"9/15/2020","9/15/2020","9/16/2020","SLV","SLV 9/18/2020 Call $25.00","STO","4","$0.58","$231.98"
"9/15/2020","9/15/2020","9/17/2020","SLV","iShares Silver Trust
CUSIP: 46428Q109","Buy","400","$25.23","($10,091.60)"
"9/15/2020","9/15/2020","9/16/2020","AAPL","AAPL 9/18/2020 Call $117.50","STO","3","$2.58","$773.97"
"9/15/2020","9/15/2020","9/16/2020","AAPL","AAPL 9/18/2020 Call $115.00","BTC","3","$4.20","($1,260.00)"
"9/14/2020","9/14/2020","9/15/2020","AAPL","AAPL 9/18/2020 Call $115.00","STO","3","$2.89","$866.97"
"9/14/2020","9/14/2020","9/16/2020","AAPL","Apple
CUSIP: 037833100","Buy","200","$115.06","($23,012.00)"
"9/14/2020","9/14/2020","9/16/2020","AAPL","Apple
CUSIP: 037833100","Buy","100","$115.06","($11,506.00)"
"9/14/2020","9/14/2020","9/16/2020","SLV","iShares Silver Trust
CUSIP: 46428Q109","Sell","1600","$25.24","$40,386.59"
"9/14/2020","9/14/2020","9/14/2020","","Gold Fee","GOLD","","","($5.00)"
"9/14/2020","9/14/2020","9/14/2020","","Aggregated Margin Interest","MINT","","","($60.40)"
"9/11/2020","9/11/2020","9/14/2020","SLV","Option Expiration for SLV 9/11/2020 Call $25.00","OEXP","16","",""
"9/8/2020","9/8/2020","9/8/2020","","ACH Deposit","ACH","","","$500.00"
"9/4/2020","9/4/2020","9/8/2020","SLV","SLV 9/11/2020 Call $25.00","STO","16","$0.65","$1,039.94"
"9/4/2020","9/4/2020","9/8/2020","SLV","SLV 9/4/2020 Call $25.50","BTC","3","$0.03","($9.00)"
"9/4/2020","9/4/2020","9/8/2020","SLV","SLV 9/4/2020 Call $26.00","BTC","13","$0.02","($26.00)"
"9/2/2020","9/2/2020","9/3/2020","SLV","SLV 9/4/2020 Call $25.50","STO","3","$0.42","$125.98"
"9/2/2020","9/2/2020","9/4/2020","SLV","iShares Silver Trust
CUSIP: 46428Q109","Buy","300","$25.43","($7,628.19)"
"8/31/2020","8/31/2020","8/31/2020","","Interest Payment","INT","","","$0.28"
"8/31/2020","8/31/2020","9/1/2020","SLV","SLV 9/4/2020 Call $26.00","STO","12","$0.79","$947.95"
"8/31/2020","8/31/2020","9/1/2020","SLV","SLV 9/4/2020 Call $26.00","STO","1","$0.79","$78.98"
"8/31/2020","8/31/2020","9/2/2020","SLV","iShares Silver Trust
CUSIP: 46428Q109","Buy","1300","$26.40","($34,320.00)"
"8/28/2020","8/28/2020","8/31/2020","SLV","SLV 8/28/2020 Call $25.00","OASGN","12","",""
"8/28/2020","8/28/2020","9/1/2020","SLV","iShares Silver Trust
CUSIP: 46428Q109
12 SLV Options Assigned","Sell","1200","$25.00","$29,999.19"
"8/24/2020","8/24/2020","8/25/2020","SLV","SLV 8/28/2020 Call $25.00","STO","4","$0.59","$235.98"
"8/24/2020","8/24/2020","8/25/2020","SLV","SLV 8/28/2020 Call $25.00","STO","8","$0.59","$471.96"
"8/21/2020","8/21/2020","8/24/2020","SLV","Option Expiration for SLV 8/21/2020 Call $25.50","OEXP","12","",""
"8/17/2020","8/17/2020","8/18/2020","SLV","SLV 8/21/2020 Call $25.50","STO","12","$0.78","$935.95"
"8/14/2020","8/14/2020","8/17/2020","SLV","Option Expiration for SLV 8/14/2020 Call $26.00","OEXP","12","",""
"8/14/2020","8/14/2020","8/17/2020","SLV","SLV 8/14/2020 Call $24.50","OASGN","3","",""
"8/14/2020","8/14/2020","8/18/2020","SLV","iShares Silver Trust
CUSIP: 46428Q109
3 SLV Options Assigned","Sell","300","$24.50","$7,349.79"
"8/13/2020","8/13/2020","8/13/2020","","Gold Fee","GOLD","","","($5.00)"
"8/13/2020","8/13/2020","8/13/2020","","Aggregated Margin Interest","MINT","","","($66.66)"
"8/11/2020","8/11/2020","8/12/2020","SLV","SLV 8/14/2020 Call $24.50","STO","3","$0.83","$248.98"
"8/11/2020","8/11/2020","8/13/2020","SLV","iShares Silver Trust
CUSIP: 46428Q109","Buy","31","$24.30","($753.30)"
"8/11/2020","8/11/2020","8/13/2020","SLV","iShares Silver Trust
CUSIP: 46428Q109","Buy","50","$24.30","($1,215.00)"
"8/11/2020","8/11/2020","8/13/2020","SLV","iShares Silver Trust
CUSIP: 46428Q109","Buy","219","$24.30","($5,321.70)"
"8/7/2020","8/7/2020","8/10/2020","SLV","SLV 8/14/2020 Call $26.00","STO","6","$1.12","$671.97"
"8/7/2020","8/7/2020","8/10/2020","SLV","SLV 8/14/2020 Call $26.00","STO","1","$1.12","$111.98"
"8/7/2020","8/7/2020","8/10/2020","SLV","SLV 8/14/2020 Call $26.00","STO","2","$1.12","$223.98"
"8/7/2020","8/7/2020","8/10/2020","SLV","SLV 8/14/2020 Call $26.00","STO","2","$1.12","$223.98"
"8/7/2020","8/7/2020","8/10/2020","SLV","SLV 8/14/2020 Call $26.00","STO","1","$1.12","$111.98"
"8/7/2020","8/7/2020","8/11/2020","SLV","iShares Silver Trust
CUSIP: 46428Q109","Buy","1200","$26.32","($31,582.92)"
"8/6/2020","8/6/2020","8/10/2020","SLV","iShares Silver Trust
CUSIP: 46428Q109","Sell","1100","$26.19","$28,808.23"
"8/6/2020","8/6/2020","8/10/2020","SLV","iShares Silver Trust
CUSIP: 46428Q109","Sell","200","$26.19","$5,237.86"
"8/6/2020","8/6/2020","8/7/2020","SLV","SLV 8/7/2020 Call $22.50","BTC","7","$3.72","($2,604.00)"
"8/6/2020","8/6/2020","8/7/2020","SLV","SLV 8/7/2020 Call $22.50","BTC","6","$3.72","($2,232.00)"
"8/6/2020","8/6/2020","8/10/2020","SLV","iShares Silver Trust
CUSIP: 46428Q109","Sell","399","$26.22","$10,461.53"
"8/6/2020","8/6/2020","8/10/2020","SLV","iShares Silver Trust
CUSIP: 46428Q109","Sell","1","$26.22","$26.22"
"8/6/2020","8/6/2020","8/7/2020","SLV","SLV 8/7/2020 Call $25.00","BTC","4","$1.29","($516.00)"
"8/6/2020","8/6/2020","8/6/2020","","ACH Deposit","ACH","","","$500.00"
"8/5/2020","8/5/2020","8/6/2020","SLV","SLV 8/7/2020 Call $25.00","STO","4","$0.75","$299.98"
"8/5/2020","8/5/2020","8/7/2020","SLV","iShares Silver Trust
CUSIP: 46428Q109","Buy","80","$25.24","($2,019.20)"
"8/5/2020","8/5/2020","8/7/2020","SLV","iShares Silver Trust
CUSIP: 46428Q109","Buy","320","$25.24","($8,076.80)"
"8/3/2020","8/3/2020","8/4/2020","SLV","SLV 8/7/2020 Call $22.50","STO","5","$0.64","$319.98"
"8/3/2020","8/3/2020","8/4/2020","SLV","SLV 8/7/2020 Call $22.50","STO","5","$0.64","$319.98"
"8/3/2020","8/3/2020","8/4/2020","SLV","SLV 8/7/2020 Call $22.50","STO","3","$0.64","$191.98"
"8/3/2020","8/3/2020","8/5/2020","SLV","iShares Silver Trust
CUSIP: 46428Q109","Buy","525","$22.59","($11,859.75)"
"8/3/2020","8/3/2020","8/5/2020","SLV","iShares Silver Trust
CUSIP: 46428Q109","Buy","100","$22.59","($2,259.00)"
"8/3/2020","8/3/2020","8/5/2020","SLV","iShares Silver Trust
CUSIP: 46428Q109","Buy","275","$22.59","($6,212.25)"
"8/3/2020","8/3/2020","8/5/2020","SLV","iShares Silver Trust
CUSIP: 46428Q109","Buy","100","$22.59","($2,259.00)"
"8/3/2020","8/3/2020","8/5/2020","SLV","iShares Silver Trust
CUSIP: 46428Q109","Buy","100","$22.59","($2,259.00)"
"8/3/2020","8/3/2020","8/5/2020","SLV","iShares Silver Trust
CUSIP: 46428Q109","Buy","100","$22.59","($2,259.00)"
"8/3/2020","8/3/2020","8/5/2020","SLV","iShares Silver Trust
CUSIP: 46428Q109","Buy","100","$22.59","($2,259.00)"
"7/31/2020","7/31/2020","8/3/2020","MGM","MGM 7/31/2020 Call $15.50","OASGN","3","",""
"7/31/2020","7/31/2020","8/4/2020","MGM","MGM Resorts
CUSIP: 552953101
3 MGM Options Assigned","Sell","300","$15.50","$4,649.85"
"7/31/2020","7/31/2020","8/3/2020","ETSY","ETSY 7/31/2020 Call $101.00","OASGN","2","",""
"7/31/2020","7/31/2020","8/4/2020","ETSY","Etsy
CUSIP: 29786A106
2 ETSY Options Assigned","Sell","200","$101.00","$20,199.53"
"7/31/2020","7/31/2020","8/3/2020","CRWD","CRWD 7/31/2020 Call $104.00","OASGN","1","",""
"7/31/2020","7/31/2020","8/4/2020","CRWD","CrowdStrike Holdings
CUSIP: 22788C105
1 CRWD Option Assigned","Sell","100","$104.00","$10,399.76"
"7/31/2020","7/31/2020","8/3/2020","SLV","SLV 7/31/2020 Call $22.50","OASGN","1","",""
"7/31/2020","7/31/2020","8/4/2020","SLV","iShares Silver Trust
CUSIP: 46428Q109
1 SLV Option Assigned","Sell","100","$22.50","$2,249.94"
"7/31/2020","7/31/2020","7/31/2020","","Interest Payment","INT","","","$0.10"
"7/27/2020","7/27/2020","7/28/2020","SLV","SLV 7/31/2020 Call $22.50","STO","1","$0.75","$74.98"
"7/27/2020","7/27/2020","7/29/2020","SLV","iShares Silver Trust
CUSIP: 46428Q109","Buy","100","$22.50","($2,250.50)"
"7/27/2020","7/27/2020","7/28/2020","CRWD","CRWD 7/31/2020 Call $104.00","STO","1","$2.37","$236.98"
"7/24/2020","7/24/2020","7/27/2020","CRWD","Option Expiration for CRWD 7/24/2020 Call $108.00","OEXP","1","",""
"7/24/2020","7/24/2020","7/27/2020","ETSY","ETSY 7/31/2020 Call $101.00","STO","2","$3.10","$619.97"
"7/24/2020","7/24/2020","7/27/2020","ETSY","ETSY 7/24/2020 Call $106.00","BTC","2","$0.06","($12.00)"
"7/24/2020","7/24/2020","7/27/2020","MGM","MGM 7/31/2020 Call $15.50","STO","3","$0.86","$257.98"
"7/24/2020","7/24/2020","7/27/2020","MGM","MGM 7/24/2020 Call $16.50","BTC","3","$0.04","($12.00)"
"7/21/2020","7/21/2020","7/22/2020","MGM","MGM 7/24/2020 Call $16.50","STO","3","$0.55","$164.98"
"7/21/2020","7/21/2020","7/23/2020","MGM","MGM Resorts
CUSIP: 552953101","Buy","300","$16.61","($4,982.40)"
"7/21/2020","7/21/2020","7/22/2020","CRWD","CRWD 7/24/2020 Call $108.00","STO","1","$2.03","$202.98"
"7/21/2020","7/21/2020","7/22/2020","ETSY","ETSY 7/24/2020 Call $106.00","STO","1","$2.49","$248.98"
"7/21/2020","7/21/2020","7/23/2020","ETSY","Etsy
CUSIP: 29786A106","Buy","100","$105.63","($10,562.99)"
"7/20/2020","7/20/2020","7/21/2020","ETSY","ETSY 7/24/2020 Call $106.00","STO","1","$2.82","$281.98"
"7/17/2020","7/17/2020","7/20/2020","ETSY","Option Expiration for ETSY 7/17/2020 Call $112.00","OEXP","1","",""
"7/17/2020","7/17/2020","7/20/2020","CRWD","Option Expiration for CRWD 7/17/2020 Call $117.00","OEXP","1","",""
"7/17/2020","7/17/2020","7/20/2020","WYNN","WYNN 7/17/2020 Call $75.00","OASGN","1","",""
"7/17/2020","7/17/2020","7/21/2020","WYNN","Wynn Resorts
CUSIP: 983134107
1 WYNN Option Assigned","Sell","100","$75.00","$7,499.82"
"7/17/2020","7/17/2020","7/20/2020","MGM","MGM 7/17/2020 Call $16.00","OASGN","3","",""
"7/17/2020","7/17/2020","7/21/2020","MGM","MGM Resorts
CUSIP: 552953101
3 MGM Options Assigned","Sell","300","$16.00","$4,799.85"
"7/14/2020","7/14/2020","7/14/2020","","Margin Interest Credit","MINT","","","$0.08"
"7/14/2020","7/14/2020","7/14/2020","","Gold Fee","GOLD","","","($5.00)"
"7/14/2020","7/14/2020","7/14/2020","","Aggregated Margin Interest","MINT","","","($29.12)"
"7/13/2020","7/13/2020","7/14/2020","MGM","MGM 7/17/2020 Call $16.00","STO","3","$0.62","$185.98"
"7/13/2020","7/13/2020","7/15/2020","MGM","MGM Resorts
CUSIP: 552953101","Buy","300","$16.01","($4,802.55)"
"7/13/2020","7/13/2020","7/14/2020","WYNN","WYNN 7/17/2020 Call $75.00","STO","1","$2.75","$274.98"
"7/13/2020","7/13/2020","7/15/2020","WYNN","Wynn Resorts
CUSIP: 983134107","Buy","100","$74.46","($7,445.57)"
"7/13/2020","7/13/2020","7/14/2020","CRWD","CRWD 7/17/2020 Call $117.00","STO","1","$3.50","$349.98"
"7/13/2020","7/13/2020","7/15/2020","CRWD","CrowdStrike Holdings
CUSIP: 22788C105","Buy","100","$116.75","($11,674.71)"
"7/10/2020","7/10/2020","7/13/2020","MRNA","MRNA 7/10/2020 Call $58.00","OASGN","1","",""
"7/10/2020","7/10/2020","7/14/2020","MRNA","Moderna
CUSIP: 60770K107
1 MRNA Option Assigned","Sell","100","$58.00","$5,799.86"
"7/10/2020","7/10/2020","7/13/2020","MRNA","MRNA 7/10/2020 Call $60.00","OASGN","1","",""
"7/10/2020","7/10/2020","7/14/2020","MRNA","Moderna
CUSIP: 60770K107
1 MRNA Option Assigned","Sell","100","$60.00","$5,999.85"
"7/10/2020","7/10/2020","7/13/2020","Z","Z 7/10/2020 Call $62.00","OASGN","1","",""
"7/10/2020","7/10/2020","7/14/2020","Z","Zillow Class C
CUSIP: 98954M200
1 Z Option Assigned","Sell","100","$62.00","$6,199.85"
"7/10/2020","7/10/2020","7/13/2020","ETSY","ETSY 7/17/2020 Call $112.00","STO","1","$3.45","$344.98"
"7/10/2020","7/10/2020","7/13/2020","ETSY","ETSY 7/10/2020 Call $113.00","BTC","1","$0.08","($8.00)"
"7/7/2020","7/7/2020","7/9/2020","ETSY","Etsy
CUSIP: 29786A106","Sell","8","$114.27","$914.15"
"7/7/2020","7/7/2020","7/8/2020","MRNA","MRNA 7/10/2020 Call $58.00","STO","1","$2.38","$237.98"
"7/7/2020","7/7/2020","7/9/2020","MRNA","Moderna
CUSIP: 60770K107","Buy","100","$57.99","($5,798.99)"
"7/7/2020","7/7/2020","7/7/2020","","ACH Deposit","ACH","","","$1,500.00"
"7/6/2020","7/6/2020","7/7/2020","Z","Z 7/10/2020 Call $62.00","STO","1","$1.88","$187.98"
"7/6/2020","7/6/2020","7/8/2020","Z","Zillow Class C
CUSIP: 98954M200","Buy","100","$62.46","($6,246.48)"
"7/6/2020","7/6/2020","7/7/2020","ETSY","ETSY 7/10/2020 Call $113.00","STO","1","$3.25","$324.98"
"7/6/2020","7/6/2020","7/8/2020","ETSY","Etsy
CUSIP: 29786A106","Buy","108","$113.55","($12,263.91)"
"7/6/2020","7/6/2020","7/7/2020","MRNA","MRNA 7/10/2020 Call $60.00","STO","1","$3.15","$314.98"
"7/2/2020","7/2/2020","7/6/2020","MRNA","Option Expiration for MRNA 7/2/2020 Call $65.00","OEXP","1","",""
"7/2/2020","7/2/2020","7/6/2020","MU","MU 7/2/2020 Call $48.50","OASGN","1","",""
"7/2/2020","7/2/2020","7/7/2020","MU","Micron Technology
CUSIP: 595112103
1 MU Option Assigned","Sell","100","$48.50","$4,849.88"
"7/2/2020","7/2/2020","7/6/2020","PTON","PTON 7/2/2020 Call $56.00","OASGN","1","",""
"7/2/2020","7/2/2020","7/7/2020","PTON","Peloton Interactive
CUSIP: 70614W100
1 PTON Option Assigned","Sell","100","$56.00","$5,599.86"
"7/2/2020","7/2/2020","7/6/2020","UAL","UAL 7/2/2020 Call $33.00","OASGN","2","",""
"7/2/2020","7/2/2020","7/7/2020","UAL","United Airlines
CUSIP: 910047109
2 UAL Options Assigned","Sell","200","$33.00","$6,599.83"
"6/30/2020","6/30/2020","6/30/2020","","Interest Payment","INT","","","$0.42"
"6/29/2020","6/29/2020","6/30/2020","UAL","UAL 7/2/2020 Call $33.00","STO","2","$1.48","$295.98"
"6/26/2020","6/26/2020","6/29/2020","UAL","Option Expiration for UAL 6/26/2020 Call $36.00","OEXP","2","",""
"6/25/2020","6/25/2020","6/26/2020","MRNA","MRNA 7/2/2020 Call $65.00","STO","1","$4.42","$441.98"
"6/25/2020","6/25/2020","6/29/2020","MRNA","Moderna
CUSIP: 60770K107","Buy","100","$66.10","($6,610.13)"
"6/25/2020","6/25/2020","6/26/2020","PTON","PTON 7/2/2020 Call $56.00","STO","1","$2.33","$232.98"
"6/25/2020","6/25/2020","6/29/2020","PTON","Peloton Interactive
CUSIP: 70614W100","Buy","100","$55.60","($5,560.22)"
"6/25/2020","6/25/2020","6/26/2020","MU","MU 7/2/2020 Call $48.50","STO","1","$2.02","$201.98"
"6/25/2020","6/25/2020","6/29/2020","MU","Micron Technology
CUSIP: 595112103","Buy","99","$48.14","($4,765.86)"
"6/25/2020","6/25/2020","6/29/2020","MU","Micron Technology
CUSIP: 595112103","Buy","1","$48.14","($48.14)"
"6/22/2020","6/22/2020","6/23/2020","UAL","UAL 6/26/2020 Call $36.00","STO","2","$1.95","$389.98"
"6/19/2020","6/19/2020","6/22/2020","UAL","Option Expiration for UAL 6/19/2020 Call $37.00","OEXP","2","",""
"6/19/2020","6/19/2020","6/22/2020","MU","MU 6/19/2020 Call $48.50","OASGN","1","",""
"6/19/2020","6/19/2020","6/23/2020","MU","Micron Technology
CUSIP: 595112103
1 MU Option Assigned","Sell","100","$48.50","$4,849.88"
"6/19/2020","6/19/2020","6/22/2020","AMAT","AMAT 6/19/2020 Call $56.00","OASGN","1","",""
"6/19/2020","6/19/2020","6/22/2020","PTON","PTON 6/19/2020 Call $50.00","OASGN","1","",""
"6/19/2020","6/19/2020","6/23/2020","AMAT","Applied Materials
CUSIP: 038222105
1 AMAT Option Assigned","Sell","100","$56.00","$5,599.86"
"6/19/2020","6/19/2020","6/23/2020","PTON","Peloton Interactive
CUSIP: 70614W100
1 PTON Option Assigned","Sell","100","$50.00","$4,999.87"
"6/15/2020","6/15/2020","6/16/2020","UAL","UAL 6/19/2020 Call $37.00","STO","2","$2.42","$483.97"
"6/15/2020","6/15/2020","6/17/2020","UAL","United Airlines
CUSIP: 910047109","Buy","200","$37.14","($7,428.00)"
"6/15/2020","6/15/2020","6/17/2020","PTON","Peloton Interactive
CUSIP: 70614W100","Buy","100","$49.94","($4,993.56)"
"6/15/2020","6/15/2020","6/16/2020","PTON","PTON 6/19/2020 Call $50.00","STO","1","$2.18","$217.98"
"6/15/2020","6/15/2020","6/16/2020","AMAT","AMAT 6/19/2020 Call $56.00","STO","1","$1.45","$144.98"
"6/15/2020","6/15/2020","6/17/2020","AMAT","Applied Materials
CUSIP: 038222105","Buy","100","$55.76","($5,576.00)"
"6/15/2020","6/15/2020","6/16/2020","MU","MU 6/19/2020 Call $48.50","STO","1","$1.50","$149.98"
"6/15/2020","6/15/2020","6/17/2020","MU","Micron Technology
CUSIP: 595112103","Buy","4","$48.36","($193.44)"
"6/15/2020","6/15/2020","6/17/2020","MU","Micron Technology
CUSIP: 595112103","Buy","80","$48.36","($3,868.80)"
"6/15/2020","6/15/2020","6/17/2020","MU","Micron Technology
CUSIP: 595112103","Buy","16","$48.36","($773.76)"
"6/15/2020","6/15/2020","6/15/2020","","Gold Fee","GOLD","","","($5.00)"
"6/15/2020","6/15/2020","6/15/2020","","Aggregated Margin Interest","MINT","","","($35.38)"
"6/12/2020","6/12/2020","6/15/2020","ROKU","ROKU 6/12/2020 Call $107.00","OASGN","2","",""
"6/12/2020","6/12/2020","6/16/2020","ROKU","Roku
CUSIP: 77543R102
2 ROKU Options Assigned","Sell","200","$107.00","$21,399.50"
"6/8/2020","6/8/2020","6/9/2020","ROKU","ROKU 6/12/2020 Call $107.00","STO","2","$4.15","$829.97"
"6/8/2020","6/8/2020","6/9/2020","ROKU","ROKU 6/12/2020 Call $107.00","STC","1","$4.26","$425.98"
"6/8/2020","6/8/2020","6/9/2020","ROKU","ROKU 6/12/2020 Call $107.00","STC","1","$4.26","$425.98"
"6/8/2020","6/8/2020","6/9/2020","ROKU","ROKU 6/12/2020 Call $107.00","BTO","2","$4.40","($880.00)"
"6/8/2020","6/8/2020","6/9/2020","ROKU","ROKU 6/12/2020 Call $104.00","BTC","2","$6.29","($1,258.00)"
"6/8/2020","6/8/2020","6/8/2020","","ACH Deposit","ACH","","","$500.00"
"6/5/2020","6/5/2020","6/8/2020","PCG","Option Expiration for PCG 6/5/2020 Put $11.00","OEXP","1","",""
"6/5/2020","6/5/2020","6/8/2020","ROKU","ROKU 6/12/2020 Call $104.00","STO","2","$3.20","$639.97"
"6/5/2020","6/5/2020","6/8/2020","ROKU","ROKU 6/5/2020 Call $108.00","BTC","2","$0.06","($12.00)"
"5/29/2020","5/29/2020","5/29/2020","","Interest Payment","INT","","","$0.09"
"5/29/2020","5/29/2020","6/1/2020","PCG","PCG 6/5/2020 Put $11.00","STO","1","$0.31","$30.98"
"5/28/2020","5/28/2020","5/29/2020","ROKU","ROKU 6/5/2020 Call $108.00","STO","2","$3.75","$749.97"
"5/28/2020","5/28/2020","5/29/2020","ROKU","ROKU 5/29/2020 Call $116.00","BTC","1","$0.17","($17.00)"
"5/28/2020","5/28/2020","5/29/2020","ROKU","ROKU 5/29/2020 Call $111.00","BTC","1","$0.54","($54.00)"
"5/22/2020","5/22/2020","5/26/2020","ROKU","ROKU 5/29/2020 Call $111.00","STO","1","$3.05","$304.98"
"5/22/2020","5/22/2020","5/27/2020","ROKU","Roku
CUSIP: 77543R102","Buy","100","$109.45","($10,945.35)"
"5/22/2020","5/22/2020","5/27/2020","BIDU","Baidu
CUSIP: 056752108","Sell","100","$104.19","$10,418.41"
"5/22/2020","5/22/2020","5/26/2020","BIDU","BIDU 5/29/2020 Call $109.00","BTC","1","$0.93","($93.00)"
"5/21/2020","5/21/2020","5/22/2020","ROKU","ROKU 5/29/2020 Call $116.00","STO","1","$3.40","$339.98"
"5/21/2020","5/21/2020","5/22/2020","BIDU","BIDU 5/29/2020 Call $109.00","STO","1","$3.05","$304.98"
"5/21/2020","5/21/2020","5/22/2020","BIDU","BIDU 5/22/2020 Call $113.00","BTC","1","$0.41","($41.00)"
"5/21/2020","5/21/2020","5/22/2020","ROKU","ROKU 5/22/2020 Call $118.00","BTC","1","$0.61","($61.00)"
"5/20/2020","5/20/2020","5/21/2020","BIDU","BIDU 5/22/2020 Call $113.00","STO","1","$2.06","$205.98"
"5/20/2020","5/20/2020","5/21/2020","BIDU","BIDU 5/22/2020 Call $97.50","BTC","1","$15.55","($1,555.00)"
"5/20/2020","5/20/2020","5/21/2020","ROKU","ROKU 5/22/2020 Call $118.00","STO","1","$1.88","$187.98"
"5/20/2020","5/20/2020","5/21/2020","ROKU","ROKU 5/22/2020 Call $120.00","BTC","1","$1.34","($134.00)"
"5/18/2020","5/18/2020","5/19/2020","ROKU","ROKU 5/22/2020 Call $120.00","STO","1","$4.10","$409.98"
"5/15/2020","5/15/2020","5/18/2020","ROKU","Option Expiration for ROKU 5/15/2020 Call $121.00","OEXP","1","",""
"5/15/2020","5/15/2020","5/18/2020","BIDU","BIDU 5/22/2020 Call $97.50","STO","1","$4.35","$434.98"
"5/15/2020","5/15/2020","5/19/2020","BIDU","Baidu
CUSIP: 056752108","Buy","100","$97.29","($9,728.54)"
"5/15/2020","5/15/2020","5/19/2020","CSCO","Cisco Systems
CUSIP: 17275R102","Sell","100","$44.06","$4,405.39"
"5/15/2020","5/15/2020","5/18/2020","CSCO","CSCO 5/15/2020 Call $43.00","BTC","1","$1.08","($108.00)"
"5/15/2020","5/15/2020","5/19/2020","MRNA","Moderna
CUSIP: 60770K107","Sell","100","$66.88","$6,688.10"
"5/15/2020","5/15/2020","5/18/2020","MRNA","MRNA 5/15/2020 Call $63.00","BTC","1","$4.20","($420.00)"
"5/15/2020","5/15/2020","5/15/2020","","Aggregated Margin Interest","MINT","","","($23.77)"
"5/14/2020","5/14/2020","5/15/2020","MRNA","MRNA 5/15/2020 Call $63.00","STO","1","$2.05","$204.98"
"5/14/2020","5/14/2020","5/18/2020","MRNA","Moderna
CUSIP: 60770K107","Buy","100","$63.10","($6,309.83)"
"5/13/2020","5/13/2020","5/14/2020","ROKU","ROKU 5/15/2020 Call $121.00","STO","1","$2.13","$212.98"
"5/13/2020","5/13/2020","5/14/2020","ROKU","ROKU 5/15/2020 Call $128.00","BTC","1","$0.70","($70.00)"
"5/11/2020","5/11/2020","5/12/2020","ROKU","ROKU 5/15/2020 Call $128.00","STO","1","$4.25","$424.98"
"5/11/2020","5/11/2020","5/13/2020","ROKU","Roku
CUSIP: 77543R102","Buy","100","$127.88","($12,787.80)"
"5/11/2020","5/11/2020","5/12/2020","CSCO","CSCO 5/15/2020 Call $43.00","STO","1","$1.46","$145.98"
"5/11/2020","5/11/2020","5/13/2020","CSCO","Cisco Systems
CUSIP: 17275R102","Buy","100","$43.00","($4,299.82)"
"5/8/2020","5/8/2020","5/11/2020","ROKU","ROKU 5/8/2020 Call $121.00","OASGN","1","",""
"5/8/2020","5/8/2020","5/12/2020","ROKU","Roku
CUSIP: 77543R102
1 ROKU Option Assigned","Sell","100","$121.00","$12,099.72"
"5/8/2020","5/8/2020","5/11/2020","TWTR","TWTR 5/8/2020 Call $27.50","OASGN","3","",""
"5/8/2020","5/8/2020","5/12/2020","TWTR","Twitter
CUSIP: 90184L102
3 TWTR Options Assigned","Sell","300","$27.50","$8,249.77"
"5/5/2020","5/5/2020","5/5/2020","","ACH Deposit","ACH","","","$500.00"
"5/4/2020","5/4/2020","5/5/2020","ROKU","ROKU 5/8/2020 Call $121.00","STO","1","$9.15","$914.96"
"5/4/2020","5/4/2020","5/5/2020","ROKU","ROKU 5/8/2020 Call $113.00","BTC","1","$13.70","($1,370.00)"
"5/1/2020","5/1/2020","5/4/2020","TWTR","TWTR 5/8/2020 Call $27.50","STO","2","$1.00","$199.98"
"5/1/2020","5/1/2020","5/4/2020","TWTR","TWTR 5/8/2020 Call $27.50","STO","1","$1.00","$99.98"
"5/1/2020","5/1/2020","5/4/2020","ROKU","ROKU 5/8/2020 Call $113.00","STO","1","$7.85","$784.97"
"5/1/2020","5/1/2020","5/5/2020","TWTR","Twitter
CUSIP: 90184L102","Buy","269","$27.55","($7,410.95)"
"5/1/2020","5/1/2020","5/5/2020","TWTR","Twitter
CUSIP: 90184L102","Buy","31","$27.54","($853.90)"
"5/1/2020","5/1/2020","5/5/2020","ROKU","Roku
CUSIP: 77543R102","Buy","100","$112.69","($11,268.86)"
"5/1/2020","5/1/2020","5/5/2020","MSFT","Microsoft
CUSIP: 594918104","Sell","100","$174.73","$17,472.63"
"5/1/2020","5/1/2020","5/4/2020","MSFT","MSFT 5/1/2020 Call $175.00","BTC","1","$0.55","($55.00)"
"4/30/2020","4/30/2020","4/30/2020","","Interest Payment","INT","","","$0.07"
"4/27/2020","4/27/2020","4/28/2020","MSFT","MSFT 5/1/2020 Call $175.00","STO","1","$3.96","$395.98"
"4/27/2020","4/27/2020","4/29/2020","MSFT","Microsoft
CUSIP: 594918104","Buy","100","$174.12","($17,412.00)"
"4/27/2020","4/27/2020","4/29/2020","MRNA","Moderna
CUSIP: 60770K107","Sell","200","$51.23","$10,245.75"
"4/27/2020","4/27/2020","4/29/2020","INTC","Intel
CUSIP: 458140100","Sell","100","$59.62","$5,962.35"
"4/24/2020","4/24/2020","4/27/2020","INTC","Option Expiration for INTC 4/24/2020 Call $59.50","OEXP","1","",""
"4/24/2020","4/24/2020","4/27/2020","MRNA","Option Expiration for MRNA 4/24/2020 Call $52.00","OEXP","2","",""
"4/20/2020","4/20/2020","4/21/2020","MRNA","MRNA 4/24/2020 Call $52.00","STO","1","$4.40","$439.98"
"4/20/2020","4/20/2020","4/22/2020","MRNA","Moderna
CUSIP: 60770K107","Buy","100","$51.95","($5,194.99)"
"4/20/2020","4/20/2020","4/21/2020","MRNA","MRNA 4/24/2020 Call $52.00","STO","1","$4.24","$423.98"
"4/20/2020","4/20/2020","4/22/2020","MRNA","Moderna
CUSIP: 60770K107","Buy","100","$51.66","($5,166.00)"
"4/20/2020","4/20/2020","4/21/2020","INTC","INTC 4/24/2020 Call $59.50","STO","1","$2.06","$205.98"
"4/20/2020","4/20/2020","4/22/2020","INTC","Intel
CUSIP: 458140100","Buy","100","$59.16","($5,916.00)"
"4/20/2020","4/20/2020","4/20/2020","","ACH Deposit","ACH","","","$1,700.00"
"4/17/2020","4/17/2020","4/20/2020","CCL","Option Expiration for CCL 4/17/2020 Put $11.00","OEXP","1","",""
"4/17/2020","4/17/2020","4/21/2020","DIS","Disney
CUSIP: 254687106","Sell","100","$106.19","$10,618.76"
"4/17/2020","4/17/2020","4/20/2020","DIS","DIS 4/17/2020 Call $107.00","BTC","1","$0.02","($2.00)"
"4/15/2020","4/15/2020","4/15/2020","","Aggregated Margin Interest","MINT","","","($9.44)"
"4/13/2020","4/13/2020","4/14/2020","CCL","CCL 4/17/2020 Put $11.00","STO","1","$0.70","$69.98"
"4/9/2020","4/9/2020","4/13/2020","DIS","DIS 4/17/2020 Call $107.00","STO","1","$2.75","$274.98"
"4/9/2020","4/9/2020","4/13/2020","DIS","DIS 4/17/2020 Call $107.00","STC","1","$2.62","$261.98"
"4/9/2020","4/9/2020","4/13/2020","DIS","DIS 4/17/2020 Call $107.00","BTO","1","$2.76","($276.00)"
"4/9/2020","4/9/2020","4/13/2020","DIS","DIS 4/9/2020 Call $98.00","BTC","1","$8.80","($880.00)"
"4/9/2020","4/9/2020","4/13/2020","PINS","PINS 4/9/2020 Put $16.00","BTC","1","$0.05","($5.00)"
"4/8/2020","4/8/2020","4/9/2020","PINS","PINS 4/9/2020 Put $16.00","STO","1","$0.15","$14.98"
"4/6/2020","4/6/2020","4/7/2020","DIS","DIS 4/9/2020 Call $98.00","STO","1","$1.98","$197.98"
"4/3/2020","4/3/2020","4/6/2020","DIS","Option Expiration for DIS 4/3/2020 Call $98.50","OEXP","1","",""
"3/31/2020","3/31/2020","3/31/2020","","Interest Payment","INT","","","$0.04"
"3/30/2020","3/30/2020","3/31/2020","DIS","DIS 4/3/2020 Call $98.50","STO","1","$3.15","$314.98"
"3/27/2020","3/27/2020","3/30/2020","DIS","Option Expiration for DIS 3/27/2020 Call $106.00","OEXP","1","",""
"3/25/2020","3/25/2020","3/26/2020","DIS","DIS 3/27/2020 Call $106.00","STO","1","$2.35","$234.98"
"3/25/2020","3/25/2020","3/26/2020","DIS","DIS 3/27/2020 Call $88.00","BTC","1","$15.55","($1,555.00)"
"3/23/2020","3/23/2020","3/24/2020","DIS","DIS 3/27/2020 Call $88.00","STO","1","$2.10","$209.98"
"3/23/2020","3/23/2020","3/25/2020","DIS","Disney
CUSIP: 254687106","Buy","100","$82.40","($8,239.99)"
"3/18/2020","3/18/2020","3/19/2020","SPXU","SPXU 3/20/2020 Put $30.00","BTC","1","$1.00","($100.00)"
"3/18/2020","3/18/2020","3/19/2020","INO","INO 3/20/2020 Put $7.00","BTC","1","$0.65","($65.00)"
"3/18/2020","3/18/2020","3/19/2020","INO","INO 3/20/2020 Put $8.00","BTC","2","$1.30","($260.00)"
"3/16/2020","3/16/2020","3/17/2020","SPXU","SPXU 3/20/2020 Put $30.00","STO","1","$2.90","$289.98"
"3/16/2020","3/16/2020","3/18/2020","LB","L Brands
CUSIP: 501797104","Sell","200","$13.04","$2,607.94"
"3/16/2020","3/16/2020","3/18/2020","CAG","Conagra
CUSIP: 205887102","Sell","200","$24.21","$4,841.89"
"3/16/2020","3/16/2020","3/16/2020","","Aggregated Margin Interest","MINT","","","($9.37)"
"3/13/2020","3/13/2020","3/16/2020","CAG","Option Expiration for CAG 3/13/2020 Call $28.00","OEXP","2","",""
"3/13/2020","3/13/2020","3/16/2020","LB","Option Expiration for LB 3/13/2020 Call $21.50","OEXP","2","",""
"3/9/2020","3/9/2020","3/10/2020","INO","INO 3/20/2020 Put $8.00","STO","2","$1.75","$349.98"
"3/9/2020","3/9/2020","3/10/2020","LB","LB 3/13/2020 Call $21.50","STO","2","$0.55","$109.98"
"3/9/2020","3/9/2020","3/10/2020","CAG","CAG 3/13/2020 Call $28.00","STO","2","$0.70","$139.98"
"3/6/2020","3/6/2020","3/9/2020","CAG","Option Expiration for CAG 3/6/2020 Call $29.00","OEXP","2","",""
"3/6/2020","3/6/2020","3/9/2020","SDC","SDC 3/6/2020 Call $8.00","OASGN","3","",""
"3/6/2020","3/6/2020","3/10/2020","SDCCQ","SMILEDIRECTCLUB INC
CUSIP: 83192H106
3 SDCCQ Options Assigned","Sell","300","$8.00","$2,399.90"
"3/6/2020","3/6/2020","3/9/2020","LB","Option Expiration for LB 3/6/2020 Call $23.00","OEXP","2","",""
"3/4/2020","3/4/2020","3/5/2020","INO","INO 3/20/2020 Put $7.00","STO","1","$1.45","$144.98"
"3/3/2020","3/3/2020","3/4/2020","LB","LB 3/6/2020 Call $23.00","STO","2","$0.30","$59.98"
"3/3/2020","3/3/2020","3/4/2020","SDC","SDC 3/6/2020 Call $8.00","STO","3","$0.20","$59.98"
"3/3/2020","3/3/2020","3/4/2020","CAG","CAG 3/6/2020 Call $29.00","STO","1","$0.20","$19.98"
"2/28/2020","2/28/2020","3/2/2020","LB","Option Expiration for LB 2/28/2020 Call $24.00","OEXP","2","",""
"2/28/2020","2/28/2020","3/2/2020","SDC","Option Expiration for SDC 2/28/2020 Call $8.50","OEXP","3","",""
"2/28/2020","2/28/2020","3/2/2020","CAG","Option Expiration for CAG 2/28/2020 Call $29.00","OEXP","1S","",""
"2/26/2020","2/26/2020","2/27/2020","SDC","SDC 2/28/2020 Call $8.50","STO","1","$0.30","$29.98"
"2/26/2020","2/26/2020","2/27/2020","SDC","SDC 2/28/2020 Call $8.50","STO","1","$0.30","$29.98"
"2/26/2020","2/26/2020","2/27/2020","SDC","SDC 2/28/2020 Call $8.50","STO","1","$0.30","$29.98"
"2/26/2020","2/26/2020","2/27/2020","SDC","SDC 2/28/2020 Call $11.50","BTC","3","$0.05","($15.00)"
"2/25/2020","2/25/2020","2/26/2020","LB","LB 2/28/2020 Call $24.00","STO","2","$0.70","$139.98"
"2/25/2020","2/25/2020","2/26/2020","LB","LB 2/28/2020 Call $23.00","BTC","2","$1.25","($250.00)"
"2/25/2020","2/25/2020","2/26/2020","CAG","CAG 3/6/2020 Call $29.00","STO","1","$0.60","$59.98"
"2/25/2020","2/25/2020","2/26/2020","CAG","CAG 2/28/2020 Call $29.00","BTO","1","$0.35","($35.00)"
"2/25/2020","2/25/2020","2/26/2020","CAG","CAG 2/28/2020 Call $29.50","BTC","2","$0.20","($40.00)"
"2/24/2020","2/24/2020","2/25/2020","CAG","CAG 2/28/2020 Call $29.50","STO","2","$0.30","$59.98"
"2/24/2020","2/24/2020","2/25/2020","SDC","SDC 2/28/2020 Call $11.50","STO","2","$1.05","$209.98"
"2/24/2020","2/24/2020","2/25/2020","LB","LB 2/28/2020 Call $23.00","STO","2","$1.00","$199.98"
"2/24/2020","2/24/2020","2/25/2020","SDC","SDC 2/28/2020 Call $11.50","STO","1","$1.05","$104.98"
"2/24/2020","2/24/2020","2/26/2020","CAG","Conagra
CUSIP: 205887102","Buy","100","$29.21","($2,921.00)"
"2/24/2020","2/24/2020","2/26/2020","CAG","Conagra
CUSIP: 205887102","Buy","100","$29.21","($2,921.00)"
"2/24/2020","2/24/2020","2/26/2020","LB","L Brands
CUSIP: 501797104","Buy","200","$22.74","($4,547.50)"
"2/24/2020","2/24/2020","2/26/2020","SDCCQ","SMILEDIRECTCLUB INC
CUSIP: 83192H106","Buy","300","$11.29","($3,388.05)"
"2/21/2020","2/21/2020","2/25/2020","MOS","Mosaic Co.
CUSIP: 61945C103","Sell","100","$19.23","$1,923.09"
"2/21/2020","2/21/2020","2/24/2020","MOS","MOS 2/28/2020 Call $19.00","BTC","1","$0.64","($64.00)"
"2/21/2020","2/21/2020","2/25/2020","SDCCQ","SMILEDIRECTCLUB INC
CUSIP: 83192H106","Sell","100","$12.00","$1,200.39"
"2/21/2020","2/21/2020","2/24/2020","SDC","SDC 2/21/2020 Call $12.50","BTC","1","$0.05","($5.00)"
"2/21/2020","2/21/2020","2/25/2020","SPCE","Virgin Galactic Holdings
CUSIP: 92766K106","Sell","100","$33.33","$3,332.91"
"2/21/2020","2/21/2020","2/24/2020","SPCE","SPCE 2/21/2020 Call $34.00","BTC","1","$0.14","($14.00)"
"2/21/2020","2/21/2020","2/21/2020","","ACH Deposit","ACH","","","$3,710.00"
"2/21/2020","2/21/2020","2/24/2020","MOS","MOS 2/28/2020 Call $19.00","STO","1","$0.43","$42.98"
"2/21/2020","2/21/2020","2/24/2020","MOS","MOS 2/21/2020 Call $18.50","BTC","1","$0.44","($44.00)"
"2/20/2020","2/20/2020","2/21/2020","SDC","SDC 2/21/2020 Call $12.50","STO","1","$0.20","$19.98"
"2/20/2020","2/20/2020","2/21/2020","SDC","SDC 2/21/2020 Call $13.00","BTC","1","$0.15","($15.00)"
"2/19/2020","2/19/2020","2/20/2020","SDC","SDC 2/21/2020 Call $13.00","STO","1","$0.45","$44.98"
"2/19/2020","2/19/2020","2/21/2020","SDCCQ","SMILEDIRECTCLUB INC
CUSIP: 83192H106","Buy","100","$13.04","($1,303.63)"
"2/19/2020","2/19/2020","2/20/2020","SPCE","SPCE 2/21/2020 Call $34.00","STO","1","$2.55","$254.98"
"2/19/2020","2/19/2020","2/21/2020","MOS","Mosaic Co.
CUSIP: 61945C103","Sell","8","$18.43","$147.46"
"2/19/2020","2/19/2020","2/21/2020","SPCE","Virgin Galactic Holdings
CUSIP: 92766K106","Buy","100","$33.56","($3,355.90)"
"2/19/2020","2/19/2020","2/20/2020","SPCE","SPCE 2/28/2020 Put $26.00","BTC","1","$1.95","($195.00)"
"2/18/2020","2/18/2020","2/19/2020","MOS","MOS 2/21/2020 Call $18.50","STO","1","$0.47","$46.98"
"2/18/2020","2/18/2020","2/20/2020","MOS","Mosaic Co.
CUSIP: 61945C103","Buy","108","$18.28","($1,974.07)"
"2/18/2020","2/18/2020","2/19/2020","SPCE","SPCE 2/28/2020 Put $26.00","STO","1","$2.15","$214.98"
"2/18/2020","2/18/2020","2/20/2020","NIO","NIO
CUSIP: 62914V106","Sell","200","$3.90","$779.96"
"2/14/2020","2/14/2020","2/18/2020","NIO","Option Expiration for NIO 2/14/2020 Call $4.00","OEXP","2","",""
"2/13/2020","2/13/2020","2/14/2020","SDC","SDC 3/6/2020 Put $14.00","BTC","1","$1.15","($115.00)"
"2/13/2020","2/13/2020","2/14/2020","SDC","SDC 2/21/2020 Put $14.00","BTC","1","$0.27","($27.00)"
"2/10/2020","2/10/2020","2/11/2020","SDC","SDC 2/21/2020 Put $14.00","STO","1","$0.70","$69.98"
"2/10/2020","2/10/2020","2/11/2020","NIO","NIO 2/14/2020 Call $4.00","STO","2","$0.11","$21.98"
"2/10/2020","2/10/2020","2/11/2020","SDC","SDC 3/6/2020 Put $14.00","STO","1","$1.50","$149.98"
"2/7/2020","2/7/2020","2/10/2020","NIO","Option Expiration for NIO 2/7/2020 Call $4.00","OEXP","2","",""
"2/7/2020","2/7/2020","2/10/2020","PINS","PINS 2/14/2020 Put $22.00","BTC","1","$0.10","($10.00)"
"2/4/2020","2/4/2020","2/5/2020","PINS","PINS 2/14/2020 Put $22.00","STO","1","$1.10","$109.98"
"2/4/2020","2/4/2020","2/6/2020","PBYI","Puma Biotechnology
CUSIP: 74587V107","Sell","100","$8.13","$813.04"
"2/4/2020","2/4/2020","2/6/2020","SDCCQ","SMILEDIRECTCLUB INC
CUSIP: 83192H106","Sell","100","$13.83","$1,383.21"
"2/3/2020","2/3/2020","2/3/2020","","ACH Deposit","ACH","","","$25.00"
"1/31/2020","1/31/2020","2/3/2020","SDC","Option Expiration for SDC 1/31/2020 Call $13.50","OEXP","1","",""
"1/31/2020","1/31/2020","2/3/2020","NIO","NIO 2/7/2020 Call $4.00","STO","2","$0.20","$39.98"
"1/31/2020","1/31/2020","2/3/2020","NIO","NIO 2/7/2020 Call $4.50","BTC","1","$0.08","($8.00)"
"1/31/2020","1/31/2020","2/3/2020","NIO","NIO 2/14/2020 Call $4.50","BTC","1","$0.17","($17.00)"
"1/29/2020","1/29/2020","1/30/2020","PBYI","PBYI 2/7/2020 Call $8.50","BTC","1","$0.50","($50.00)"
"1/29/2020","1/29/2020","1/30/2020","NIO","NIO 2/7/2020 Call $4.50","STO","1","$0.21","$20.98"
"1/28/2020","1/28/2020","1/29/2020","NIO","NIO 2/14/2020 Call $4.50","STO","1","$0.36","$35.98"
"1/28/2020","1/28/2020","1/30/2020","NIO","NIO
CUSIP: 62914V106","Buy","200","$4.20","($840.00)"
"1/27/2020","1/27/2020","1/28/2020","PBYI","PBYI 2/7/2020 Call $8.50","STO","1","$0.45","$44.98"
"1/24/2020","1/24/2020","1/27/2020","PBYI","PBYI 1/24/2020 Put $10.00","OASGN","1","",""
"1/24/2020","1/24/2020","1/28/2020","PBYI","Puma Biotechnology
CUSIP: 74587V107
1 PBYI Option Assigned","Buy","100","$10.00","($1,000.00)"
"1/24/2020","1/24/2020","1/27/2020","SDC","SDC 1/31/2020 Call $13.50","STO","1","$0.55","$54.98"
"1/24/2020","1/24/2020","1/27/2020","SDC","SDC 1/31/2020 Call $14.00","BTC","1","$0.40","($40.00)"
"1/24/2020","1/24/2020","1/27/2020","SDC","SDC 1/31/2020 Call $14.00","STO","1","$0.55","$54.98"
"1/24/2020","1/24/2020","1/27/2020","SDC","SDC 1/31/2020 Call $14.50","BTC","1","$0.40","($40.00)"
"1/23/2020","1/23/2020","1/24/2020","SDC","SDC 1/31/2020 Call $14.50","STO","1","$0.50","$49.98"
"1/23/2020","1/23/2020","1/24/2020","SDC","SDC 1/31/2020 Call $15.00","BTC","1","$0.40","($40.00)"
"1/23/2020","1/23/2020","1/24/2020","SDC","SDC 1/31/2020 Call $15.00","STO","1","$0.55","$54.98"
"1/23/2020","1/23/2020","1/27/2020","SDCCQ","SMILEDIRECTCLUB INC
CUSIP: 83192H106","Buy","100","$14.15","($1,415.00)"
"1/23/2020","1/23/2020","1/24/2020","SRNE","SRNE 2/21/2020 Put $4.00","BTC","1","$0.55","($55.00)"
"1/23/2020","1/23/2020","1/24/2020","SRNE","SRNE 2/21/2020 Put $4.00","BTC","1","$0.55","($55.00)"
"1/23/2020","1/23/2020","1/24/2020","NIO","NIO 1/24/2020 Put $5.00","BTC","1","$0.56","($56.00)"
"1/22/2020","1/22/2020","1/23/2020","SRNE","SRNE 2/21/2020 Put $4.00","STO","2","$0.50","$99.98"
"1/22/2020","1/22/2020","1/22/2020","","ACH Deposit","ACH","","","$2,000.00"
"1/21/2020","1/21/2020","1/22/2020","NIO","NIO 1/24/2020 Put $5.00","STO","1","$0.21","$20.98"
"1/21/2020","1/21/2020","1/23/2020","HEXO","Hexo
CUSIP: 428304109","Sell","300","$1.56","$468.35"
"1/21/2020","1/21/2020","1/22/2020","PBYI","PBYI 1/24/2020 Put $10.00","STO","1","$0.30","$29.98"
"1/21/2020","1/21/2020","1/23/2020","FCEL","FuelCell Energy
CUSIP: 35952H601","Sell","200","$2.66","$531.98"
"1/17/2020","1/17/2020","1/21/2020","HEXO","Option Expiration for HEXO 1/17/2020 Put $1.50","OEXP","1","",""
"1/17/2020","1/17/2020","1/21/2020","HEXO","Option Expiration for HEXO 1/17/2020 Call $2.00","OEXP","1","",""
"1/17/2020","1/17/2020","1/21/2020","FCEL","FCEL 1/17/2020 Put $2.50","OASGN","2","",""
"1/17/2020","1/17/2020","1/22/2020","FCEL","FuelCell Energy
CUSIP: 35952H601
2 FCEL Options Assigned","Buy","200","$2.50","($500.00)"
"1/17/2020","1/17/2020","1/21/2020","NIO","NIO 1/17/2020 Call $3.50","OASGN","1","",""
"1/17/2020","1/17/2020","1/22/2020","NIO","NIO
CUSIP: 62914V106
1 NIO Option Assigned","Sell","100","$3.50","$349.99"
"1/17/2020","1/17/2020","1/21/2020","HEXO","HEXO 1/17/2020 Put $2.00","OASGN","2","",""
"1/17/2020","1/17/2020","1/22/2020","HEXO","Hexo
CUSIP: 428304109
2 HEXO Options Assigned","Buy","200","$2.00","($400.00)"
"1/8/2020","1/8/2020","1/9/2020","NIO","NIO 1/17/2020 Call $3.50","STO","1","$0.23","$22.98"
"1/8/2020","1/8/2020","1/9/2020","NIO","NIO 1/24/2020 Call $3.00","BTC","1","$0.54","($54.00)"
"1/7/2020","1/7/2020","1/8/2020","NIO","NIO 1/24/2020 Call $3.00","STO","1","$0.47","$46.98"
"1/7/2020","1/7/2020","1/8/2020","NIO","NIO 1/17/2020 Call $4.00","BTC","1","$0.09","($9.00)"
"1/6/2020","1/6/2020","1/7/2020","HEXO","HEXO 1/17/2020 Put $1.50","STO","1","$0.15","$14.98"
"1/6/2020","1/6/2020","1/7/2020","FCEL","FCEL 1/17/2020 Put $2.50","STO","1","$0.66","$65.98"
"1/6/2020","1/6/2020","1/7/2020","FCEL","FCEL 1/17/2020 Put $2.50","STO","1","$0.66","$65.98"
"1/6/2020","1/6/2020","1/7/2020","NIO","NIO 1/17/2020 Call $4.00","STO","1","$0.28","$27.98"
"1/6/2020","1/6/2020","1/6/2020","","ACH Deposit","ACH","","","$300.00"
"1/3/2020","1/3/2020","1/6/2020","NIO","NIO 1/3/2020 Put $4.00","OASGN","1","",""
"1/3/2020","1/3/2020","1/7/2020","NIO","NIO
CUSIP: 62914V106
1 NIO Option Assigned","Buy","100","$4.00","($400.00)"
"1/2/2020","1/2/2020","1/2/2020","","ACH Deposit","ACH","","","$25.00"
"12/31/2019","12/31/2019","1/2/2020","NIO","NIO 1/3/2020 Put $4.00","STO","1","$0.20","$19.98"
"12/31/2019","12/31/2019","1/2/2020","NIO","NIO 1/3/2020 Put $3.50","BTC","1","$0.06","($6.00)"
"12/31/2019","12/31/2019","12/31/2019","","ACH Deposit","ACH","","","$150.00"
"12/30/2019","12/30/2019","12/31/2019","HEXO","HEXO 1/17/2020 Put $2.00","STO","1","$0.51","$50.98"
"12/30/2019","12/30/2019","12/31/2019","NIO","NIO 1/3/2020 Put $3.50","STO","1","$0.20","$19.98"
"12/30/2019","12/30/2019","12/31/2019","NIO","NIO 1/3/2020 Put $2.50","BTC","2","$0.02","($4.00)"
"12/23/2019","12/23/2019","12/24/2019","NIO","NIO 1/3/2020 Put $2.50","STO","2","$0.16","$31.98"
"12/23/2019","12/23/2019","12/24/2019","HEXO","HEXO 1/17/2020 Put $2.00","STO","1","$0.26","$25.98"
"12/23/2019","12/23/2019","12/24/2019","HEXO","HEXO 1/17/2020 Call $2.00","STO","1","$0.10","$9.98"
"12/20/2019","12/20/2019","12/23/2019","HEXO","Option Expiration for HEXO 12/20/2019 Put $2.00","OEXP","1","",""
"12/20/2019","12/20/2019","12/23/2019","HEXO","HEXO 12/20/2019 Put $2.50","OASGN","1","",""
"12/20/2019","12/20/2019","12/24/2019","HEXO","Hexo
CUSIP: 428304109
1 HEXO Option Assigned","Buy","100","$2.50","($250.00)"
"12/16/2019","12/16/2019","12/18/2019","CHK","Chesapeake Energy
CUSIP: 165167107","Sell","495","$0.80","$393.76"
"12/10/2019","12/10/2019","12/11/2019","HEXO","HEXO 12/20/2019 Put $2.00","STO","1","$0.15","$14.98"
"12/6/2019","12/6/2019","12/9/2019","NIO","Option Expiration for NIO 12/6/2019 Put $2.00","OEXP","1","",""
"12/2/2019","12/2/2019","12/2/2019","","ACH Deposit","ACH","","","$25.00"
"11/27/2019","11/27/2019","11/29/2019","NIO","NIO 12/6/2019 Put $2.00","STO","1","$0.06","$5.98"
"11/26/2019","11/26/2019","11/27/2019","NIO","NIO 12/6/2019 Put $2.00","STC","1","$0.10","$9.98"
"11/25/2019","11/25/2019","11/26/2019","NIO","NIO 12/6/2019 Put $2.00","BTO","1","$0.15","($15.00)"
"11/25/2019","11/25/2019","11/26/2019","NIO","NIO 11/29/2019 Put $2.00","BTC","1","$0.06","($6.00)"
"11/21/2019","11/21/2019","11/22/2019","NIO","NIO 11/29/2019 Put $2.00","STO","1","$0.15","$14.98"
"11/21/2019","11/21/2019","11/22/2019","HEXO","HEXO 12/20/2019 Put $2.50","STO","1","$0.45","$44.98"
"11/15/2019","11/15/2019","11/18/2019","CHK","Option Expiration for CHK 11/15/2019 Call $1.00","OEXP","3","",""
"11/15/2019","11/15/2019","11/18/2019","FIT","FIT 11/15/2019 Call $4.00","OASGN","1","",""
"11/15/2019","11/15/2019","11/19/2019","FIT","Fitbit
CUSIP: 33812L102
1 FIT Option Assigned","Sell","100","$4.00","$399.98"
"11/15/2019","11/15/2019","11/18/2019","CHK","CHK 11/15/2019 Put $1.50","OASGN","1","",""
"11/15/2019","11/15/2019","11/19/2019","CHK","Chesapeake Energy
CUSIP: 165167107
1 CHK Option Assigned","Buy","100","$1.50","($150.00)"
"11/7/2019","11/7/2019","11/8/2019","CHK","CHK 11/15/2019 Call $1.00","STO","3","$0.05","$14.98"
"11/7/2019","11/7/2019","11/12/2019","CHK","Chesapeake Energy
CUSIP: 165167107","Buy","204","$0.91","($185.23)"
"11/7/2019","11/7/2019","11/12/2019","CHK","Chesapeake Energy
CUSIP: 165167107","Buy","91","$0.91","($82.63)"
"11/6/2019","11/6/2019","11/7/2019","CHK","CHK 11/15/2019 Put $1.50","OASGN","1","",""
"11/6/2019","11/6/2019","11/8/2019","CHK","Chesapeake Energy
CUSIP: 165167107
1 CHK Option Assigned","Buy","100","$1.50","($150.00)"
"11/6/2019","11/6/2019","11/6/2019","NIO","ADR Fee: R/D 2019-10-18 P/D 2019-11-05 - 200.000 shares at 0.02","AFEE","","","($4.00)"
"11/5/2019","11/5/2019","11/6/2019","CHK","CHK 11/15/2019 Put $1.50","STO","1","$0.18","$17.98"
"11/1/2019","11/1/2019","11/4/2019","NIO","NIO 11/1/2019 Call $1.50","OASGN","2","",""
"11/1/2019","11/1/2019","11/5/2019","NIO","NIO
CUSIP: 62914V106
2 NIO Options Assigned","Sell","200","$1.50","$299.97"
"11/1/2019","11/1/2019","11/1/2019","","ACH Deposit","ACH","","","$25.00"
"10/30/2019","10/30/2019","10/31/2019","CHK","CHK 11/15/2019 Put $1.50","STO","1","$0.18","$17.98"
"10/29/2019","10/29/2019","10/30/2019","NIO","NIO 11/1/2019 Call $1.50","STO","2","$0.03","$5.98"
"10/25/2019","10/25/2019","10/28/2019","CHK","CHK 10/25/2019 Call $1.50","OASGN","1","",""
"10/25/2019","10/25/2019","10/29/2019","CHK","Chesapeake Energy
CUSIP: 165167107
1 CHK Option Assigned","Sell","100","$1.50","$149.98"
"10/18/2019","10/18/2019","10/21/2019","NIO","Option Expiration for NIO 10/18/2019 Call $2.00","OEXP","2","",""
"10/8/2019","10/8/2019","10/9/2019","NIO","NIO 10/18/2019 Call $2.00","STO","2","$0.07","$13.98"
"10/4/2019","10/4/2019","10/7/2019","NIO","NIO 10/4/2019 Put $3.50","OASGN","2","",""
"10/4/2019","10/4/2019","10/8/2019","NIO","NIO
CUSIP: 62914V106
2 NIO Options Assigned","Buy","200","$3.50","($700.00)"
"10/1/2019","10/1/2019","10/2/2019","CHK","CHK 10/25/2019 Call $1.50","STO","1","$0.11","$10.98"
"10/1/2019","10/1/2019","10/1/2019","","ACH Deposit","ACH","","","$25.00"
"9/27/2019","9/27/2019","9/30/2019","CHK","CHK 9/27/2019 Put $1.50","OASGN","1","",""
"9/27/2019","9/27/2019","10/1/2019","CHK","Chesapeake Energy
CUSIP: 165167107
1 CHK Option Assigned","Buy","100","$1.50","($150.00)"
"9/23/2019","9/23/2019","9/24/2019","CHK","CHK 9/27/2019 Put $1.50","STO","1","$0.04","$3.98"
"9/23/2019","9/23/2019","9/24/2019","NIO","NIO 10/4/2019 Put $3.50","STO","2","$0.69","$137.98"
"9/20/2019","9/20/2019","9/23/2019","GLUU","Option Expiration for GLUU 9/20/2019 Put $4.00","OEXP","1","",""
"9/20/2019","9/20/2019","9/23/2019","GGB","Option Expiration for GGB 9/20/2019 Put $3.00","OEXP","1","",""
"9/6/2019","9/6/2019","9/9/2019","GGB","GGB 9/20/2019 Put $3.00","STO","1","$0.10","$9.98"
"9/3/2019","9/3/2019","9/3/2019","","ACH Deposit","ACH","","","$25.00"
"8/26/2019","8/26/2019","8/27/2019","GLUU","GLUU 9/20/2019 Put $4.00","STO","1","$0.18","$17.98"
"8/26/2019","8/26/2019","8/26/2019","","ACH Deposit","ACH","","","$450.00"
"8/16/2019","8/16/2019","8/19/2019","KODK","Option Expiration for KODK 8/16/2019 Put $2.00","OEXP","1","",""
"8/9/2019","8/9/2019","8/12/2019","KODK","KODK 8/16/2019 Put $2.00","STO","1","$0.05","$4.98"
"8/9/2019","8/9/2019","8/12/2019","FIT","FIT 11/15/2019 Call $5.00","STC","1","$0.11","$10.98"
"8/8/2019","8/8/2019","8/12/2019","ALIM","Alimera Sciences
CUSIP: 016259103","Sell","200","$0.54","$107.81"
"8/7/2019","8/7/2019","8/9/2019","ALIM","Alimera Sciences
CUSIP: 016259103","Buy","200","$0.54","($107.82)"
"8/7/2019","8/7/2019","8/8/2019","FIT","FIT 11/15/2019 Call $5.00","BTO","1","$0.10","($10.00)"
"8/7/2019","8/7/2019","8/8/2019","FIT","FIT 11/15/2019 Call $4.00","STO","1","$0.20","$19.98"
"8/7/2019","8/7/2019","8/9/2019","FIT","Fitbit
CUSIP: 33812L102","Buy","100","$3.16","($315.79)"
"8/7/2019","8/7/2019","8/9/2019","HEXO","Hexo
CUSIP: 428304109","Sell","10","$4.29","$42.88"
"8/7/2019","8/7/2019","8/9/2019","DVY","iShares Dow Jones Select Dividend ETF
CUSIP: 464287168","Sell","4","$95.98","$383.90"
"8/1/2019","8/1/2019","8/1/2019","","ACH Deposit","ACH","","","$25.00"
"7/1/2019","7/1/2019","7/1/2019","","ACH Deposit","ACH","","","$25.00"
"6/21/2019","6/21/2019","6/21/2019","DVY","Cash Div: R/D 2019-06-18 P/D 2019-06-21 - 4 shares at 0.882296","CDIV","","","$3.53"
"5/17/2019","5/17/2019","5/21/2019","DVY","iShares Dow Jones Select Dividend ETF
CUSIP: 464287168","Buy","4","$98.23","($392.92)"
"5/17/2019","5/17/2019","5/17/2019","","ACH Deposit","ACH","","","$400.00"
"5/16/2019","5/16/2019","5/20/2019","HEXO","Hexo
CUSIP: 428304109","Buy","10","$7.33","($73.30)"
"5/16/2019","5/16/2019","5/16/2019","","ACH Deposit","ACH","","","$100.00"
"12/4/2018","12/4/2018","12/4/2018","","ACH Withdrawal","ACH","","","($570.53)"
"11/30/2018","12/4/2018","11/30/2018","","CDIV SIRI P: 11/30/18 R: 11/09/18","T/A","","","$0.01"
"11/29/2018","11/29/2018","12/3/2018","CHK","Chesapeake Energy
CUSIP: 165167107","Sell","1","$3.07","$3.05"
"11/29/2018","11/29/2018","12/3/2018","SIRI","Sirius XM
CUSIP: 82968B103","Sell","1","$6.28","$6.26"
"11/29/2018","11/29/2018","12/3/2018","SDEM","Global X MSCI SuperDividend Emerging Markets ETF
CUSIP: 37950E119","Sell","16","$13.41","$214.55"
"11/29/2018","11/29/2018","12/3/2018","MGIC","Magic Software Enterprises
CUSIP: 559166103","Sell","30","$8.24","$247.32"
"11/29/2018","11/29/2018","12/3/2018","RGLS","Regulus Therapeutics
CUSIP: 75915K200","Sell","41","$1.68","$69.07"
"11/13/2018","11/20/2018","11/13/2018","","CDIV SDEM R/D 11/6/2018 P/D 11/13/2018","T/A","","","$1.15"
"11/12/2018","11/12/2018","11/12/2018","MGIC","Magic Software Enterprises
CUSIP: 559166103","CONV","30","",""
"11/12/2018","11/12/2018","11/12/2018","CHK","Chesapeake Energy
CUSIP: 165167107","CONV","1","",""
"11/12/2018","11/12/2018","11/12/2018","SIRI","Sirius XM
CUSIP: 82968B103","CONV","1","",""
"11/12/2018","11/12/2018","11/12/2018","RGLS","Regulus Therapeutics
CUSIP: 75915K200","CONV","41","",""
"11/12/2018","11/12/2018","11/12/2018","SDEM","Global X MSCI SuperDividend Emerging Markets ETF
CUSIP: 37950E119","CONV","16","",""
"11/12/2018","11/12/2018","11/12/2018","","Apex to RHS Conversion","CONV","","","$29.13"
""
"","","","","","","","","","The data provided is for informational purposes only. Please consult a professional tax service or personal tax advisor if you need instructions on how to calculate cost basis or questions regarding your specific tax situation. Reminder: This data does not include Robinhood Crypto or Robinhood Spending activity."
